  SYSHDR  arch/x86/include/generated/uapi/asm/unistd_32.h
  SYSHDR  arch/x86/include/generated/uapi/asm/unistd_64.h
  SYSHDR  arch/x86/include/generated/uapi/asm/unistd_x32.h
  SYSTBL  arch/x86/include/generated/asm/syscalls_32.h
  SYSHDR  arch/x86/include/generated/asm/unistd_32_ia32.h
  SYSHDR  arch/x86/include/generated/asm/unistd_64_x32.h
  SYSTBL  arch/x86/include/generated/asm/syscalls_64.h
  HYPERCALLS arch/x86/include/generated/asm/xen-hypercalls.h
  HOSTCC  scripts/basic/fixdep
  DESCEND objtool
  DESCEND bpf/resolve_btfids
  MKDIR     /home/pvanraam/linux_custom/tools/bpf/resolve_btfids/libbpf/
  MKDIR     /home/pvanraam/linux_custom/tools/bpf/resolve_btfids//libsubcmd
  HOSTCC  /home/pvanraam/linux_custom/tools/bpf/resolve_btfids/fixdep.o
  HOSTCC  /home/pvanraam/linux_custom/tools/objtool/fixdep.o
  HOSTCC  arch/x86/tools/relocs_32.o
  HOSTCC  arch/x86/tools/relocs_64.o
  HOSTCC  arch/x86/tools/relocs_common.o
  GEN     /home/pvanraam/linux_custom/tools/bpf/resolve_btfids/libbpf/bpf_helper_defs.h
  INSTALL /home/pvanraam/linux_custom/tools/bpf/resolve_btfids/libbpf//include/bpf/bpf.h
  INSTALL /home/pvanraam/linux_custom/tools/bpf/resolve_btfids/libbpf//include/bpf/libbpf.h
  INSTALL /home/pvanraam/linux_custom/tools/bpf/resolve_btfids/libbpf//include/bpf/btf.h
  INSTALL /home/pvanraam/linux_custom/tools/bpf/resolve_btfids/libbpf//include/bpf/libbpf_common.h
  INSTALL /home/pvanraam/linux_custom/tools/bpf/resolve_btfids/libbpf//include/bpf/libbpf_legacy.h
  INSTALL /home/pvanraam/linux_custom/tools/bpf/resolve_btfids/libbpf//include/bpf/bpf_helpers.h
  INSTALL /home/pvanraam/linux_custom/tools/bpf/resolve_btfids/libbpf//include/bpf/bpf_tracing.h
  INSTALL /home/pvanraam/linux_custom/tools/bpf/resolve_btfids/libbpf//include/bpf/bpf_endian.h
  INSTALL /home/pvanraam/linux_custom/tools/bpf/resolve_btfids/libbpf//include/bpf/bpf_core_read.h
  INSTALL /home/pvanraam/linux_custom/tools/bpf/resolve_btfids/libbpf//include/bpf/skel_internal.h
  INSTALL /home/pvanraam/linux_custom/tools/bpf/resolve_btfids/libbpf//include/bpf/libbpf_version.h
  INSTALL /home/pvanraam/linux_custom/tools/bpf/resolve_btfids/libbpf//include/bpf/usdt.bpf.h
  HOSTCC  scripts/kallsyms
  HOSTCC  scripts/sorttable
  HOSTCC  scripts/asn1_compiler
  HOSTLD  /home/pvanraam/linux_custom/tools/bpf/resolve_btfids/fixdep-in.o
  HOSTLD  /home/pvanraam/linux_custom/tools/objtool/fixdep-in.o
  LINK    /home/pvanraam/linux_custom/tools/bpf/resolve_btfids/fixdep
  HOSTCC  scripts/genksyms/genksyms.o
  LINK    /home/pvanraam/linux_custom/tools/objtool/fixdep
  YACC    scripts/genksyms/parse.tab.[ch]
  LEX     scripts/genksyms/lex.lex.c
  HOSTCC  scripts/sign-file
  HOSTCC  scripts/insert-sys-cert
  HOSTCC  scripts/selinux/mdp/mdp
  HOSTCC  scripts/selinux/genheaders/genheaders
  INSTALL libsubcmd_headers
  CC      /home/pvanraam/linux_custom/tools/objtool/libsubcmd/exec-cmd.o
  CC      /home/pvanraam/linux_custom/tools/bpf/resolve_btfids/libsubcmd/exec-cmd.o
  CC      /home/pvanraam/linux_custom/tools/objtool/libsubcmd/help.o
  INSTALL /home/pvanraam/linux_custom/tools/bpf/resolve_btfids/libsubcmd//include/subcmd/exec-cmd.h
  CC      /home/pvanraam/linux_custom/tools/objtool/libsubcmd/pager.o
  INSTALL /home/pvanraam/linux_custom/tools/bpf/resolve_btfids/libsubcmd//include/subcmd/help.h
  CC      /home/pvanraam/linux_custom/tools/bpf/resolve_btfids/libsubcmd/help.o
  INSTALL /home/pvanraam/linux_custom/tools/bpf/resolve_btfids/libsubcmd//include/subcmd/pager.h
  CC      /home/pvanraam/linux_custom/tools/objtool/libsubcmd/parse-options.o
  CC      /home/pvanraam/linux_custom/tools/bpf/resolve_btfids/libsubcmd/pager.o
  CC      /home/pvanraam/linux_custom/tools/bpf/resolve_btfids/libsubcmd/parse-options.o
  CC      /home/pvanraam/linux_custom/tools/objtool/libsubcmd/run-command.o
  INSTALL /home/pvanraam/linux_custom/tools/bpf/resolve_btfids/libsubcmd//include/subcmd/parse-options.h
  INSTALL /home/pvanraam/linux_custom/tools/bpf/resolve_btfids/libbpf//include/bpf/bpf_helper_defs.h
  CC      /home/pvanraam/linux_custom/tools/bpf/resolve_btfids/libsubcmd/run-command.o
  CC      /home/pvanraam/linux_custom/tools/objtool/libsubcmd/sigchain.o
  INSTALL /home/pvanraam/linux_custom/tools/bpf/resolve_btfids/libsubcmd//include/subcmd/run-command.h
  CC      /home/pvanraam/linux_custom/tools/bpf/resolve_btfids/libsubcmd/sigchain.o
  MKDIR   /home/pvanraam/linux_custom/tools/bpf/resolve_btfids/libbpf/staticobjs/
  CC      /home/pvanraam/linux_custom/tools/bpf/resolve_btfids/libsubcmd/subcmd-config.o
  MKDIR   /home/pvanraam/linux_custom/tools/bpf/resolve_btfids/libbpf/staticobjs/
  INSTALL libbpf_headers
  CC      /home/pvanraam/linux_custom/tools/bpf/resolve_btfids/libbpf/staticobjs/nlattr.o
  INSTALL libsubcmd_headers
  CC      /home/pvanraam/linux_custom/tools/objtool/libsubcmd/subcmd-config.o
  CC      /home/pvanraam/linux_custom/tools/bpf/resolve_btfids/libbpf/staticobjs/libbpf.o
  CC      /home/pvanraam/linux_custom/tools/bpf/resolve_btfids/libbpf/staticobjs/bpf.o
  CC      /home/pvanraam/linux_custom/tools/bpf/resolve_btfids/libbpf/staticobjs/btf.o
  CC      /home/pvanraam/linux_custom/tools/bpf/resolve_btfids/libbpf/staticobjs/libbpf_errno.o
  CC      /home/pvanraam/linux_custom/tools/bpf/resolve_btfids/libbpf/staticobjs/str_error.o
  CC      /home/pvanraam/linux_custom/tools/bpf/resolve_btfids/libbpf/staticobjs/netlink.o
  CC      /home/pvanraam/linux_custom/tools/bpf/resolve_btfids/libbpf/staticobjs/bpf_prog_linfo.o
  CC      /home/pvanraam/linux_custom/tools/bpf/resolve_btfids/libbpf/staticobjs/libbpf_probes.o
  CC      /home/pvanraam/linux_custom/tools/bpf/resolve_btfids/libbpf/staticobjs/hashmap.o
  CC      /home/pvanraam/linux_custom/tools/bpf/resolve_btfids/libbpf/staticobjs/btf_dump.o
  CC      /home/pvanraam/linux_custom/tools/bpf/resolve_btfids/libbpf/staticobjs/ringbuf.o
  CC      /home/pvanraam/linux_custom/tools/bpf/resolve_btfids/libbpf/staticobjs/strset.o
  CC      /home/pvanraam/linux_custom/tools/bpf/resolve_btfids/libbpf/staticobjs/linker.o
  CC      /home/pvanraam/linux_custom/tools/bpf/resolve_btfids/libbpf/staticobjs/gen_loader.o
  HOSTCC  scripts/genksyms/parse.tab.o
  CC      /home/pvanraam/linux_custom/tools/bpf/resolve_btfids/libbpf/staticobjs/relo_core.o
  HOSTCC  scripts/genksyms/lex.lex.o
  CC      /home/pvanraam/linux_custom/tools/bpf/resolve_btfids/libbpf/staticobjs/usdt.o
  CC      /home/pvanraam/linux_custom/tools/bpf/resolve_btfids/libbpf/staticobjs/zip.o
  CC      /home/pvanraam/linux_custom/tools/bpf/resolve_btfids/libbpf/staticobjs/elf.o
  HOSTLD  arch/x86/tools/relocs
  LD      /home/pvanraam/linux_custom/tools/objtool/libsubcmd/libsubcmd-in.o
  AR      /home/pvanraam/linux_custom/tools/objtool/libsubcmd/libsubcmd.a
  CC      /home/pvanraam/linux_custom/tools/objtool/weak.o
  CC      /home/pvanraam/linux_custom/tools/objtool/check.o
  CC      /home/pvanraam/linux_custom/tools/objtool/special.o
  CC      /home/pvanraam/linux_custom/tools/objtool/builtin-check.o
  CC      /home/pvanraam/linux_custom/tools/objtool/elf.o
  CC      /home/pvanraam/linux_custom/tools/objtool/objtool.o
  CC      /home/pvanraam/linux_custom/tools/objtool/orc_gen.o
  CC      /home/pvanraam/linux_custom/tools/objtool/arch/x86/special.o
  CC      /home/pvanraam/linux_custom/tools/objtool/orc_dump.o
  CC      /home/pvanraam/linux_custom/tools/objtool/arch/x86/decode.o
  CC      /home/pvanraam/linux_custom/tools/objtool/libstring.o
  CC      /home/pvanraam/linux_custom/tools/objtool/libctype.o
  CC      /home/pvanraam/linux_custom/tools/objtool/str_error_r.o
  CC      /home/pvanraam/linux_custom/tools/objtool/librbtree.o
  LD      /home/pvanraam/linux_custom/tools/bpf/resolve_btfids/libsubcmd/libsubcmd-in.o
  AR      /home/pvanraam/linux_custom/tools/bpf/resolve_btfids/libsubcmd/libsubcmd.a
  HOSTLD  scripts/genksyms/genksyms
  HOSTCC  scripts/mod/mk_elfconfig
  CC      scripts/mod/empty.o
  CC      scripts/mod/devicetable-offsets.s
  MKELF   scripts/mod/elfconfig.h
  HOSTCC  scripts/mod/modpost.o
  HOSTCC  scripts/mod/file2alias.o
  HOSTCC  scripts/mod/sumversion.o
  LD      /home/pvanraam/linux_custom/tools/objtool/arch/x86/objtool-in.o
  HOSTLD  scripts/mod/modpost
  CC      kernel/bounds.s
  CHKSHA1 include/linux/atomic/atomic-instrumented.h
  CHKSHA1 include/linux/atomic/atomic-arch-fallback.h
  CHKSHA1 include/linux/atomic/atomic-long.h
  CC      arch/x86/kernel/asm-offsets.s
  CALL    scripts/checksyscalls.sh
  GEN     scripts/gdb/linux/constants.py
  LD      /home/pvanraam/linux_custom/tools/objtool/objtool-in.o
  LINK    /home/pvanraam/linux_custom/tools/objtool/objtool
  LD      /home/pvanraam/linux_custom/tools/bpf/resolve_btfids/libbpf/staticobjs/libbpf-in.o
  LINK    /home/pvanraam/linux_custom/tools/bpf/resolve_btfids/libbpf/libbpf.a
  HOSTCC  /home/pvanraam/linux_custom/tools/bpf/resolve_btfids/main.o
  HOSTCC  /home/pvanraam/linux_custom/tools/bpf/resolve_btfids/rbtree.o
  HOSTCC  /home/pvanraam/linux_custom/tools/bpf/resolve_btfids/zalloc.o
  HOSTCC  /home/pvanraam/linux_custom/tools/bpf/resolve_btfids/str_error_r.o
  HOSTCC  /home/pvanraam/linux_custom/tools/bpf/resolve_btfids/string.o
  HOSTCC  /home/pvanraam/linux_custom/tools/bpf/resolve_btfids/ctype.o
  HOSTLD  /home/pvanraam/linux_custom/tools/bpf/resolve_btfids/resolve_btfids-in.o
  LINK     resolve_btfids
  LDS     scripts/module.lds
  HOSTCC  usr/gen_init_cpio
  GENKEY  certs/signing_key.pem
  CC      io_uring/io_uring.o
  CC      certs/system_keyring.o
  CC      io_uring/xattr.o
  CC      ipc/compat.o
  AS      arch/x86/lib/clear_page_64.o
  CC      io_uring/nop.o
  CC      ipc/util.o
  CC      init/main.o
.  CC      arch/x86/lib/cmdline.o
  CC      mm/filemap.o
......+  CC      io_uring/fs.o
.  CC      ipc/msgutil.o
.....+.........+...+.+......+......+............+.................+...+.....................+............+...++++++++++++++++++++++++++++++++++++++++++++++++  UPD     init/utsversion-tmp.h
+++++++++++++++++*........+...+.....+...+....+..+......+....+.........+.....+.........+......+.+.....+....+...........+  CC      arch/x86/power/cpu.o
.++++++++++++++++++++++++++++++++++++++++++++++  CC      arch/x86/video/fbdev.o
+++++++++++++++++++*.  CC      arch/x86/pci/i386.o
...  CC      arch/x86/pci/init.o
....  CC      mm/kfence/core.o
  CC      block/partitions/core.o
..  CC      arch/x86/coco/core.o
.  AR      samples/vfio-mdev/built-in.a
  CC      virt/lib/irqbypass.o
...+  CC      net/core/sock.o
  AR      drivers/cache/built-in.a
......  ASN.1   security/keys/trusted-keys/tpm2key.asn1.[ch]
...  CC      security/keys/trusted-keys/trusted_core.o
  CC      fs/notify/dnotify/dnotify.o
+.  CC [M]  samples/trace_printk/trace-printk.o
.  CC [M]  sound/core/oss/mixer_oss.o
...  CC      lib/math/div64.o
.  AR      drivers/irqchip/built-in.a
.+.  CC [M]  drivers/irqchip/irq-madera.o
....+....  CC      arch/x86/entry/vdso/vma.o
.....+...+.+.  CC      kernel/sched/core.o
.....+........+  CC      crypto/asymmetric_keys/asymmetric_type.o
.+............+...............+..+.....................+.........+.......  CC [M]  sound/core/seq/seq.o
...+  CC      lib/math/gcd.o
......+.....+....+...+.....+.........................+.  GEN     usr/initramfs_data.cpio
..+......+...............+......  COPY    usr/initramfs_inc_data
.....+  AS      usr/initramfs_data.o
  CC      lib/math/lcm.o
...+.+...+  AR      arch/x86/coco/built-in.a
..........  CC [M]  sound/core/seq/seq_lock.o
...........+  AS      arch/x86/lib/cmpxchg16b_emu.o
...........+.+.....  AR      usr/built-in.a
+.......+.  CC      arch/x86/lib/copy_mc.o
..............  CC      lib/math/int_log.o
+......+......+......+..  CC      fs/notify/inotify/inotify_fsnotify.o
......+..........+.................  CC [M]  samples/ftrace/ftrace-direct.o
....+...+...+..............+.+..+.........................+...  CC      lib/math/int_pow.o
  CC      arch/x86/power/hibernate_64.o
.........+.  CC      mm/mempool.o
.  CC      fs/crypto/crypto.o
.+...+.  CC      fs/verity/enable.o
......  AR      virt/lib/built-in.a
............  AR      virt/built-in.a
.+.  AR      fs/notify/dnotify/built-in.a
...+......  CC      fs/crypto/fname.o
.....+.........+  CC      security/keys/encrypted-keys/encrypted.o
  AS      arch/x86/power/hibernate_asm_64.o
...  CC      lib/math/int_sqrt.o
.........  CC      arch/x86/power/hibernate.o
....+..................+.........+...  CC      security/keys/trusted-keys/trusted_tpm1.o
+  CC      fs/crypto/hkdf.o
...+....................+......+...  CC [M]  drivers/bus/mhi/host/init.o
.+..+  AR      drivers/phy/allwinner/built-in.a
......  CC      lib/math/reciprocal_div.o
......+.  CC      arch/x86/entry/vdso/extable.o
..+..........  AR      drivers/phy/amlogic/built-in.a
.....+.......+...........  AR      drivers/phy/broadcom/built-in.a
.+.  CC [M]  drivers/phy/broadcom/phy-bcm-kona-usb2.o
....+.  CC      block/partitions/amiga.o
.....+...+....+......+.........+...........+.  CC      ipc/msg.o
...........+.......+.....+...+.......+  CC [M]  sound/core/seq/seq_clientmgr.o
...+.  AS      arch/x86/lib/copy_mc_64.o
..+..........  CC      arch/x86/pci/mmconfig_64.o
..+...+.................+.  CC      fs/notify/inotify/inotify_user.o
.  CC      crypto/asymmetric_keys/restrict.o
......  CC      lib/math/rational.o
....+.+  AS      arch/x86/lib/copy_page_64.o
.....+.+  CC [M]  samples/ftrace/ftrace-direct-too.o
........+.......+....  CC      block/partitions/atari.o
.+.+..+++++++++++++++  AR      arch/x86/video/built-in.a
+++++++  CC      block/partitions/aix.o
++++++++  CC [M]  samples/ftrace/ftrace-direct-modify.o
+++++++++++++++++++++  CC      fs/notify/fanotify/fanotify.o
++++++++++++++
.+++++++++++++++++++++++++++++++++++++++++++++++++++++++++++++++++*......+....+...........+++++++++++++++++++++++++++++++++++++++++++++++++++++++++++++++++*..........+.....+.  CC      kernel/sched/fair.o
..+....  AR      arch/x86/power/built-in.a
+..+.......  CC      fs/notify/fanotify/fanotify_user.o
...+.....+......+...............+...  LD [M]  sound/core/oss/snd-mixer-oss.o
......+.+..........  AS      arch/x86/lib/copy_user_64.o
............  CC      arch/x86/entry/vsyscall/vsyscall_64.o
..+  CC      arch/x86/entry/vdso/vdso32-setup.o
.....  CC      crypto/asymmetric_keys/signature.o
+..........+........+.......+  AR      drivers/phy/cadence/built-in.a
......  CC      mm/kfence/report.o
..+......+.......+  CC      init/do_mounts.o
...+  CC      fs/verity/hash_algs.o
...  AR      drivers/phy/freescale/built-in.a
..+......+....  AR      drivers/phy/hisilicon/built-in.a
..+.......+...  AR      drivers/phy/ingenic/built-in.a
.....+  AS      arch/x86/entry/vsyscall/vsyscall_emu_64.o
.........  CC [M]  lib/math/cordic.o
..  AR      drivers/phy/intel/built-in.a
....+  CC [M]  drivers/phy/intel/phy-intel-lgm-emmc.o
.......+......+..+.......+...+..  CC      arch/x86/pci/direct.o
  CC      net/core/request_sock.o
.+.....+....+..  CC [M]  drivers/bus/mhi/host/main.o
.........+......+..........+  CC      fs/crypto/hooks.o
  LDS     arch/x86/entry/vdso/vdso.lds
...........+.........+......  AS      arch/x86/entry/vdso/vdso-note.o
+...........  CC [M]  samples/ftrace/sample-trace-array.o
..+......+  CC      arch/x86/events/amd/core.o
.......................+...+....  CC      arch/x86/entry/vdso/vclock_gettime.o
...+  CC      arch/x86/xen/enlighten.o
...+........+.+.....+..........  AS      arch/x86/lib/copy_user_uncached_64.o
...........+....+...+...+.....+.....  CC      block/partitions/cmdline.o
....+  AR      fs/notify/inotify/built-in.a
...+.......+...+......+.....+  CC      ipc/sem.o
  CC      arch/x86/platform/pvh/enlighten.o
.+.........  CC      security/keys/encrypted-keys/ecryptfs_format.o
.........+.....+.......+.....+....  CC      block/partitions/mac.o
+.................+...+....+...........+.........+...........  CC      security/keys/trusted-keys/trusted_tpm2.o
.......+...+  CC      block/partitions/ldm.o
....+..  CC      fs/verity/init.o
.+........+.+......  CC      security/keys/encrypted-keys/masterkey_trusted.o
...+............+..............+...+............+.  AR      arch/x86/entry/vsyscall/built-in.a
+........................+...........+....+........  AR      drivers/pinctrl/actions/built-in.a
.......  AR      lib/math/built-in.a
.  AR      mm/kfence/built-in.a
....  CC      arch/x86/lib/cpu.o
.+  CC      fs/notify/fsnotify.o
..+  CC      block/bdev.o
...  AR      drivers/pinctrl/bcm/built-in.a
..........+..  CC      crypto/asymmetric_keys/public_key.o
+.+  CC      arch/x86/entry/vdso/vgetcpu.o
  AR      drivers/pinctrl/cirrus/built-in.a
....  CC      lib/crypto/mpi/generic_mpih-lshift.o
.....+..+  CC [M]  drivers/pinctrl/cirrus/pinctrl-madera-core.o
.+.....  CC      arch/x86/pci/mmconfig-shared.o
...+...  AR      drivers/phy/lantiq/built-in.a
.+..+......+  AR      drivers/phy/marvell/built-in.a
.......  CC [M]  drivers/phy/marvell/phy-pxa-28nm-hsic.o
+...+...+..+.......  AS      arch/x86/entry/vdso/vsgx.o
............+...........+....+.....+.+.  HOSTCC  arch/x86/entry/vdso/vdso2c
..+.........  CC      arch/x86/pci/xen.o
.....+.+..  AR      samples/built-in.a
...+.+.....  CC [M]  drivers/phy/marvell/phy-pxa-28nm-usb2.o
................+  AS      arch/x86/platform/pvh/head.o
+++++++++++++++++  CC [M]  sound/core/seq/seq_memory.o
+  CC      fs/verity/measure.o
  AR      arch/x86/platform/pvh/built-in.a
+++++++++  CC [M]  crypto/async_tx/async_tx.o
++++++++  CC      init/do_mounts_initrd.o
+++  AR      fs/notify/fanotify/built-in.a
++++  CC      arch/x86/pci/fixup.o
++  CC      lib/crypto/memneq.o
+++++++++++++  AR      security/keys/encrypted-keys/built-in.a
++++  CC      arch/x86/pci/acpi.o
+++
  CC      arch/x86/pci/legacy.o
  LDS     arch/x86/entry/vdso/vdso32/vdso32.lds
-----
  CC      fs/crypto/keyring.o
  HOSTCC  certs/extract-cert
  AS      arch/x86/entry/vdso/vdso32/note.o
  CC      lib/crypto/mpi/generic_mpih-mul1.o
  AS      arch/x86/lib/csum-copy_64.o
  AS      arch/x86/entry/vdso/vdso32/system_call.o
  CC      arch/x86/lib/csum-partial_64.o
  CC      security/keys/trusted-keys/tpm2key.asn1.o
  AS      arch/x86/entry/vdso/vdso32/sigreturn.o
  CC      arch/x86/entry/vdso/vdso32/vclock_gettime.o
  AR      security/keys/trusted-keys/built-in.a
  CC      security/keys/gc.o
  CC      certs/blacklist.o
  CC      net/core/skbuff.o
  CC      arch/x86/xen/mmu.o
  CC      arch/x86/lib/csum-wrappers_64.o
  CC [M]  drivers/pinctrl/cirrus/pinctrl-cs47l15.o
  CC      io_uring/splice.o
  CC      block/partitions/msdos.o
  AR      drivers/phy/mediatek/built-in.a
  ASN.1   crypto/asymmetric_keys/x509.asn1.[ch]
  ASN.1   crypto/asymmetric_keys/x509_akid.asn1.[ch]
  CC      crypto/asymmetric_keys/x509_loader.o
  AR      drivers/phy/microchip/built-in.a
  CC      init/initramfs.o
  CC      lib/crypto/mpi/generic_mpih-mul2.o
  CC      net/core/datagram.o
  CC      arch/x86/events/amd/lbr.o
  AR      drivers/phy/motorola/built-in.a
  CC [M]  drivers/phy/motorola/phy-cpcap-usb.o
  CC      mm/oom_kill.o
  CC      fs/notify/notification.o
  CC [M]  drivers/bus/mhi/host/pm.o
  CC      net/core/stream.o
  CC      fs/verity/open.o
  AS      arch/x86/entry/entry.o
  CC [M]  crypto/async_tx/async_memcpy.o
  CC      arch/x86/entry/vdso/vdso32/vgetcpu.o
  CC      crypto/asymmetric_keys/x509_public_key.o
  CC      security/keys/key.o
  CC      arch/x86/lib/delay.o
  GEN     certs/blacklist_hash_list
  CC      ipc/shm.o
  CC [M]  sound/core/seq/seq_queue.o
  CC      fs/nfs_common/nfs_ssc.o
  CC [M]  drivers/pinctrl/cirrus/pinctrl-cs47l35.o
  CC      ipc/syscall.o
  VDSO    arch/x86/entry/vdso/vdso64.so.dbg
  VDSO    arch/x86/entry/vdso/vdso32.so.dbg
  CC      lib/crypto/mpi/generic_mpih-mul3.o
  OBJCOPY arch/x86/entry/vdso/vdso64.so
  OBJCOPY arch/x86/entry/vdso/vdso32.so
  VDSO2C  arch/x86/entry/vdso/vdso-image-64.c
  VDSO2C  arch/x86/entry/vdso/vdso-image-32.c
  CC      arch/x86/entry/vdso/vdso-image-64.o
  CC      crypto/api.o
  CC      arch/x86/pci/irq.o
  CC      fs/iomap/trace.o
  CC      fs/quota/dquot.o
  CERT    certs/x509_revocation_list
  CERT    certs/x509_certificate_list
  CERT    certs/signing_key.x509
  CC      certs/blacklist_hashes.o
  CC      arch/x86/events/amd/ibs.o
  AS      certs/revocation_certificates.o
  CC      fs/crypto/keysetup.o
  AR      drivers/phy/mscc/built-in.a
  CC      arch/x86/entry/vdso/vdso-image-32.o
  AS      certs/system_certificates.o
  AR      drivers/phy/qualcomm/built-in.a
  ASN.1   crypto/asymmetric_keys/pkcs7.asn1.[ch]
  CC      crypto/asymmetric_keys/pkcs7_trust.o
  CC      arch/x86/lib/error-inject.o
  CC [M]  drivers/phy/qualcomm/phy-qcom-usb-hs.o
  CC      block/partitions/osf.o
  AR      certs/built-in.a
  CC      fs/notify/group.o
  CC      arch/x86/xen/time.o
  CC [M]  drivers/pinctrl/cirrus/pinctrl-cs47l85.o
  CC      io_uring/sync.o
  CC      ipc/ipc_sysctl.o
  CC      lib/crypto/mpi/generic_mpih-rshift.o
  CC      arch/x86/events/amd/iommu.o
  CC      fs/verity/read_metadata.o
  AR      arch/x86/entry/vdso/built-in.a
  CC [M]  sound/core/seq/seq_fifo.o
  AS      arch/x86/entry/entry_64.o
  CC [M]  crypto/async_tx/async_xor.o
  CC      init/calibrate.o
  CC      crypto/asymmetric_keys/pkcs7_verify.o
  AS      arch/x86/lib/getuser.o
  CC [M]  drivers/phy/qualcomm/phy-qcom-usb-hsic.o
  CC      lib/crypto/mpi/generic_mpih-sub1.o
  CC [M]  drivers/pinctrl/cirrus/pinctrl-cs47l90.o
  CC      block/partitions/sgi.o
  CC      net/core/scm.o
  CC      fs/iomap/iter.o
  CC      security/keys/keyring.o
  CC      arch/x86/entry/syscall_64.o
  CC      ipc/mqueue.o
  AR      drivers/phy/ralink/built-in.a
  CC      fs/quota/quota.o
  CC      fs/quota/kqid.o
  CC      init/init_task.o
  CC      arch/x86/pci/numachip.o
  CC [M]  sound/core/seq/seq_prioq.o
  CC [M]  drivers/bus/mhi/host/boot.o
  CC      io_uring/advise.o
  CC      fs/verity/verify.o
  CC      arch/x86/xen/grant-table.o
  GEN     arch/x86/lib/inat-tables.c
  CC      arch/x86/lib/insn-eval.o
  CC      fs/crypto/keysetup_v1.o
  CC [M]  fs/nfs_common/nfsacl.o
  CC      fs/notify/mark.o
  CC      lib/crypto/mpi/generic_mpih-add1.o
  CC      arch/x86/hyperv/hv_init.o
  CC      crypto/asymmetric_keys/verify_pefile.o
  CC [M]  drivers/pinctrl/cirrus/pinctrl-cs47l92.o
  CC      arch/x86/realmode/init.o
  CC      mm/fadvise.o
  CC      arch/x86/entry/common.o
  CC      block/partitions/sun.o
  CC [M]  arch/x86/events/amd/uncore.o
  CC      fs/iomap/buffered-io.o
  AR      drivers/phy/realtek/built-in.a
  AR      drivers/phy/renesas/built-in.a
  CC [M]  crypto/async_tx/async_pq.o
  CC [M]  sound/core/seq/seq_timer.o
  AR      drivers/phy/rockchip/built-in.a
  CC      arch/x86/pci/common.o
  AR      drivers/phy/samsung/built-in.a
  CC [M]  drivers/phy/samsung/phy-samsung-usb2.o
  AR      drivers/bus/mhi/built-in.a
  CC      io_uring/filetable.o
  CC      mm/maccess.o
  CC      lib/crypto/mpi/ec.o
  ASN.1   crypto/asymmetric_keys/mscode.asn1.[ch]
  ASN.1   crypto/asymmetric_keys/pkcs8.asn1.[ch]
  CC      fs/crypto/policy.o
  CC      arch/x86/xen/suspend.o
  CC [M]  crypto/asymmetric_keys/pkcs7_key_type.o
  CC      arch/x86/lib/insn.o
  LD [M]  drivers/pinctrl/cirrus/pinctrl-madera.o
  AR      drivers/pinctrl/freescale/built-in.a
  AS      arch/x86/realmode/rm/header.o
  CC      init/version.o
  CC      drivers/pinctrl/intel/pinctrl-baytrail.o
  CC      fs/quota/netlink.o
  CC [M]  sound/i2c/other/ak4117.o
  AS      arch/x86/realmode/rm/trampoline_64.o
  CC      block/partitions/ultrix.o
  CC      fs/verity/signature.o
  CC [M]  drivers/bus/mhi/host/pci_generic.o
  AS      arch/x86/realmode/rm/stack.o
  AS      arch/x86/entry/thunk_64.o
  CC [M]  sound/core/seq/seq_system.o
  CC [M]  fs/nfs_common/grace.o
  AS      arch/x86/realmode/rm/reboot.o
  CC      arch/x86/lib/kaslr.o
  CC [M]  crypto/asymmetric_keys/pkcs8.asn1.o
  CC      arch/x86/pci/early.o
  CC      ipc/namespace.o
  AS      arch/x86/realmode/rm/wakeup_asm.o
  CC      security/keys/keyctl.o
  AR      arch/x86/events/amd/built-in.a
  LD [M]  drivers/phy/samsung/phy-exynos-usb2.o
  LD [M]  arch/x86/events/amd/amd-uncore.o
  CC [M]  crypto/asymmetric_keys/pkcs8_parser.o
  AR      drivers/phy/socionext/built-in.a
  CC      arch/x86/events/intel/core.o
  CC      arch/x86/realmode/rm/wakemain.o
  AR      drivers/phy/st/built-in.a
  CC      fs/notify/fdinfo.o
  AR      drivers/phy/starfive/built-in.a
  CC      arch/x86/events/intel/bts.o
  AS      arch/x86/lib/memcpy_64.o
  AR      drivers/phy/sunplus/built-in.a
  AR      init/built-in.a
  AR      drivers/phy/tegra/built-in.a
  CC      arch/x86/realmode/rm/video-mode.o
  CC [M]  sound/drivers/opl3/opl3_lib.o
  AR      drivers/phy/ti/built-in.a
  CC [M]  drivers/phy/ti/phy-tusb1210.o
  CC      drivers/gpio/gpiolib.o
  CC [M]  crypto/async_tx/async_raid6_recov.o
  CC      arch/x86/xen/enlighten_hvm.o
  CC      io_uring/openclose.o
  AS      arch/x86/realmode/rm/copy.o
  AS      arch/x86/entry/entry_64_compat.o
  AR      fs/verity/built-in.a
  CC      arch/x86/entry/syscall_32.o
  AS      arch/x86/realmode/rm/bioscall.o
  CC      mm/page-writeback.o
  CC      arch/x86/hyperv/mmu.o
  CC      arch/x86/realmode/rm/regs.o
  CC      block/partitions/efi.o
  CC [M]  sound/drivers/mpu401/mpu401_uart.o
  AS      arch/x86/lib/memmove_64.o
  LD [M]  crypto/asymmetric_keys/pkcs7_test_key.o
  CC      ipc/mq_sysctl.o
  CC      arch/x86/pci/bus_numa.o
  CC      crypto/asymmetric_keys/x509.asn1.o
  CC      arch/x86/realmode/rm/video-vga.o
  LD [M]  drivers/bus/mhi/host/mhi.o
  LD [M]  drivers/bus/mhi/host/mhi_pci_generic.o
  AR      drivers/bus/built-in.a
  CC      crypto/asymmetric_keys/x509_akid.asn1.o
  CC      arch/x86/realmode/rm/video-vesa.o
  AR      fs/notify/built-in.a
  CC      fs/crypto/bio.o
  AR      drivers/phy/xilinx/built-in.a
  CC [M]  sound/i2c/cs8427.o
  CC [M]  fs/quota/quota_v1.o
  CC      drivers/pinctrl/intel/pinctrl-cherryview.o
  CC [M]  sound/core/seq/seq_ports.o
  CC      crypto/asymmetric_keys/x509_cert_parser.o
  CC [M]  sound/i2c/other/ak4xxx-adda.o
  CC      arch/x86/realmode/rm/video-bios.o
  CC      lib/crypto/mpi/mpicoder.o
  AS      arch/x86/lib/memset_64.o
  LD [M]  fs/nfs_common/nfs_acl.o
  CC [M]  sound/isa/sb/sb_common.o
  CC [M]  sound/drivers/opl3/opl3_synth.o
  AR      fs/nfs_common/built-in.a
  PASYMS  arch/x86/realmode/rm/pasyms.h
  AR      ipc/built-in.a
  CC      arch/x86/lib/misc.o
  AR      arch/x86/entry/built-in.a
  LDS     arch/x86/realmode/rm/realmode.lds
  AR      drivers/pinctrl/mediatek/built-in.a
  LD      arch/x86/realmode/rm/realmode.elf
  AR      drivers/pinctrl/mvebu/built-in.a
  RELOCS  arch/x86/realmode/rm/realmode.relocs
  CC      block/partitions/karma.o
  OBJCOPY arch/x86/realmode/rm/realmode.bin
  CC      block/partitions/sysv68.o
  AS      arch/x86/realmode/rmpiggy.o
  CC      io_uring/uring_cmd.o
  CC      drivers/phy/phy-core.o
  CC      fs/crypto/inline_crypt.o
  CC      security/keys/permission.o
  CC      kernel/sched/build_policy.o
  AR      arch/x86/realmode/built-in.a
  CC      arch/x86/xen/mmu_hvm.o
  CC      arch/x86/xen/suspend_hvm.o
  CC      arch/x86/pci/amd_bus.o
  CC [M]  fs/quota/quota_v2.o
  CC      arch/x86/lib/pc-conf-reg.o
  CC      fs/iomap/direct-io.o
  CC      lib/zlib_inflate/inffast.o
  CC      drivers/pwm/core.o
  CC      arch/x86/hyperv/nested.o
  CC [M]  sound/drivers/mpu401/mpu401.o
  AS      arch/x86/lib/putuser.o
  CC      crypto/asymmetric_keys/pkcs7.asn1.o
  CC      lib/zlib_inflate/inflate.o
  CC      arch/x86/hyperv/irqdomain.o
  CC      crypto/asymmetric_keys/pkcs7_parser.o
  CC      lib/zlib_inflate/infutil.o
  AR      block/partitions/built-in.a
  CC      block/fops.o
  CC      drivers/pinctrl/intel/pinctrl-intel.o
  CC [M]  sound/core/seq/seq_info.o
  CC      net/ethernet/eth.o
  GEN     security/selinux/flask.h security/selinux/av_permissions.h
  CC      security/selinux/avc.o
  AR      arch/x86/pci/built-in.a
  CC      arch/x86/xen/platform-pci-unplug.o
  AR      drivers/pinctrl/nomadik/built-in.a
  CC      arch/x86/events/intel/ds.o
  CC [M]  sound/i2c/other/ak4114.o
  CC      lib/crypto/mpi/mpi-add.o
  CC      security/smack/smack_lsm.o
  CC      security/keys/process_keys.o
  AS      arch/x86/lib/retpoline.o
  CC [M]  sound/drivers/opl3/opl3_seq.o
  CC [M]  fs/quota/quota_tree.o
  CC [M]  sound/isa/sb/sb_mixer.o
  CC      arch/x86/events/intel/knc.o
  CC      net/core/gen_stats.o
  CC      fs/proc/task_mmu.o
  CC      lib/zlib_inflate/inftrees.o
  LD [M]  sound/drivers/mpu401/snd-mpu401-uart.o
  AR      fs/crypto/built-in.a
  LD [M]  sound/drivers/mpu401/snd-mpu401.o
  CC [M]  sound/core/seq/seq_dummy.o
  CC      io_uring/epoll.o
  CC      security/smack/smack_access.o
  CC      arch/x86/lib/usercopy.o
  CC      lib/zlib_inflate/inflate_syms.o
  CC      lib/crypto/mpi/mpi-bit.o
  CC [M]  drivers/phy/phy-can-transceiver.o
  CC      crypto/asymmetric_keys/mscode_parser.o
  CC      drivers/gpio/gpiolib-devres.o
  CC [M]  sound/drivers/opl3/opl3_midi.o
  CC [M]  drivers/phy/phy-lgm-usb.o
  CC      block/bio.o
  CC      arch/x86/xen/setup.o
  CC      arch/x86/hyperv/ivm.o
  CC      crypto/asymmetric_keys/mscode.asn1.o
  CC [M]  sound/i2c/i2c.o
  CC      fs/iomap/fiemap.o
  CC      mm/folio-compat.o
  CC [M]  sound/core/seq/seq_midi.o
  LD [M]  sound/isa/sb/snd-sb-common.o
  LD [M]  crypto/asymmetric_keys/pkcs8_key_parser.o
  CC      drivers/pci/msi/pcidev_msi.o
  AR      crypto/asymmetric_keys/built-in.a
  CC      arch/x86/lib/usercopy_64.o
  CC      crypto/cipher.o
  AR      lib/zlib_inflate/built-in.a
  CC      io_uring/statx.o
  CC [M]  drivers/pinctrl/intel/pinctrl-lynxpoint.o
  CC      drivers/pci/pcie/portdrv.o
  CC      drivers/pwm/sysfs.o
  CC      security/selinux/hooks.o
  CC [M]  sound/i2c/other/ak4113.o
  CC      arch/x86/hyperv/hv_apic.o
  AR      fs/quota/built-in.a
  CC      security/keys/request_key.o
  CC      drivers/gpio/gpiolib-legacy.o
  CC      drivers/pci/hotplug/pci_hotplug_core.o
  CC      io_uring/net.o
  CC      lib/crypto/mpi/mpi-cmp.o
  CC      arch/x86/events/zhaoxin/core.o
  AR      drivers/pci/endpoint/functions/built-in.a
  CC [M]  drivers/pci/endpoint/functions/pci-epf-ntb.o
  CC      drivers/pci/msi/api.o
  CC [M]  sound/drivers/opl3/opl3_drums.o
  CC      net/core/gen_estimator.o
  CC      arch/x86/events/intel/lbr.o
  AR      drivers/phy/built-in.a
  LD [M]  sound/drivers/opl3/snd-opl3-lib.o
  CC      io_uring/msg_ring.o
  CC      drivers/pwm/pwm-crc.o
  CC [M]  sound/core/seq/seq_midi_emul.o
  AR      drivers/pinctrl/nuvoton/built-in.a
  CC      arch/x86/xen/apic.o
  CC      arch/x86/lib/msr-smp.o
  AR      net/ethernet/built-in.a
  CC      arch/x86/lib/cache-smp.o
  CC [M]  drivers/pinctrl/intel/pinctrl-alderlake.o
  CC      fs/iomap/seek.o
  CC      security/selinux/selinuxfs.o
  CC      crypto/compress.o
  CC      fs/proc/inode.o
  LD [M]  sound/drivers/opl3/snd-opl3-synth.o
  LD [M]  sound/i2c/snd-cs8427.o
  CC      arch/x86/hyperv/hv_proc.o
  CC      drivers/pci/pcie/rcec.o
  CC      drivers/gpio/gpiolib-cdev.o
  CC      drivers/pci/hotplug/cpci_hotplug_core.o
  CC      arch/x86/lib/msr.o
  CC      drivers/pwm/pwm-lpss.o
  CC [M]  sound/drivers/vx/vx_core.o
  CC      mm/readahead.o
  LD [M]  sound/i2c/other/snd-ak4xxx-adda.o
  CC      security/smack/smackfs.o
  CC [M]  sound/drivers/pcsp/pcsp.o
  CC [M]  sound/i2c/other/pt2258.o
  AR      arch/x86/events/zhaoxin/built-in.a
  CC      net/core/net_namespace.o
  CC [M]  drivers/pinctrl/intel/pinctrl-broxton.o
  CC      lib/crypto/mpi/mpi-sub-ui.o
  CC      arch/x86/events/intel/p4.o
  CC      arch/x86/xen/pmu.o
  CC      drivers/pci/endpoint/pci-ep-cfs.o
  CC      drivers/pci/msi/msi.o
  CC [M]  sound/core/sound.o
  CC [M]  sound/core/seq/seq_midi_event.o
  CC      security/keys/request_key_auth.o
  CC      security/keys/user_defined.o
  CC      drivers/pci/pcie/aspm.o
  CC [M]  drivers/pinctrl/intel/pinctrl-cannonlake.o
  CC      block/elevator.o
  CC      fs/proc/root.o
  CC      crypto/algapi.o
  CC      fs/iomap/swapfile.o
  CC      arch/x86/hyperv/hv_spinlock.o
  CC [M]  sound/drivers/pcsp/pcsp_lib.o
  CC      drivers/pwm/pwm-lpss-pci.o
  LD [M]  sound/i2c/other/snd-ak4117.o
  CC      io_uring/timeout.o
  CC [M]  sound/drivers/pcsp/pcsp_mixer.o
  LD [M]  sound/i2c/other/snd-ak4114.o
  LD [M]  sound/i2c/other/snd-ak4113.o
  LD [M]  sound/i2c/other/snd-pt2258.o
  LD [M]  sound/i2c/snd-i2c.o
  CC      drivers/gpio/gpiolib-sysfs.o
  CC      net/802/fc.o
  CC      lib/crypto/mpi/mpi-div.o
  CC [M]  drivers/pinctrl/intel/pinctrl-cedarfork.o
  CC      arch/x86/kernel/fpu/init.o
  AS      arch/x86/lib/msr-reg.o
  CC      drivers/pci/hotplug/cpci_hotplug_pci.o
  CC      arch/x86/events/intel/p6.o
  CC [M]  sound/drivers/vx/vx_hwdep.o
  CC      arch/x86/lib/msr-reg-export.o
  CC      arch/x86/xen/suspend_pv.o
  AR      arch/x86/hyperv/built-in.a
  CC [M]  sound/core/seq/seq_virmidi.o
  CC      arch/x86/kernel/acpi/boot.o
  CC      arch/x86/kernel/cpu/mce/core.o
  CC      fs/proc/base.o
  CC      drivers/pwm/pwm-lpss-platform.o
  CC      fs/kernfs/mount.o
  CC      fs/kernfs/inode.o
  CC [M]  sound/drivers/pcsp/pcsp_input.o
  AS      arch/x86/lib/hweight.o
  CC      security/keys/compat.o
  CC      mm/swap.o
  CC      arch/x86/kernel/cpu/mtrr/mtrr.o
  CC      drivers/pci/endpoint/pci-epc-core.o
  CC      kernel/sched/build_utility.o
  CC [M]  drivers/pinctrl/intel/pinctrl-denverton.o
  CC      lib/crypto/mpi/mpi-inv.o
  CC      drivers/pci/msi/irqdomain.o
  CC      security/smack/smack_netfilter.o
  AR      fs/iomap/built-in.a
  CC      arch/x86/kernel/fpu/bugs.o
  CC [M]  drivers/pwm/pwm-cros-ec.o
  CC      arch/x86/kernel/cpu/mtrr/if.o
  CC      io_uring/sqpoll.o
  CC      arch/x86/lib/iomem.o
  CC      drivers/gpio/gpiolib-acpi.o
  CC      drivers/pci/hotplug/acpi_pcihp.o
  CC      arch/x86/events/intel/pt.o
  CC      arch/x86/kernel/fpu/core.o
  CC      drivers/pci/pcie/aer.o
  LD [M]  sound/drivers/pcsp/snd-pcsp.o
  CC      arch/x86/xen/p2m.o
  CC      lib/crypto/mpi/mpi-mod.o
  CC      net/core/secure_seq.o
  CC      net/core/flow_dissector.o
  CC [M]  drivers/pinctrl/intel/pinctrl-elkhartlake.o
  CC [M]  sound/drivers/vx/vx_pcm.o
  CC      fs/kernfs/dir.o
  CC      security/keys/compat_dh.o
  CC      net/802/fddi.o
  LD [M]  sound/core/seq/snd-seq.o
  CC      block/blk-core.o
  LD [M]  sound/core/seq/snd-seq-dummy.o
  LD [M]  sound/core/seq/snd-seq-midi.o
  LD [M]  sound/core/seq/snd-seq-midi-emul.o
  LD [M]  sound/core/seq/snd-seq-midi-event.o
  LD [M]  sound/core/seq/snd-seq-virmidi.o
  CC [M]  drivers/pwm/pwm-dwc.o
  CC [M]  sound/core/init.o
  CC      crypto/scatterwalk.o
  CC      drivers/pci/endpoint/pci-epf-core.o
  CC      security/selinux/netlink.o
  AS      arch/x86/lib/iomap_copy_64.o
  CC [M]  drivers/pinctrl/intel/pinctrl-emmitsburg.o
  CC      arch/x86/kernel/fpu/regset.o
  CC      lib/crypto/mpi/mpi-mul.o
  CC      arch/x86/lib/inat.o
  CC      security/keys/proc.o
  CC      arch/x86/kernel/cpu/mtrr/generic.o
  CC      arch/x86/kernel/acpi/sleep.o
  CC      io_uring/fdinfo.o
  CC      fs/sysfs/file.o
  AR      arch/x86/lib/built-in.a
  AR      arch/x86/lib/lib.a
  CC      fs/sysfs/dir.o
  AR      security/smack/built-in.a
  CC      fs/sysfs/symlink.o
  AR      drivers/pci/msi/built-in.a
  CC [M]  sound/drivers/dummy.o
  CC [M]  sound/drivers/vx/vx_mixer.o
  CC      drivers/pci/hotplug/pciehp_core.o
  CC [M]  drivers/pwm/pwm-iqs620a.o
  CC [M]  drivers/pinctrl/intel/pinctrl-geminilake.o
  CC      drivers/gpio/gpiolib-swnode.o
  CC      fs/proc/generic.o
  CC      security/selinux/nlmsgtab.o
  CC      fs/kernfs/file.o
  CC      security/keys/sysctl.o
  CC      crypto/proc.o
  CC      arch/x86/kernel/cpu/mce/severity.o
  CC      drivers/pci/pcie/err.o
  AS      arch/x86/kernel/acpi/wakeup_64.o
  CC      lib/crypto/mpi/mpih-cmp.o
  CC [M]  drivers/pinctrl/intel/pinctrl-icelake.o
  CC      arch/x86/kernel/acpi/apei.o
  CC [M]  drivers/pwm/pwm-lp3943.o
  CC      mm/truncate.o
  CC      drivers/pci/endpoint/pci-epc-mem.o
  CC [M]  net/802/p8022.o
  CC      arch/x86/xen/enlighten_pv.o
  CC      arch/x86/events/intel/uncore.o
  CC [M]  sound/core/memory.o
  CC      arch/x86/kernel/fpu/signal.o
  CC      drivers/gpio/gpio-crystalcove.o
  CC      drivers/gpio/gpio-palmas.o
  CC      drivers/pci/hotplug/pciehp_ctrl.o
  CC      arch/x86/xen/mmu_pv.o
  CC      lib/crypto/utils.o
  CC      io_uring/tctx.o
  CC [M]  net/802/psnap.o
  CC      security/keys/persistent.o
  CC [M]  sound/drivers/vx/vx_cmd.o
  CC      fs/sysfs/mount.o
  CC [M]  net/802/stp.o
  CC      crypto/aead.o
  CC [M]  drivers/pinctrl/intel/pinctrl-jasperlake.o
  CC      lib/crypto/mpi/mpih-div.o
  CC [M]  drivers/pwm/pwm-pca9685.o
  CC      security/selinux/netif.o
  CC      drivers/pci/pcie/pme.o
  CC      arch/x86/kernel/acpi/cppc.o
  CC      arch/x86/kernel/cpu/mce/genpool.o
  CC      arch/x86/kernel/cpu/mtrr/cleanup.o
  CC [M]  sound/drivers/vx/vx_uer.o
  CC      security/keys/dh.o
  CC      security/selinux/netnode.o
  CC      arch/x86/xen/irq.o
  CC      fs/proc/array.o
  CC      drivers/pci/hotplug/pciehp_pci.o
  CC      drivers/gpio/gpio-rc5t583.o
  CC [M]  sound/core/control.o
  CC [M]  drivers/pinctrl/intel/pinctrl-lakefield.o
  CC      fs/kernfs/symlink.o
  CC      arch/x86/kernel/acpi/cstate.o
  CC      arch/x86/kernel/fpu/xstate.o
  AR      drivers/pci/endpoint/built-in.a
  CC      io_uring/poll.o
  CC      fs/sysfs/group.o
  CC      io_uring/cancel.o
  CC      arch/x86/kernel/cpu/mce/intel.o
  CC      lib/crypto/mpi/mpih-mul.o
  CC      net/core/sysctl_net_core.o
  CC      drivers/pci/pcie/dpc.o
  CC      crypto/geniv.o
  LD [M]  sound/drivers/vx/snd-vx-lib.o
  CC [M]  sound/drivers/aloop.o
  CC [M]  drivers/pinctrl/intel/pinctrl-lewisburg.o
  CC      drivers/gpio/gpio-tps6586x.o
  CC      block/blk-sysfs.o
  CC [M]  drivers/pwm/pwm-twl.o
  AR      arch/x86/kernel/cpu/mtrr/built-in.a
  CC      drivers/gpio/gpio-tps65910.o
  CC      mm/vmscan.o
  CC      arch/x86/events/intel/uncore_nhmex.o
  CC [M]  drivers/gpio/gpio-regmap.o
  CC      security/keys/keyctl_pkey.o
  CC      arch/x86/events/core.o
  CC      net/core/dev.o
  CC      arch/x86/kernel/cpu/mce/amd.o
  CC      drivers/pci/hotplug/pciehp_hpc.o
  AR      fs/kernfs/built-in.a
  CC      block/blk-flush.o
  CC [M]  net/802/garp.o
  CC      fs/proc/fd.o
  CC      drivers/pci/hotplug/shpchp_core.o
  CC      security/selinux/netport.o
  AR      arch/x86/kernel/acpi/built-in.a
  CC      fs/proc/proc_tty.o
  CC [M]  drivers/pinctrl/intel/pinctrl-sunrisepoint.o
  CC      arch/x86/mm/pat/set_memory.o
  CC      io_uring/kbuf.o
  CC      fs/proc/cmdline.o
  CC      lib/crypto/mpi/mpi-pow.o
  CC [M]  drivers/pwm/pwm-twl-led.o
  AR      fs/sysfs/built-in.a
  CC      mm/shmem.o
  AR      security/keys/built-in.a
  CC      drivers/pci/pcie/ptm.o
  CC      fs/proc/consoles.o
  CC      arch/x86/mm/init.o
  CC      net/core/dev_addr_lists.o
  CC [M]  drivers/pinctrl/intel/pinctrl-tigerlake.o
  CC [M]  drivers/gpio/gpio-mmio.o
  CC      block/blk-settings.o
  CC      drivers/pci/hotplug/shpchp_ctrl.o
  CC      lib/crypto/mpi/mpiutil.o
  CC      crypto/skcipher.o
  CC      arch/x86/mm/pat/memtype.o
  CC      kernel/locking/mutex.o
  AR      drivers/pwm/built-in.a
  CC      arch/x86/events/intel/uncore_snb.o
  AS      arch/x86/crypto/blake2s-core.o
  CC      arch/x86/ia32/audit.o
  CC      kernel/locking/semaphore.o
  CC [M]  sound/drivers/virmidi.o
  CC      fs/proc/cpuinfo.o
  CC      arch/x86/crypto/blake2s-glue.o
  AR      arch/x86/ia32/built-in.a
  CC      fs/proc/devices.o
  CC      arch/x86/events/intel/uncore_snbep.o
  AR      arch/x86/kernel/fpu/built-in.a
  CC      security/selinux/status.o
  CC      io_uring/rsrc.o
  CC [M]  sound/pci/ac97/ac97_codec.o
  CC      arch/x86/xen/multicalls.o
  CC [M]  sound/core/misc.o
  AR      drivers/pinctrl/intel/built-in.a
  CC      io_uring/rw.o
  AR      drivers/pinctrl/nxp/built-in.a
  AR      drivers/pinctrl/qcom/built-in.a
  AR      drivers/pinctrl/sprd/built-in.a
  CC      fs/configfs/inode.o
  CC      arch/x86/crypto/crc32c-intel_glue.o
  AR      drivers/pinctrl/sunplus/built-in.a
  AR      drivers/pinctrl/ti/built-in.a
  CC [M]  net/802/mrp.o
  CC      drivers/pci/pcie/edr.o
  CC      drivers/pinctrl/core.o
  CC      arch/x86/mm/pat/memtype_interval.o
  CC [M]  sound/drivers/serial-u16550.o
  CC [M]  drivers/gpio/gpio-104-dio-48e.o
  CC      arch/x86/kernel/cpu/mce/threshold.o
  CC      drivers/pci/hotplug/shpchp_pci.o
  CC      fs/proc/interrupts.o
  AR      lib/crypto/mpi/built-in.a
  CC      drivers/pci/hotplug/shpchp_sysfs.o
  CC      lib/crypto/chacha.o
  CC      drivers/pci/hotplug/shpchp_hpc.o
  AS      arch/x86/crypto/crc32c-pcl-intel-asm_64.o
  CC      fs/configfs/file.o
  AS [M]  arch/x86/crypto/twofish-x86_64-asm_64.o
  CC      lib/crypto/aes.o
  CC      block/blk-ioc.o
  AS      arch/x86/xen/xen-asm.o
  CC      kernel/locking/rwsem.o
  CC      security/selinux/ss/ebitmap.o
  CC [M]  arch/x86/crypto/twofish_glue.o
  CC [M]  drivers/gpio/gpio-104-idi-48.o
  AR      drivers/pci/pcie/built-in.a
  CC      arch/x86/xen/enlighten_pvh.o
  CC [M]  sound/pci/ac97/ac97_pcm.o
  CC      io_uring/opdef.o
  CC      kernel/power/qos.o
  CC      fs/proc/loadavg.o
  CC      kernel/power/main.o
  CC      fs/configfs/dir.o
  CC      crypto/seqiv.o
  AR      arch/x86/mm/pat/built-in.a
  CC      arch/x86/mm/init_64.o
  CC [M]  sound/core/device.o
  CC      fs/devpts/inode.o
  CC [M]  sound/drivers/mtpav.o
  CC      arch/x86/kernel/cpu/mce/apei.o
  CC      fs/configfs/symlink.o
  CC      arch/x86/events/intel/uncore_discovery.o
  CC [M]  drivers/gpio/gpio-104-idio-16.o
  CC      net/sched/sch_generic.o
  CC      fs/proc/meminfo.o
  AS [M]  arch/x86/crypto/twofish-x86_64-asm_64-3way.o
  CC      arch/x86/xen/trace.o
  CC      arch/x86/kernel/cpu/mce/dev-mcelog.o
  AR      kernel/sched/built-in.a
  CC [M]  sound/core/info.o
  CC [M]  arch/x86/crypto/twofish_glue_3way.o
  CC      lib/crypto/gf128mul.o
  CC      drivers/pci/hotplug/acpiphp_core.o
  CC      arch/x86/kernel/apic/apic.o
  CC      drivers/pinctrl/pinctrl-utils.o
  CC      crypto/ahash.o
  CC      io_uring/notif.o
  CC [M]  drivers/gpio/gpio-adp5520.o
  AR      fs/devpts/built-in.a
  CC [M]  sound/pci/ac97/ac97_proc.o
  AR      net/802/built-in.a
  CC      arch/x86/kernel/kprobes/core.o
  CC      arch/x86/kernel/kprobes/opt.o
  CC      kernel/locking/percpu-rwsem.o
  CC      security/selinux/ss/hashtab.o
  CC [M]  sound/drivers/mts64.o
  CC      block/blk-map.o
  AR      drivers/rapidio/switches/built-in.a
  CC      drivers/pinctrl/pinmux.o
  CC [M]  drivers/rapidio/switches/idtcps.o
  CC [M]  drivers/rapidio/switches/idt_gen2.o
  CC [M]  drivers/rapidio/switches/idt_gen3.o
  CC      fs/proc/stat.o
  CC      lib/zlib_deflate/deflate.o
  CC [M]  arch/x86/events/intel/cstate.o
  CC      drivers/video/console/dummycon.o
  CC [M]  drivers/gpio/gpio-aggregator.o
  CC      security/selinux/ss/symtab.o
  AS [M]  arch/x86/crypto/twofish-avx-x86_64-asm_64.o
  CC      kernel/power/console.o
  CC      lib/crypto/blake2s.o
  CC      drivers/video/backlight/backlight.o
  CC [M]  arch/x86/kernel/cpu/mce/inject.o
  CC [M]  arch/x86/crypto/twofish_avx_glue.o
  CC      fs/configfs/mount.o
  CC      fs/ext4/balloc.o
  CC      security/selinux/ss/sidtab.o
  CC      drivers/video/console/vgacon.o
  CC      drivers/pci/hotplug/acpiphp_glue.o
  CC      block/blk-merge.o
  CC      fs/proc/uptime.o
  CC [M]  sound/drivers/portman2x4.o
  CC [M]  sound/core/info_oss.o
  CC      arch/x86/kernel/kprobes/ftrace.o
  CC      fs/jbd2/transaction.o
  CC      kernel/locking/spinlock.o
  CC      drivers/pinctrl/pinconf.o
  CC      io_uring/io-wq.o
  CC      lib/zlib_deflate/deftree.o
  AR      drivers/rapidio/devices/built-in.a
  CC [M]  drivers/rapidio/devices/tsi721.o
  CC      crypto/shash.o
  CC [M]  drivers/gpio/gpio-amd8111.o
  AS [M]  arch/x86/crypto/serpent-sse2-x86_64-asm_64.o
  CC      lib/crypto/blake2s-generic.o
  AR      arch/x86/events/intel/built-in.a
  LD [M]  arch/x86/events/intel/intel-cstate.o
  CC      arch/x86/events/probe.o
  CC      arch/x86/xen/smp.o
  CC [M]  arch/x86/crypto/serpent_sse2_glue.o
  CC      fs/proc/util.o
  CC      fs/configfs/item.o
  CC [M]  drivers/video/backlight/ams369fg06.o
  AR      arch/x86/kernel/kprobes/built-in.a
  AR      arch/x86/kernel/cpu/mce/built-in.a
  CC      drivers/pinctrl/pinconf-generic.o
  LD [M]  arch/x86/kernel/cpu/mce/mce-inject.o
  CC      fs/proc/version.o
  CC      arch/x86/kernel/cpu/microcode/core.o
  CC      arch/x86/mm/fault.o
  CC      fs/proc/softirqs.o
  CC      kernel/locking/osq_lock.o
  LD [M]  sound/pci/ac97/snd-ac97-codec.o
  LD [M]  sound/drivers/snd-dummy.o
  LD [M]  sound/drivers/snd-aloop.o
  LD [M]  sound/drivers/snd-virmidi.o
  LD [M]  sound/drivers/snd-serial-u16550.o
  CC [M]  sound/pci/ali5451/ali5451.o
  CC      kernel/power/process.o
  LD [M]  sound/drivers/snd-mtpav.o
  CC      lib/crypto/sha1.o
  LD [M]  sound/drivers/snd-mts64.o
  AS [M]  arch/x86/crypto/serpent-avx-x86_64-asm_64.o
  LD [M]  sound/drivers/snd-portman2x4.o
  CC [M]  sound/core/isadma.o
  CC      arch/x86/events/utils.o
  CC      lib/zlib_deflate/deflate_syms.o
  CC [M]  drivers/pci/hotplug/cpcihp_zt5550.o
  CC      fs/jbd2/commit.o
  CC [M]  arch/x86/crypto/serpent_avx_glue.o
  CC [M]  drivers/gpio/gpio-amd-fch.o
  CC      arch/x86/xen/smp_pv.o
  CC      kernel/locking/qspinlock.o
  CC      security/selinux/ss/avtab.o
  CC [M]  sound/core/sound_oss.o
  CC      arch/x86/mm/ioremap.o
  CC      net/sched/sch_mq.o
  CC      arch/x86/kernel/apic/apic_common.o
  CC      drivers/pinctrl/pinctrl-amd.o
  AR      fs/configfs/built-in.a
  CC      fs/proc/namespaces.o
  CC      net/sched/sch_frag.o
  CC      fs/ext4/bitmap.o
  AR      drivers/video/console/built-in.a
  CC      arch/x86/kernel/cpu/microcode/intel.o
  CC      arch/x86/kernel/apic/apic_noop.o
  CC [M]  drivers/video/backlight/lcd.o
  CC      lib/crypto/sha256.o
  AR      lib/zlib_deflate/built-in.a
  CC      fs/jbd2/recovery.o
  CC      net/core/dst.o
  AR      io_uring/built-in.a
  CC [M]  drivers/gpio/gpio-amdpt.o
  CC      net/core/netevent.o
  CC      arch/x86/events/msr.o
  CC      crypto/akcipher.o
  CC      drivers/rapidio/rio.o
  CC [M]  drivers/pci/hotplug/cpcihp_generic.o
  CC [M]  drivers/rapidio/devices/tsi721_dma.o
  AS [M]  arch/x86/crypto/serpent-avx2-asm_64.o
  CC      block/blk-timeout.o
  CC      kernel/power/suspend.o
  CC [M]  arch/x86/crypto/serpent_avx2_glue.o
  CC      drivers/rapidio/rio-access.o
  CC      fs/proc/self.o
  CC      arch/x86/kernel/apic/ipi.o
  CC      fs/ext4/block_validity.o
  CC      drivers/rapidio/rio-driver.o
  LD [M]  sound/pci/ali5451/snd-ali5451.o
  CC [M]  sound/core/vmaster.o
  CC [M]  drivers/gpio/gpio-arizona.o
  CC      arch/x86/xen/smp_hvm.o
  CC [M]  sound/pci/asihpi/asihpi.o
  CC      net/sched/sch_api.o
  CC      security/selinux/ss/policydb.o
  CC      net/core/neighbour.o
  CC      kernel/locking/rtmutex_api.o
  CC      drivers/pinctrl/pinctrl-sx150x.o
  CC [M]  arch/x86/events/rapl.o
  CC [M]  lib/crypto/libchacha.o
  AS [M]  arch/x86/crypto/des3_ede-asm_64.o
  CC [M]  drivers/pci/hotplug/acpiphp_ibm.o
  CC      net/core/rtnetlink.o
  CC [M]  arch/x86/crypto/des3_ede_glue.o
  CC      fs/proc/thread_self.o
  CC      arch/x86/kernel/apic/vector.o
  CC      arch/x86/mm/extable.o
  CC      arch/x86/kernel/cpu/microcode/amd.o
  CC      fs/jbd2/checkpoint.o
  CC      arch/x86/xen/spinlock.o
  CC [M]  drivers/rapidio/devices/rio_mport_cdev.o
  CC [M]  sound/core/ctljack.o
  CC [M]  drivers/video/backlight/hx8357.o
  CC [M]  drivers/gpio/gpio-bd9571mwv.o
  CC      fs/ext4/dir.o
  CC      block/blk-lib.o
  CC      crypto/sig.o
  CC      crypto/kpp.o
  CC      crypto/dh.o
  CC [M]  drivers/pinctrl/pinctrl-da9062.o
  CC [M]  lib/crypto/arc4.o
  CC [M]  drivers/pinctrl/pinctrl-mcp23s08_i2c.o
  AS [M]  arch/x86/crypto/camellia-x86_64-asm_64.o
  CC      fs/proc/proc_sysctl.o
  CC [M]  arch/x86/crypto/camellia_glue.o
  AR      arch/x86/events/built-in.a
  CC [M]  sound/core/jack.o
  CC      crypto/dh_helper.o
  AR      drivers/pci/hotplug/built-in.a
  CC      kernel/power/hibernate.o
  AR      drivers/pci/switch/built-in.a
  CC [M]  drivers/pci/switch/switchtec.o
  CC      drivers/pci/controller/dwc/pcie-designware.o
  CC      arch/x86/mm/mmap.o
  CC      drivers/pci/controller/dwc/pcie-designware-host.o
  CC      arch/x86/kernel/cpu/resctrl/core.o
  AR      arch/x86/kernel/cpu/microcode/built-in.a
  CC      drivers/pci/access.o
  CC      arch/x86/xen/vga.o
  CC      kernel/locking/qrwlock.o
  CC      drivers/pci/controller/dwc/pcie-designware-ep.o
  CC [M]  sound/pci/asihpi/hpioctl.o
  CC [M]  drivers/gpio/gpio-da9052.o
  CC      block/blk-mq.o
  CC [M]  drivers/video/backlight/ili922x.o
  CC      fs/jbd2/revoke.o
  CC [M]  lib/crypto/chacha20poly1305.o
  CC      fs/ext4/ext4_jbd2.o
  CC      kernel/printk/printk.o
  CC [M]  drivers/pinctrl/pinctrl-mcp23s08_spi.o
  CC      drivers/pci/bus.o
  CC      arch/x86/mm/pgtable.o
  CC      fs/squashfs/block.o
  CC      block/blk-mq-tag.o
  CC      arch/x86/xen/efi.o
  ASN.1   crypto/rsapubkey.asn1.[ch]
  ASN.1   crypto/rsaprivkey.asn1.[ch]
  CC      crypto/rsa.o
  AS [M]  arch/x86/crypto/camellia-aesni-avx-asm_64.o
  CC      arch/x86/kernel/cpu/resctrl/rdtgroup.o
  CC [M]  sound/core/control_led.o
  CC [M]  arch/x86/crypto/camellia_aesni_avx_glue.o
  AR      kernel/locking/built-in.a
  CC      drivers/pci/probe.o
  CC [M]  drivers/gpio/gpio-da9055.o
  LD [M]  drivers/rapidio/devices/tsi721_mport.o
  CC      drivers/rapidio/rio-sysfs.o
  CC      fs/jbd2/journal.o
  CC      arch/x86/kernel/apic/init.o
  CC      security/selinux/ss/services.o
  CC [M]  drivers/video/backlight/ili9320.o
  CC [M]  drivers/pinctrl/pinctrl-mcp23s08.o
  AR      arch/x86/xen/built-in.a
  CC      kernel/power/snapshot.o
  CC      net/sched/sch_blackhole.o
  LDS     arch/x86/kernel/vmlinux.lds
  CC      net/core/utils.o
  CC      crypto/rsa_helper.o
  CC      drivers/pci/host-bridge.o
  CC      fs/squashfs/cache.o
  CC [M]  lib/crypto/curve25519-hacl64.o
  CC [M]  sound/pci/asihpi/hpimsginit.o
  CC      crypto/rsa-pkcs1pad.o
  CC [M]  drivers/gpio/gpio-dln2.o
  CC      drivers/pci/controller/dwc/pcie-designware-plat.o
  CC      lib/lzo/lzo1x_compress.o
  CC      lib/lz4/lz4_decompress.o
  CC [M]  sound/core/hwdep.o
  CC      lib/zstd/zstd_compress_module.o
  CC      fs/ext4/extents.o
  AS [M]  arch/x86/crypto/camellia-aesni-avx2-asm_64.o
  CC [M]  drivers/rapidio/rio-scan.o
  CC [M]  arch/x86/crypto/camellia_aesni_avx2_glue.o
  CC      arch/x86/kernel/apic/hw_nmi.o
  CC      fs/proc/proc_net.o
  CC      lib/lzo/lzo1x_decompress_safe.o
  CC [M]  sound/pci/asihpi/hpicmn.o
  CC [M]  drivers/gpio/gpio-dwapb.o
  CC      fs/squashfs/dir.o
  CC      arch/x86/mm/physaddr.o
  CC      net/sched/cls_api.o
  AR      drivers/pci/controller/dwc/built-in.a
  AR      drivers/pci/controller/mobiveil/built-in.a
  CC [M]  drivers/pci/controller/pci-hyperv.o
  CC      crypto/acompress.o
  CC      crypto/scompress.o
  CC      drivers/pci/remove.o
  CC      fs/proc/kcore.o
  AS [M]  arch/x86/crypto/blowfish-x86_64-asm_64.o
  CC      fs/proc/vmcore.o
  AR      drivers/pinctrl/built-in.a
  CC      lib/zstd/compress/fse_compress.o
  CC      fs/ramfs/inode.o
  CC [M]  arch/x86/crypto/blowfish_glue.o
  CC      arch/x86/kernel/apic/io_apic.o
  CC [M]  drivers/video/backlight/l4f00242t03.o
  AR      lib/lzo/built-in.a
  CC      arch/x86/mm/tlb.o
  CC [M]  drivers/rapidio/rio_cm.o
  CC      arch/x86/kernel/cpu/resctrl/monitor.o
  CC      fs/squashfs/export.o
  CC [M]  sound/core/timer.o
  CC [M]  sound/pci/asihpi/hpifunc.o
  CC      kernel/power/swap.o
  CC      lib/zstd/compress/hist.o
  CC      kernel/power/user.o
  CC      kernel/printk/printk_safe.o
  CC [M]  drivers/gpio/gpio-exar.o
  CC      kernel/power/wakelock.o
  CC [M]  sound/pci/asihpi/hpidebug.o
  AS [M]  arch/x86/crypto/cast5-avx-x86_64-asm_64.o
  CC [M]  lib/lz4/lz4_compress.o
  CC [M]  drivers/video/backlight/lms283gf05.o
  CC      lib/zstd/compress/huf_compress.o
  CC [M]  arch/x86/crypto/cast5_avx_glue.o
  CC      fs/ramfs/file-mmu.o
  CC [M]  sound/synth/emux/emux.o
  CC      fs/squashfs/file.o
  CC      fs/ext4/extents_status.o
  CC [M]  drivers/video/backlight/lms501kf03.o
  CC      arch/x86/kernel/cpu/sgx/driver.o
  CC      crypto/algboss.o
  CC      arch/x86/kernel/cpu/resctrl/ctrlmondata.o
  CC      security/selinux/ss/conditional.o
  CC      arch/x86/kernel/cpu/resctrl/pseudo_lock.o
  AS [M]  arch/x86/crypto/cast6-avx-x86_64-asm_64.o
  AR      fs/ramfs/built-in.a
  CC [M]  arch/x86/crypto/cast6_avx_glue.o
  CC      net/sched/act_api.o
  CC      net/core/link_watch.o
  CC [M]  drivers/pci/controller/pci-hyperv-intf.o
  CC [M]  drivers/gpio/gpio-f7188x.o
  CC      net/sched/sch_fifo.o
  CC      net/core/filter.o
  CC      fs/proc/kmsg.o
  CC      arch/x86/kernel/cpu/sgx/encl.o
  AR      drivers/rapidio/built-in.a
  CC      kernel/printk/printk_ringbuffer.o
  CC      fs/proc/page.o
  CC      block/blk-stat.o
  CC      arch/x86/mm/cpu_entry_area.o
  CC      fs/squashfs/fragment.o
  CC      kernel/power/poweroff.o
  AS [M]  arch/x86/crypto/aegis128-aesni-asm.o
  CC [M]  drivers/video/backlight/ltv350qv.o
  AR      fs/jbd2/built-in.a
  CC      kernel/printk/sysctl.o
  CC [M]  sound/synth/emux/emux_synth.o
  CC      fs/squashfs/id.o
  CC [M]  arch/x86/crypto/aegis128-aesni-glue.o
  CC [M]  drivers/video/backlight/otm3225a.o
  CC [M]  lib/crypto/curve25519-generic.o
  CC [M]  sound/pci/asihpi/hpidspcd.o
  CC      crypto/testmgr.o
  CC [M]  drivers/gpio/gpio-gpio-mm.o
  CC      drivers/video/fbdev/core/fb_notify.o
  CC      kernel/power/energy_model.o
  CC [M]  sound/core/hrtimer.o
  CC      drivers/video/fbdev/core/fb_info.o
  CC [M]  drivers/pci/controller/vmd.o
  AR      kernel/printk/built-in.a
  CC      security/selinux/ss/mls.o
  AR      drivers/video/fbdev/omap/built-in.a
  CC      drivers/video/fbdev/core/fbmem.o
  CC      arch/x86/kernel/apic/msi.o
  AR      drivers/video/fbdev/omap2/omapfb/dss/built-in.a
  AR      arch/x86/kernel/cpu/resctrl/built-in.a
  CC      fs/squashfs/inode.o
  CC      fs/proc/bootconfig.o
  CC      security/tomoyo/audit.o
  AR      drivers/video/fbdev/omap2/omapfb/displays/built-in.a
  CC [M]  drivers/gpio/gpio-i8255.o
  AR      drivers/video/fbdev/omap2/omapfb/built-in.a
  AR      drivers/video/fbdev/omap2/built-in.a
  CC      lib/zstd/compress/zstd_compress.o
  CC [M]  sound/usb/misc/ua101.o
  CC [M]  lib/crypto/curve25519.o
  AS [M]  arch/x86/crypto/chacha-avx2-x86_64.o
  CC [M]  sound/core/pcm.o
  CC [M]  sound/pci/asihpi/hpios.o
  CC      lib/zstd/compress/zstd_compress_literals.o
  AS [M]  arch/x86/crypto/chacha-ssse3-x86_64.o
  CC      block/blk-mq-sysfs.o
  CC [M]  sound/pci/asihpi/hpi6000.o
  CC      arch/x86/mm/maccess.o
  CC [M]  arch/x86/crypto/chacha_glue.o
  CC [M]  drivers/video/backlight/platform_lcd.o
  POLICY  security/tomoyo/builtin-policy.h
  AS      arch/x86/kernel/head_64.o
  CC [M]  sound/pci/au88x0/au8810.o
  CC      arch/x86/kernel/cpu/sgx/ioctl.o
  CC      crypto/hmac.o
  AR      fs/proc/built-in.a
  CC [M]  lib/crypto/des.o
  CC      fs/squashfs/namei.o
  CC [M]  sound/firewire/dice/dice-transaction.o
  CC      fs/ext4/file.o
  CC [M]  lib/lz4/lz4hc_compress.o
  CC      block/blk-mq-cpumap.o
  CC [M]  sound/synth/emux/emux_seq.o
  CC [M]  drivers/gpio/gpio-ich.o
  CC      arch/x86/mm/pgprot.o
  CC      drivers/video/fbdev/core/fbcmap.o
  AR      kernel/power/built-in.a
  CC      kernel/irq/irqdesc.o
  CC      arch/x86/kernel/cpu/cacheinfo.o
  CC      security/selinux/ss/context.o
  AR      drivers/pci/controller/built-in.a
  CC      drivers/pci/pci.o
  CC      security/selinux/xfrm.o
  CC      fs/ext4/fsmap.o
  CC [M]  sound/synth/emux/emux_nrpn.o
  CC [M]  drivers/gpio/gpio-idio-16.o
  CC      arch/x86/kernel/apic/apic_numachip.o
  AS [M]  arch/x86/crypto/chacha-avx512vl-x86_64.o
  CC [M]  drivers/video/backlight/tdo24m.o
  CC      security/tomoyo/condition.o
  CC      fs/squashfs/super.o
  CC      crypto/crypto_null.o
  AS [M]  arch/x86/crypto/aesni-intel_asm.o
  LD [M]  sound/usb/misc/snd-ua101.o
  CC      net/sched/ematch.o
  CC [M]  sound/firewire/oxfw/oxfw-command.o
  CC [M]  sound/pci/asihpi/hpi6205.o
  CC      fs/hugetlbfs/inode.o
  CC [M]  sound/firewire/dice/dice-stream.o
  CC [M]  arch/x86/crypto/aesni-intel_glue.o
  CC [M]  sound/usb/usx2y/usbusx2y.o
  CC [M]  sound/core/pcm_native.o
  CC [M]  sound/usb/caiaq/device.o
  CC [M]  lib/crypto/poly1305-donna64.o
  CC      arch/x86/kernel/cpu/sgx/main.o
  CC      arch/x86/mm/hugetlbpage.o
  AS [M]  arch/x86/crypto/aesni-intel_avx-x86_64.o
  CC      block/blk-mq-sched.o
  AS [M]  arch/x86/crypto/aes_ctrby8_avx-x86_64.o
  CC      arch/x86/kernel/apic/x2apic_uv_x.o
  CC [M]  sound/synth/emux/emux_effect.o
  CC [M]  sound/usb/caiaq/audio.o
  CC [M]  drivers/gpio/gpio-it87.o
  CC      kernel/irq/handle.o
  CC [M]  sound/pci/asihpi/hpimsgx.o
  CC      kernel/rcu/update.o
  CC [M]  sound/firewire/oxfw/oxfw-stream.o
  CC      fs/squashfs/symlink.o
  CC [M]  drivers/video/backlight/vgg2432a4.o
  CC      security/selinux/netlabel.o
  CC      drivers/video/fbdev/core/modedb.o
  CC [M]  lib/crypto/poly1305.o
  CC [M]  sound/usb/usx2y/usX2Yhwdep.o
  CC      crypto/md5.o
  AR      lib/lz4/built-in.a
  CC      fs/squashfs/decompressor.o
  AS [M]  arch/x86/crypto/sha1_avx2_x86_64_asm.o
  CC [M]  sound/firewire/dice/dice-proc.o
  CC [M]  drivers/video/backlight/88pm860x_bl.o
  AS [M]  arch/x86/crypto/sha1_ssse3_asm.o
  CC [M]  sound/synth/emux/emux_hwdep.o
  CC      fs/ext4/fsync.o
  CC      arch/x86/mm/dump_pagetables.o
  CC [M]  drivers/gpio/gpio-janz-ttl.o
  CC [M]  arch/x86/crypto/sha1_ssse3_glue.o
  CC      security/selinux/ibpkey.o
  CC      security/tomoyo/domain.o
  LD [M]  lib/crypto/libarc4.o
  CC      arch/x86/kernel/apic/x2apic_phys.o
  AR      fs/hugetlbfs/built-in.a
  CC      lib/zstd/compress/zstd_compress_sequences.o
  CC [M]  net/sched/act_police.o
  CC [M]  sound/pci/au88x0/au8820.o
  CC      kernel/irq/manage.o
  CC      fs/ext4/hash.o
  LD [M]  lib/crypto/libchacha20poly1305.o
  CC [M]  sound/firewire/oxfw/oxfw-pcm.o
  LD [M]  lib/crypto/libcurve25519-generic.o
  CC [M]  sound/usb/usx2y/usx2yhwdeppcm.o
  LD [M]  lib/crypto/libcurve25519.o
  LD [M]  lib/crypto/libdes.o
  CC [M]  sound/usb/caiaq/midi.o
  CC [M]  sound/synth/util_mem.o
  LD [M]  lib/crypto/libpoly1305.o
  AR      lib/crypto/built-in.a
  CC      fs/squashfs/page_actor.o
  CC [M]  sound/synth/emux/soundfont.o
  CC      drivers/idle/intel_idle.o
  CC [M]  drivers/gpio/gpio-kempld.o
  LD [M]  sound/pci/asihpi/snd-asihpi.o
  CC      crypto/sha1_generic.o
  CC [M]  sound/firewire/dice/dice-midi.o
  CC [M]  drivers/gpio/gpio-lp3943.o
  CC [M]  drivers/video/backlight/aat2870_bl.o
  CC      arch/x86/kernel/cpu/sgx/virt.o
  CC [M]  sound/firewire/dice/dice-pcm.o
  CC      block/ioctl.o
  AS [M]  arch/x86/crypto/sha1_ni_asm.o
  CC      lib/zstd/compress/zstd_compress_superblock.o
  CC      arch/x86/kernel/head64.o
  AS [M]  arch/x86/crypto/sha256-ssse3-asm.o
  CC      fs/squashfs/file_direct.o
  AS [M]  arch/x86/crypto/sha256-avx-asm.o
  CC [M]  sound/usb/caiaq/control.o
  CC      security/selinux/ima.o
  CC      arch/x86/mm/kmmio.o
  CC      drivers/video/fbdev/core/fbcvt.o
  AS [M]  arch/x86/crypto/sha256-avx2-asm.o
  CC      kernel/irq/spurious.o
  CC      security/tomoyo/environ.o
  CC [M]  sound/firewire/oxfw/oxfw-proc.o
  CC      drivers/video/aperture.o
  CC      fs/ext4/ialloc.o
  CC [M]  arch/x86/crypto/sha256_ssse3_glue.o
  CC      lib/zstd/compress/zstd_double_fast.o
  CC [M]  net/sched/act_gact.o
  CC      security/tomoyo/file.o
  CC      fs/ext4/indirect.o
  CC [M]  drivers/gpio/gpio-lp873x.o
  CC [M]  sound/firewire/dice/dice-hwdep.o
  CC [M]  drivers/video/backlight/adp5520_bl.o
  CC      kernel/rcu/sync.o
  CC [M]  sound/usb/usx2y/us122l.o
  CC      crypto/sha256_generic.o
  AR      drivers/idle/built-in.a
  CC [M]  drivers/video/backlight/adp8860_bl.o
  CC      fs/squashfs/decompressor_single.o
  CC [M]  sound/synth/emux/emux_proc.o
  CC [M]  sound/pci/aw2/aw2-alsa.o
  CC      arch/x86/kernel/apic/x2apic_cluster.o
  CC [M]  sound/usb/caiaq/input.o
  CC      drivers/pci/pci-driver.o
  CC [M]  sound/firewire/oxfw/oxfw-midi.o
  AR      security/selinux/built-in.a
  CC      fs/ext4/inline.o
  AS [M]  arch/x86/crypto/sha256_ni_asm.o
  CC      kernel/rcu/srcutree.o
  AS [M]  arch/x86/crypto/sha512-ssse3-asm.o
  CC      drivers/video/fbdev/core/fb_cmdline.o
  AS [M]  arch/x86/crypto/sha512-avx-asm.o
  CC [M]  sound/core/pcm_lib.o
  CC      drivers/video/cmdline.o
  CC      kernel/irq/resend.o
  CC [M]  sound/pci/au88x0/au8830.o
  AS [M]  arch/x86/crypto/sha512-avx2-asm.o
  LD [M]  sound/pci/au88x0/snd-au8810.o
  AR      arch/x86/kernel/cpu/sgx/built-in.a
  CC      arch/x86/kernel/cpu/scattered.o
  CC      security/tomoyo/gc.o
  CC [M]  arch/x86/crypto/sha512_ssse3_glue.o
  CC [M]  drivers/gpio/gpio-madera.o
  CC      arch/x86/mm/pf_in.o
  CC      block/genhd.o
  CC [M]  net/sched/act_mirred.o
  LD [M]  sound/synth/emux/snd-emux-synth.o
  CC [M]  sound/firewire/dice/dice.o
  CC      fs/squashfs/xattr.o
  LD [M]  sound/synth/snd-util-mem.o
  CC      fs/squashfs/xattr_id.o
  CC [M]  sound/pci/aw2/aw2-saa7146.o
  CC [M]  sound/firewire/oxfw/oxfw-hwdep.o
  CC      kernel/irq/chip.o
  CC [M]  sound/firewire/dice/dice-tcelectronic.o
  CC [M]  sound/firewire/oxfw/oxfw-spkr.o
  CC      arch/x86/kernel/cpu/topology.o
  CC      arch/x86/kernel/apic/apic_flat_64.o
  CC [M]  sound/firewire/oxfw/oxfw-scs1x.o
  CC      crypto/sha512_generic.o
  LD [M]  sound/usb/caiaq/snd-usb-caiaq.o
  CC [M]  drivers/video/backlight/adp8870_bl.o
  LD [M]  sound/usb/usx2y/snd-usb-usx2y.o
  LD [M]  sound/usb/usx2y/snd-usb-us122l.o
  CC      lib/xz/xz_dec_syms.o
  CC      arch/x86/mm/mmio-mod.o
  CC [M]  sound/usb/6fire/chip.o
  AS [M]  arch/x86/crypto/ghash-clmulni-intel_asm.o
  CC [M]  arch/x86/crypto/ghash-clmulni-intel_glue.o
  CC [M]  drivers/gpio/gpio-max3191x.o
  CC      fs/squashfs/lz4_wrapper.o
  CC [M]  drivers/gpio/gpio-max7300.o
  CC      lib/dim/dim.o
  AR      arch/x86/platform/atom/built-in.a
  CC [M]  arch/x86/platform/atom/punit_atom_debug.o
  CC      drivers/video/fbdev/core/fb_io_fops.o
  CC      arch/x86/net/bpf_jit_comp.o
  LD [M]  sound/pci/aw2/snd-aw2.o
  AR      arch/x86/platform/ce4100/built-in.a
  CC [M]  sound/firewire/dice/dice-alesis.o
  CC      arch/x86/purgatory/purgatory.o
  CC      arch/x86/kernel/cpu/common.o
  CC [M]  arch/x86/kvm/../../../virt/kvm/kvm_main.o
  CC      security/tomoyo/group.o
  CC      kernel/rcu/tree.o
  CC [M]  sound/usb/6fire/comm.o
  CC      arch/x86/kernel/cpu/rdrand.o
  AS      arch/x86/purgatory/stack.o
  CC [M]  sound/firewire/oxfw/oxfw.o
  CC      arch/x86/kernel/apic/probe_64.o
  AS      arch/x86/purgatory/setup-x86_64.o
  CC      lib/xz/xz_dec_stream.o
  CC      fs/ext4/inode.o
  CC [M]  drivers/video/backlight/apple_bl.o
  CC      arch/x86/purgatory/sha256.o
  CC [M]  net/sched/act_sample.o
  CC      drivers/pci/search.o
  AS [M]  arch/x86/crypto/crc32-pclmul_asm.o
  CC      arch/x86/mm/numa.o
  CC [M]  arch/x86/crypto/crc32-pclmul_glue.o
  CC      fs/squashfs/lzo_wrapper.o
  CC      arch/x86/platform/efi/memmap.o
  CC      lib/dim/net_dim.o
  CC      crypto/sha3_generic.o
  CC      arch/x86/platform/efi/quirks.o
  AS      arch/x86/purgatory/entry64.o
  AR      arch/x86/kernel/apic/built-in.a
  CC      lib/dim/rdma_dim.o
  CC [M]  sound/firewire/dice/dice-extension.o
  CC      kernel/irq/dummychip.o
  CC [M]  drivers/gpio/gpio-max7301.o
  CC      block/ioprio.o
  CC [M]  sound/usb/6fire/midi.o
  CC      lib/xz/xz_dec_lzma2.o
  CC [M]  sound/firewire/fireworks/fireworks_transaction.o
  CC [M]  sound/core/pcm_misc.o
  CC      arch/x86/purgatory/string.o
  CC [M]  sound/firewire/fireworks/fireworks_command.o
  AS [M]  arch/x86/crypto/crct10dif-pcl-asm_64.o
  LD      arch/x86/purgatory/purgatory.ro
  LD      arch/x86/purgatory/purgatory.chk
  AS      arch/x86/purgatory/kexec-purgatory.o
  LD [M]  sound/firewire/oxfw/snd-oxfw.o
  CC      lib/zstd/compress/zstd_fast.o
  CC [M]  arch/x86/crypto/crct10dif-pclmul_glue.o
  AR      arch/x86/purgatory/built-in.a
  CC [M]  drivers/video/fbdev/matrox/matroxfb_base.o
  CC      net/core/sock_diag.o
  CC      security/tomoyo/load_policy.o
  CC [M]  drivers/video/fbdev/riva/fbdev.o
  CC      drivers/video/fbdev/core/fb_backlight.o
  CC [M]  drivers/video/backlight/as3711_bl.o
  CC      fs/squashfs/xz_wrapper.o
  CC      drivers/char/ipmi/ipmi_dmi.o
  CC      arch/x86/kernel/cpu/match.o
  CC [M]  net/sched/act_ipt.o
  AR      lib/dim/built-in.a
  CC [M]  sound/firewire/dice/dice-mytek.o
  CC      arch/x86/kernel/ebda.o
  LD [M]  sound/pci/au88x0/snd-au8820.o
  CC      crypto/ecb.o
  LD [M]  sound/pci/au88x0/snd-au8830.o
  CC [M]  sound/usb/6fire/control.o
  PERLASM arch/x86/crypto/poly1305-x86_64-cryptogams.S
  CC [M]  drivers/gpio/gpio-max730x.o
  CC      kernel/irq/devres.o
  CC      lib/xz/xz_dec_bcj.o
  CC [M]  sound/pci/ctxfi/xfi.o
  CC      drivers/pci/pci-sysfs.o
  CC [M]  arch/x86/crypto/poly1305_glue.o
  CC [M]  lib/xz/xz_dec_test.o
  CC [M]  sound/firewire/fireworks/fireworks_stream.o
  CC      crypto/cbc.o
  CC [M]  sound/core/pcm_memory.o
  CC      fs/squashfs/zlib_wrapper.o
  CC      arch/x86/mm/numa_64.o
  CC [M]  arch/x86/kvm/../../../virt/kvm/eventfd.o
  CC [M]  sound/firewire/fireworks/fireworks_proc.o
  CC      security/tomoyo/memory.o
  CC      block/badblocks.o
  CC      arch/x86/platform/efi/efi.o
  CC [M]  sound/usb/hiface/chip.o
  CC [M]  drivers/video/backlight/bd6107.o
  CC      arch/x86/kernel/cpu/bugs.o
  CC [M]  sound/firewire/dice/dice-presonus.o
  CC [M]  sound/usb/6fire/firmware.o
  AR      lib/xz/built-in.a
  CC [M]  sound/usb/hiface/pcm.o
  CC [M]  sound/pci/ctxfi/ctatc.o
  CC      kernel/irq/generic-chip.o
  CC [M]  drivers/gpio/gpio-max732x.o
  AS [M]  arch/x86/crypto/nh-sse2-x86_64.o
  CC      crypto/cts.o
  CC      drivers/char/ipmi/ipmi_plat_data.o
  CC [M]  arch/x86/crypto/nhpoly1305-sse2-glue.o
  CC [M]  drivers/video/fbdev/riva/riva_hw.o
  CC      block/blk-rq-qos.o
  CC      arch/x86/mm/amdtopology.o
  AR      arch/x86/net/built-in.a
  CC      net/netlink/af_netlink.o
  CC      drivers/video/fbdev/core/fbmon.o
  CC      fs/squashfs/zstd_wrapper.o
  CC [M]  net/sched/act_nat.o
  CC [M]  arch/x86/kvm/../../../virt/kvm/binary_stats.o
  CC      drivers/pci/rom.o
  CC [M]  sound/firewire/fireworks/fireworks_midi.o
  CC [M]  sound/firewire/dice/dice-harman.o
  CC [M]  sound/usb/6fire/pcm.o
  AS [M]  arch/x86/crypto/nh-avx2-x86_64.o
  CC      net/core/dev_ioctl.o
  CC [M]  drivers/video/backlight/cr_bllcd.o
  CC [M]  arch/x86/crypto/nhpoly1305-avx2-glue.o
  CC      drivers/pci/setup-res.o
  LD [M]  sound/usb/hiface/snd-usb-hiface.o
  CC      arch/x86/platform/efi/efi_64.o
  CC [M]  arch/x86/kvm/../../../virt/kvm/vfio.o
  CC      security/tomoyo/mount.o
  CC [M]  drivers/video/fbdev/matrox/matroxfb_accel.o
  CC [M]  sound/core/memalloc.o
  CC      crypto/xts.o
  CC      arch/x86/mm/srat.o
  CC [M]  drivers/gpio/gpio-mb86s7x.o
  CC      block/disk-events.o
  AR      fs/squashfs/built-in.a
  CC [M]  arch/x86/kvm/../../../virt/kvm/coalesced_mmio.o
  CC      kernel/irq/autoprobe.o
  CC [M]  arch/x86/crypto/curve25519-x86_64.o
  CC [M]  drivers/char/ipmi/ipmi_msghandler.o
  CC [M]  sound/firewire/dice/dice-focusrite.o
  CC [M]  sound/pci/ctxfi/ctvmem.o
  CC [M]  sound/firewire/fireworks/fireworks_pcm.o
  CC [M]  drivers/video/fbdev/nvidia/nvidia.o
  LD [M]  sound/usb/6fire/snd-usb-6fire.o
  CC [M]  sound/usb/bcd2000/bcd2000.o
  CC [M]  sound/usb/line6/capture.o
  CC [M]  drivers/video/backlight/da903x_bl.o
  CC      drivers/video/fbdev/core/fb_defio.o
  CC [M]  drivers/gpio/gpio-mc33880.o
  CC      arch/x86/mm/numa_emulation.o
  CC [M]  drivers/video/fbdev/riva/nv_driver.o
  CC      crypto/ctr.o
  CC [M]  drivers/video/fbdev/nvidia/nv_hw.o
  CC [M]  net/sched/act_pedit.o
  CC [M]  drivers/video/fbdev/nvidia/nv_setup.o
  CC [M]  sound/firewire/dice/dice-weiss.o
  CC      kernel/irq/irqdomain.o
  CC      security/tomoyo/network.o
  CC      lib/zstd/compress/zstd_lazy.o
  CC      drivers/pci/irq.o
  CC [M]  sound/pci/ctxfi/ctpcm.o
  AS      arch/x86/platform/efi/efi_stub_64.o
  CC      fs/ext4/ioctl.o
  CC [M]  sound/firewire/fireworks/fireworks_hwdep.o
  CC      arch/x86/kernel/cpu/aperfmperf.o
  AS      arch/x86/platform/efi/efi_thunk_64.o
  CC [M]  sound/firewire/bebob/bebob_command.o
  CC      arch/x86/platform/efi/runtime-map.o
  CC [M]  sound/core/pcm_timer.o
  CC      kernel/rcu/rcu_segcblist.o
  CC      crypto/gcm.o
  LD [M]  sound/usb/bcd2000/snd-bcd2000.o
  CC      block/blk-ia-ranges.o
  CC [M]  sound/firewire/digi00x/amdtp-dot.o
  AS [M]  arch/x86/crypto/sm4-aesni-avx-asm_64.o
  CC [M]  drivers/video/fbdev/matrox/matroxfb_DAC1064.o
  CC [M]  drivers/gpio/gpio-menz127.o
  CC [M]  sound/usb/line6/driver.o
  CC [M]  drivers/video/backlight/da9052_bl.o
  CC      arch/x86/mm/pkeys.o
  CC [M]  arch/x86/crypto/sm4_aesni_avx_glue.o
  CC      net/core/tso.o
  CC [M]  drivers/video/fbdev/riva/rivafb-i2c.o
  LD [M]  sound/firewire/dice/snd-dice.o
  CC [M]  sound/firewire/digi00x/digi00x-stream.o
  CC [M]  drivers/video/fbdev/matrox/matroxfb_Ti3026.o
  CC [M]  sound/pci/ctxfi/ctmixer.o
  CC [M]  sound/core/pcm_drm_eld.o
  CC [M]  sound/firewire/fireworks/fireworks.o
  AR      kernel/rcu/built-in.a
  CC [M]  sound/firewire/bebob/bebob_stream.o
  CC      net/bpf/test_run.o
  CC [M]  drivers/gpio/gpio-ml-ioh.o
  AR      arch/x86/platform/geode/built-in.a
  CC      arch/x86/kernel/cpu/cpuid-deps.o
  CC [M]  drivers/video/fbdev/matrox/matroxfb_misc.o
  CC      drivers/video/fbdev/core/fb_chrdev.o
  CC [M]  net/sched/act_simple.o
  AR      arch/x86/platform/efi/built-in.a
  CC [M]  drivers/video/fbdev/nvidia/nv_accel.o
  CC      drivers/pci/vpd.o
  AR      arch/x86/platform/iris/built-in.a
  CC      arch/x86/mm/kaslr.o
  CC      arch/x86/platform/intel/iosf_mbi.o
  CC      net/netlink/genetlink.o
  CC      security/tomoyo/realpath.o
  LD [M]  drivers/video/fbdev/riva/rivafb.o
  CC [M]  drivers/video/backlight/gpio_backlight.o
  CC      arch/x86/kernel/cpu/umwait.o
  CC [M]  drivers/gpio/gpio-pca953x.o
  CC      crypto/aes_generic.o
  CC [M]  arch/x86/kvm/../../../virt/kvm/async_pf.o
  AS [M]  arch/x86/crypto/sm4-aesni-avx2-asm_64.o
  CC      kernel/irq/proc.o
  CC [M]  sound/firewire/digi00x/digi00x-proc.o
  CC      block/early-lookup.o
  CC [M]  arch/x86/crypto/sm4_aesni_avx2_glue.o
  CC [M]  sound/firewire/bebob/bebob_proc.o
  LD [M]  sound/firewire/fireworks/snd-fireworks.o
  CC [M]  drivers/video/fbdev/matrox/g450_pll.o
  CC [M]  sound/usb/line6/midi.o
  CC [M]  drivers/video/fbdev/nvidia/nv_of.o
  CC      arch/x86/mm/pti.o
  CC      drivers/pci/setup-bus.o
  CC      fs/ext4/mballoc.o
  CC [M]  sound/pci/ctxfi/ctresource.o
  CC [M]  sound/core/pcm_iec958.o
  CC      drivers/video/fbdev/core/fb_procfs.o
  LD [M]  arch/x86/crypto/twofish-x86_64.o
  LD [M]  arch/x86/crypto/twofish-x86_64-3way.o
  CC [M]  drivers/video/fbdev/aty/atyfb_base.o
  LD [M]  arch/x86/crypto/twofish-avx-x86_64.o
  CC [M]  net/sched/act_skbedit.o
  LD [M]  arch/x86/crypto/serpent-sse2-x86_64.o
  CC      arch/x86/kernel/cpu/proc.o
  LD [M]  arch/x86/crypto/serpent-avx-x86_64.o
  LD [M]  arch/x86/crypto/serpent-avx2.o
  CC [M]  drivers/video/fbdev/sis/sis_main.o
  LD [M]  arch/x86/crypto/des3_ede-x86_64.o
  CC      kernel/irq/migration.o
  LD [M]  arch/x86/crypto/camellia-x86_64.o
  CC [M]  sound/firewire/digi00x/digi00x-pcm.o
  CC [M]  drivers/video/backlight/ktd253-backlight.o
  CC      block/bsg.o
  LD [M]  arch/x86/crypto/camellia-aesni-avx-x86_64.o
  CC      security/tomoyo/securityfs_if.o
  LD [M]  arch/x86/crypto/camellia-aesni-avx2.o
  LD [M]  arch/x86/crypto/blowfish-x86_64.o
  CC      drivers/pci/vc.o
  CC      net/core/sock_reuseport.o
  LD [M]  arch/x86/crypto/cast5-avx-x86_64.o
  LD [M]  arch/x86/crypto/cast6-avx-x86_64.o
  LD [M]  arch/x86/crypto/aegis128-aesni.o
  CC [M]  drivers/char/ipmi/ipmi_devintf.o
  AR      arch/x86/platform/intel/built-in.a
  LD [M]  arch/x86/crypto/chacha-x86_64.o
  AR      arch/x86/platform/intel-mid/built-in.a
  LD [M]  arch/x86/crypto/aesni-intel.o
  AR      arch/x86/platform/intel-quark/built-in.a
  CC [M]  arch/x86/kvm/../../../virt/kvm/irqchip.o
  LD [M]  arch/x86/crypto/sha1-ssse3.o
  CC [M]  drivers/video/fbdev/sis/sis_accel.o
  AR      arch/x86/platform/olpc/built-in.a
  LD [M]  arch/x86/crypto/sha256-ssse3.o
  CC [M]  sound/firewire/bebob/bebob_midi.o
  AR      arch/x86/platform/scx200/built-in.a
  LD [M]  arch/x86/crypto/sha512-ssse3.o
  AR      arch/x86/platform/ts5500/built-in.a
  LD [M]  arch/x86/crypto/ghash-clmulni-intel.o
  CC [M]  sound/pci/ctxfi/ctsrc.o
  LD [M]  arch/x86/crypto/crc32-pclmul.o
  CC      arch/x86/platform/uv/bios_uv.o
  CC      crypto/deflate.o
  CC [M]  drivers/gpio/gpio-pca9570.o
  CC [M]  sound/core/pcm_dmaengine.o
  LD [M]  arch/x86/crypto/crct10dif-pclmul.o
  AS [M]  arch/x86/crypto/poly1305-x86_64-cryptogams.o
  CC [M]  drivers/video/fbdev/nvidia/nv_i2c.o
  CC      arch/x86/mm/mem_encrypt.o
  LD [M]  arch/x86/crypto/nhpoly1305-sse2.o
  LD [M]  arch/x86/crypto/nhpoly1305-avx2.o
  CC      kernel/irq/cpuhotplug.o
  CC      drivers/video/fbdev/core/fbsysfs.o
  LD [M]  arch/x86/crypto/sm4-aesni-avx-x86_64.o
  MKCAP   arch/x86/kernel/cpu/capflags.c
  LD [M]  arch/x86/crypto/sm4-aesni-avx2-x86_64.o
  AR      arch/x86/crypto/built-in.a
  LD [M]  arch/x86/crypto/poly1305-x86_64.o
  CC [M]  drivers/video/fbdev/sis/init.o
  CC [M]  sound/usb/line6/midibuf.o
  CC [M]  sound/firewire/digi00x/digi00x-hwdep.o
  CC [M]  drivers/video/fbdev/aty/mach64_accel.o
  CC [M]  drivers/video/backlight/lm3533_bl.o
  CC      net/core/fib_notifier.o
  CC [M]  sound/firewire/bebob/bebob_pcm.o
  CC      net/netlink/policy.o
  CC [M]  drivers/char/ipmi/ipmi_si_intf.o
  CC      crypto/crc32c_generic.o
  CC      kernel/irq/pm.o
  CC      arch/x86/mm/mem_encrypt_amd.o
  CC [M]  drivers/video/fbdev/matrox/matroxfb_g450.o
  CC      security/tomoyo/tomoyo.o
  CC [M]  drivers/gpio/gpio-pcf857x.o
  CC [M]  sound/usb/line6/pcm.o
  CC [M]  arch/x86/kvm/../../../virt/kvm/dirty_ring.o
  CC [M]  net/sched/act_csum.o
  CC      block/bsg-lib.o
  CC [M]  drivers/gpio/gpio-pcie-idio-24.o
  CC [M]  sound/pci/ctxfi/ctamixer.o
  CC [M]  drivers/video/fbdev/nvidia/nv_backlight.o
  CC      net/bpf/bpf_dummy_struct_ops.o
  CC [M]  sound/pci/ca0106/ca0106_main.o
  CC [M]  sound/firewire/digi00x/digi00x-transaction.o
  CC      crypto/crct10dif_common.o
  CC      drivers/video/fbdev/core/fbcon.o
  CC [M]  sound/core/seq_device.o
  CC      drivers/pci/mmap.o
  CC [M]  sound/firewire/bebob/bebob_hwdep.o
  CC [M]  drivers/video/fbdev/aty/mach64_cursor.o
  CC [M]  drivers/video/backlight/lm3630a_bl.o
  CC      arch/x86/platform/uv/uv_irq.o
  CC [M]  net/netlink/diag.o
  CC      kernel/irq/msi.o
  CC      lib/fonts/fonts.o
  CC [M]  drivers/gpio/gpio-pci-idio-16.o
  CC [M]  sound/pci/ctxfi/ctdaio.o
  LD [M]  drivers/video/fbdev/nvidia/nvidiafb.o
  CC      block/blk-cgroup.o
  CC      crypto/crct10dif_generic.o
  CC [M]  sound/firewire/digi00x/digi00x-midi.o
  CC [M]  arch/x86/kvm/../../../virt/kvm/pfncache.o
  CC [M]  sound/firewire/tascam/tascam-proc.o
  CC [M]  drivers/char/ipmi/ipmi_kcs_sm.o
  CC      security/tomoyo/util.o
  CC      net/core/xdp.o
  CC      arch/x86/mm/mem_encrypt_identity.o
  CC      drivers/pci/setup-irq.o
  CC [M]  sound/usb/line6/playback.o
  CC [M]  sound/firewire/digi00x/digi00x.o
  AR      net/bpf/built-in.a
  CC [M]  sound/firewire/bebob/bebob_terratec.o
  CC [M]  sound/firewire/tascam/amdtp-tascam.o
  CC [M]  drivers/video/fbdev/aty/mach64_gx.o
  CC [M]  sound/core/rawmidi.o
  CC      crypto/crc64_rocksoft_generic.o
  CC [M]  drivers/video/fbdev/matrox/matroxfb_crtc2.o
  CC      lib/fonts/font_8x8.o
  CC [M]  drivers/gpio/gpio-pisosr.o
  CC      lib/fonts/font_8x16.o
  CC [M]  sound/pci/ca0106/ca0106_mixer.o
  CC [M]  net/sched/act_mpls.o
  CC [M]  drivers/video/backlight/lm3639_bl.o
  CC [M]  sound/firewire/tascam/tascam-stream.o
  AR      net/netlink/built-in.a
  CC [M]  drivers/video/fbdev/via/viafbdev.o
  LD [M]  net/netlink/netlink_diag.o
  CC      arch/x86/platform/uv/uv_time.o
  CC [M]  drivers/video/fbdev/kyro/STG4000Ramdac.o
  CC [M]  sound/pci/ctxfi/ctimap.o
  CC      drivers/pci/proc.o
  AS      arch/x86/mm/mem_encrypt_boot.o
  CC      crypto/lzo.o
  CC [M]  drivers/char/ipmi/ipmi_smic_sm.o
  CC [M]  sound/firewire/bebob/bebob_yamaha_terratec.o
  AR      arch/x86/mm/built-in.a
  CC [M]  sound/pci/ctxfi/cthardware.o
  CC      drivers/pci/slot.o
  LD [M]  sound/firewire/digi00x/snd-firewire-digi00x.o
  CC      net/ethtool/ioctl.o
  CC      net/ethtool/common.o
  CC [M]  sound/usb/line6/pod.o
  CC      lib/fonts/font_acorn_8x8.o
  CC [M]  drivers/video/fbdev/via/hw.o
  CC [M]  drivers/gpio/gpio-rdc321x.o
  CC      lib/fonts/font_6x10.o
  CC      lib/fonts/font_ter16x32.o
  CC      kernel/irq/affinity.o
  CC [M]  sound/pci/ca0106/ca_midi.o
  CC [M]  drivers/video/fbdev/aty/mach64_ct.o
  CC      security/tomoyo/common.o
  CC [M]  drivers/video/fbdev/kyro/STG4000VTG.o
  CC [M]  sound/firewire/tascam/tascam-pcm.o
  CC [M]  drivers/video/fbdev/matrox/i2c-matroxfb.o
  CC [M]  drivers/video/backlight/lp855x_bl.o
  CC [M]  arch/x86/kvm/x86.o
  CC      crypto/lzo-rle.o
  CC      arch/x86/platform/uv/uv_nmi.o
  CC [M]  net/sched/act_vlan.o
  CC [M]  sound/firewire/bebob/bebob_focusrite.o
  CC [M]  sound/pci/ctxfi/cttimer.o
  CC [M]  drivers/char/ipmi/ipmi_bt_sm.o
  CC [M]  drivers/video/fbdev/sis/init301.o
  CC [M]  drivers/video/fbdev/aty/aty128fb.o
  AR      lib/fonts/built-in.a
  CC      fs/fat/cache.o
  CC [M]  sound/usb/line6/podhd.o
  CC      kernel/irq/matrix.o
  CC [M]  drivers/gpio/gpio-sch311x.o
  CC      drivers/video/fbdev/core/bitblit.o
  CC      block/blk-cgroup-rwstat.o
  CC      fs/fat/dir.o
  CC [M]  drivers/video/fbdev/kyro/STG4000OverlayDevice.o
  CC [M]  sound/pci/ca0106/ca0106_proc.o
  CC      fs/ext4/migrate.o
  CC      crypto/rng.o
  CC [M]  sound/firewire/tascam/tascam-hwdep.o
  CC      drivers/pci/pci-acpi.o
  CC [M]  sound/firewire/bebob/bebob_maudio.o
  CC      net/core/flow_offload.o
  CC [M]  drivers/video/backlight/lp8788_bl.o
  CC      fs/ext4/mmp.o
  CC [M]  drivers/video/fbdev/matrox/matroxfb_maven.o
  CC [M]  sound/pci/ctxfi/cthw20k2.o
  CC [M]  sound/core/compress_offload.o
  CC [M]  drivers/video/fbdev/via/via_i2c.o
  CC [M]  drivers/char/ipmi/ipmi_si_hotmod.o
  CC [M]  drivers/gpio/gpio-sch.o
  CC      fs/ext4/move_extent.o
  CC [M]  sound/usb/line6/toneport.o
  CC      lib/zstd/compress/zstd_ldm.o
  CC [M]  net/sched/act_bpf.o
  AR      arch/x86/platform/uv/built-in.a
  AR      arch/x86/platform/built-in.a
  CC      drivers/video/fbdev/core/softcursor.o
  CC [M]  drivers/video/fbdev/kyro/STG4000InitDevice.o
  LD [M]  sound/pci/ca0106/snd-ca0106.o
  CC [M]  net/netfilter/ipset/ip_set_core.o
  CC [M]  sound/firewire/tascam/tascam-transaction.o
  CC [M]  sound/firewire/motu/motu.o
  AR      kernel/irq/built-in.a
  CC      fs/ext4/namei.o
  CC      kernel/livepatch/core.o
  CC [M]  drivers/video/fbdev/aty/radeon_base.o
  CC [M]  sound/firewire/bebob/bebob.o
  CC [M]  sound/firewire/motu/amdtp-motu.o
  CC      block/blk-cgroup-fc-appid.o
  CC [M]  drivers/char/ipmi/ipmi_si_hardcode.o
  CC [M]  drivers/gpio/gpio-siox.o
  CC [M]  drivers/video/backlight/lv5207lp.o
  CC [M]  sound/usb/line6/variax.o
  CC      crypto/drbg.o
  CC [M]  drivers/video/backlight/max8925_bl.o
  CC [M]  drivers/video/fbdev/kyro/fbdev.o
  CC      drivers/video/fbdev/core/tileblit.o
  CC [M]  sound/pci/ctxfi/cthw20k1.o
  CC [M]  sound/firewire/tascam/tascam-midi.o
  CC      drivers/video/fbdev/core/fbcon_rotate.o
  CC      drivers/pci/quirks.o
  CC [M]  drivers/video/backlight/pandora_bl.o
  LD [M]  sound/core/snd.o
  AR      security/tomoyo/built-in.a
  CC [M]  drivers/gpio/gpio-tpic2810.o
  CC      security/apparmor/apparmorfs.o
  CC      fs/fat/fatent.o
  LD [M]  sound/core/snd-ctl-led.o
  CC [M]  net/sched/act_connmark.o
  CC [M]  drivers/char/ipmi/ipmi_si_platform.o
  LD [M]  sound/core/snd-hwdep.o
  LD [M]  sound/firewire/bebob/snd-bebob.o
  LD [M]  sound/core/snd-timer.o
  CC [M]  drivers/video/fbdev/via/dvi.o
  LD [M]  sound/core/snd-hrtimer.o
  CC      security/apparmor/audit.o
  LD [M]  sound/core/snd-pcm.o
  LD [M]  sound/usb/line6/snd-usb-line6.o
  LD [M]  sound/core/snd-pcm-dmaengine.o
  GEN     security/apparmor/capability_names.h
  LD [M]  sound/usb/line6/snd-usb-pod.o
  LD [M]  sound/core/snd-seq-device.o
  CC      arch/x86/kernel/platform-quirks.o
  CC      net/core/gro.o
  LD [M]  sound/core/snd-rawmidi.o
  LD [M]  sound/usb/line6/snd-usb-podhd.o
  LD [M]  sound/core/snd-compress.o
  LD [M]  sound/usb/line6/snd-usb-toneport.o
  LD [M]  sound/usb/line6/snd-usb-variax.o
  CC      kernel/livepatch/patch.o
  CC [M]  sound/usb/card.o
  CC [M]  drivers/video/fbdev/sis/initextlfb.o
  CC [M]  drivers/video/fbdev/aty/radeon_pm.o
  CC [M]  sound/firewire/motu/motu-transaction.o
  CC      block/blk-throttle.o
  LD [M]  drivers/video/fbdev/kyro/kyrofb.o
  CC      drivers/video/nomodeset.o
  CC      net/ethtool/netlink.o
  CC [M]  sound/usb/clock.o
  CC [M]  sound/firewire/tascam/tascam.o
  CC [M]  drivers/char/ipmi/ipmi_si_port_io.o
  CC [M]  drivers/video/backlight/pcf50633-backlight.o
  CC      kernel/dma/mapping.o
  CC      kernel/entry/common.o
  CC      drivers/video/fbdev/core/fbcon_cw.o
  CC [M]  drivers/gpio/gpio-tps65086.o
  CC      kernel/module/main.o
  CC      crypto/jitterentropy.o
  CC      kernel/livepatch/shadow.o
  CC [M]  drivers/video/fbdev/via/lcd.o
  CC      crypto/jitterentropy-kcapi.o
  CC      fs/fat/file.o
  CC      security/apparmor/task.o
  CC [M]  sound/firewire/motu/motu-stream.o
  CC      arch/x86/kernel/cpu/powerflags.o
  LD [M]  sound/pci/ctxfi/snd-ctxfi.o
  CC [M]  drivers/gpio/gpio-tps65912.o
  CC [M]  net/sched/act_ctinfo.o
  CC [M]  sound/pci/cs46xx/cs46xx.o
  CC [M]  drivers/char/ipmi/ipmi_si_mem_io.o
  LD [M]  sound/firewire/tascam/snd-firewire-tascam.o
  CC      net/ipv4/bpfilter/sockopt.o
  CC [M]  sound/pci/cs46xx/cs46xx_lib.o
  CC [M]  sound/usb/endpoint.o
  CC [M]  sound/pci/cs46xx/dsp_spos.o
  CC      net/core/netdev-genl.o
  CC [M]  drivers/video/backlight/pwm_bl.o
  CC      crypto/ghash-generic.o
  CC [M]  drivers/video/fbdev/aty/radeon_monitor.o
  CC [M]  net/netfilter/ipset/ip_set_getport.o
  CC      kernel/entry/syscall_user_dispatch.o
  CC      drivers/video/fbdev/core/fbcon_ud.o
  CC [M]  drivers/gpio/gpio-tps68470.o
  CC [M]  sound/firewire/motu/motu-proc.o
  CC [M]  drivers/char/ipmi/ipmi_si_pci.o
  CC      kernel/livepatch/state.o
  CC      block/blk-ioprio.o
  CC      crypto/hash_info.o
  CC      kernel/entry/kvm.o
  CC [M]  drivers/video/fbdev/via/ioctl.o
  CC      fs/ext4/page-io.o
  CC      crypto/kdf_sp800108.o
  CC      kernel/dma/direct.o
  CC      security/yama/yama_lsm.o
  AR      net/ipv4/bpfilter/built-in.a
  CC [M]  drivers/gpio/gpio-tqmx86.o
  CC      net/ethtool/bitset.o
  AR      net/ipv4/netfilter/built-in.a
  CC [M]  net/ipv4/netfilter/nf_defrag_ipv4.o
  CC      security/safesetid/lsm.o
  CC      security/apparmor/ipc.o
  CC [M]  drivers/video/backlight/qcom-wled.o
  CC      fs/fat/inode.o
  CC      drivers/pci/ats.o
  CC      security/apparmor/lib.o
  CC      net/core/netdev-genl-gen.o
  CC      arch/x86/kernel/cpu/feat_ctl.o
  CC [M]  net/sched/act_skbmod.o
  CC [M]  sound/firewire/motu/motu-pcm.o
  CC [M]  sound/usb/format.o
  CC [M]  drivers/char/ipmi/ipmi_ssif.o
  CC [M]  drivers/video/fbdev/aty/radeon_accel.o
  CC      net/ipv4/route.o
  CC      block/blk-iocost.o
  CC      drivers/video/fbdev/core/fbcon_ccw.o
  CC [M]  crypto/crypto_engine.o
  CC [M]  drivers/video/fbdev/via/accel.o
  CC [M]  drivers/gpio/gpio-twl4030.o
  CC      kernel/livepatch/transition.o
  LD [M]  drivers/video/fbdev/sis/sisfb.o
  CC      arch/x86/kernel/cpu/intel.o
  AR      security/yama/built-in.a
  CC      kernel/dma/ops_helpers.o
  CC [M]  drivers/video/fbdev/aty/radeon_i2c.o
  CC      security/safesetid/securityfs.o
  CC [M]  drivers/video/fbdev/aty/radeon_backlight.o
  CC      fs/ext4/readpage.o
  CC      net/core/gso.o
  CC [M]  sound/pci/cs46xx/dsp_spos_scb_lib.o
  CC [M]  drivers/video/backlight/rt4831-backlight.o
  AR      kernel/entry/built-in.a
  CC [M]  net/netfilter/ipset/pfxlen.o
  CC      security/apparmor/match.o
  CC [M]  sound/firewire/motu/motu-midi.o
  CC [M]  sound/usb/helper.o
  CC      net/ethtool/strset.o
  CC      security/apparmor/path.o
  CC [M]  drivers/gpio/gpio-twl6040.o
  CC      drivers/pci/iov.o
  CC      security/lockdown/lockdown.o
  CC      security/bpf/hooks.o
  CC [M]  net/sched/act_tunnel_key.o
  CC      drivers/video/fbdev/core/cfbfillrect.o
  CC      kernel/dma/dummy.o
  AR      security/safesetid/built-in.a
  CC [M]  drivers/video/fbdev/via/via_utility.o
  CC      net/ethtool/linkinfo.o
  CC      kernel/module/strict_rwx.o
  CC [M]  net/netfilter/ipset/ip_set_bitmap_ip.o
  CC [M]  crypto/echainiv.o
  CC      fs/fat/misc.o
  CC [M]  sound/usb/implicit.o
  CC [M]  sound/firewire/motu/motu-hwdep.o
  CC [M]  net/ipv4/netfilter/nf_socket_ipv4.o
  CC [M]  drivers/char/ipmi/ipmi_watchdog.o
  CC      fs/ext4/resize.o
  LD [M]  drivers/video/fbdev/aty/atyfb.o
  CC [M]  drivers/video/backlight/kb3886_bl.o
  LD [M]  drivers/video/fbdev/aty/radeonfb.o
  AR      security/lockdown/built-in.a
  AR      kernel/livepatch/built-in.a
  CC [M]  net/netfilter/ipset/ip_set_bitmap_ipmac.o
  CC      fs/ext4/super.o
  CC      kernel/dma/swiotlb.o
  CC [M]  net/ipv4/netfilter/nf_tproxy_ipv4.o
  LD [M]  sound/pci/cs46xx/snd-cs46xx.o
  CC [M]  drivers/gpio/gpio-viperboard.o
  CC [M]  net/netfilter/ipset/ip_set_bitmap_port.o
  CC [M]  sound/pci/lola/lola.o
  AR      security/bpf/built-in.a
  CC      kernel/module/kmod.o
  CC      fs/ext4/symlink.o
  CC      arch/x86/kernel/cpu/intel_pconfig.o
  CC [M]  sound/pci/lola/lola_pcm.o
  CC [M]  drivers/video/fbdev/via/vt1636.o
  CC      net/ethtool/linkmodes.o
  CC      security/apparmor/domain.o
  ASN.1   crypto/sm2signature.asn1.[ch]
  ASN.1   crypto/ecdsasignature.asn1.[ch]
  CC [M]  crypto/crypto_user_base.o
  CC      arch/x86/kernel/cpu/tsx.o
  CC      net/core/net-sysfs.o
  CC [M]  sound/firewire/motu/motu-protocol-v2.o
  CC [M]  sound/usb/mixer.o
  CC      lib/zstd/compress/zstd_opt.o
  CC      drivers/pci/pci-label.o
  CC [M]  sound/pci/lola/lola_clock.o
  CC [M]  drivers/gpio/gpio-virtio.o
  CC [M]  drivers/video/backlight/sky81452-backlight.o
  CC [M]  drivers/char/ipmi/ipmi_poweroff.o
  CC [M]  net/sched/act_ct.o
  CC      drivers/video/fbdev/core/cfbcopyarea.o
  CC      block/mq-deadline.o
  CC      fs/fat/nfs.o
  CC [M]  net/sched/act_gate.o
  CC [M]  crypto/crypto_user_stat.o
  CC      arch/x86/kernel/cpu/intel_epb.o
  CC      security/apparmor/policy.o
  CC [M]  sound/firewire/fireface/ff.o
  CC      kernel/dma/pool.o
  CC [M]  drivers/video/fbdev/via/global.o
  CC      kernel/time/time.o
  CC [M]  sound/firewire/motu/motu-protocol-v3.o
  CC      kernel/module/signing.o
  CC [M]  net/netfilter/ipset/ip_set_hash_ip.o
  CC      drivers/pci/vgaarb.o
  CC [M]  sound/pci/lola/lola_mixer.o
  CC      arch/x86/kernel/cpu/amd.o
  CC      net/ethtool/rss.o
  CC [M]  sound/firewire/fireface/ff-transaction.o
  CC      drivers/video/hdmi.o
  LD [M]  drivers/char/ipmi/ipmi_si.o
  CC      fs/fat/namei_vfat.o
  AR      drivers/char/ipmi/built-in.a
  CC [M]  drivers/gpio/gpio-vx855.o
  CC [M]  drivers/video/backlight/wm831x_bl.o
  CC [M]  sound/firewire/fireface/ff-midi.o
  CC [M]  drivers/gpio/gpio-wcove.o
  CC [M]  net/ipv4/netfilter/nf_reject_ipv4.o
  CC [M]  crypto/cmac.o
  CC      kernel/futex/core.o
  CC      kernel/dma/remap.o
  CC [M]  drivers/video/fbdev/savage/savagefb_driver.o
  CC [M]  sound/firewire/motu/motu-protocol-v1.o
  CC [M]  drivers/video/fbdev/via/tblDPASetting.o
  CC [M]  drivers/video/fbdev/savage/savagefb-i2c.o
  CC      kernel/time/timer.o
  LD [M]  sound/pci/lola/snd-lola.o
  CC      drivers/video/fbdev/core/cfbimgblt.o
  CC      block/bio-integrity.o
  CC      kernel/module/livepatch.o
  CC      kernel/time/hrtimer.o
  CC [M]  sound/pci/lx6464es/lx6464es.o
  CC [M]  sound/firewire/fireface/ff-proc.o
  CC [M]  sound/usb/mixer_quirks.o
  CC      net/ethtool/linkstate.o
  CC [M]  crypto/vmac.o
  CC [M]  drivers/video/backlight/arcxcnn_bl.o
  AR      kernel/dma/built-in.a
  CC [M]  drivers/gpio/gpio-winbond.o
  CC [M]  sound/firewire/fireface/amdtp-ff.o
  CC [M]  fs/fat/namei_msdos.o
  CC [M]  sound/pci/lx6464es/lx_core.o
  CC [M]  drivers/video/fbdev/via/viamode.o
  CC [M]  sound/usb/mixer_scarlett.o
  CC [M]  sound/firewire/motu/motu-register-dsp-message-parser.o
  CC [M]  net/sched/sch_htb.o
  CC      arch/x86/kernel/cpu/hygon.o
  CC      kernel/module/tree_lookup.o
  CC      kernel/futex/syscalls.o
  CC [M]  sound/pci/echoaudio/darla20.o
  CC [M]  arch/x86/kvm/emulate.o
  CC      drivers/video/display_timing.o
  CC      net/core/page_pool.o
  CC      drivers/pci/doe.o
  CC      security/apparmor/policy_unpack.o
  CC [M]  sound/firewire/fireface/ff-stream.o
  CC [M]  drivers/gpio/gpio-wm831x.o
  CC [M]  drivers/video/backlight/rave-sp-backlight.o
  CC [M]  sound/pcmcia/vx/vxpocket.o
  CC      net/ethtool/debug.o
  CC [M]  crypto/xcbc.o
  CC      arch/x86/kernel/cpu/centaur.o
  CC [M]  drivers/video/fbdev/via/via-core.o
  AR      fs/fat/built-in.a
  LD [M]  fs/fat/msdos.o
  CC      kernel/module/kallsyms.o
  CC      lib/zstd/zstd_decompress_module.o
  CC [M]  crypto/md4.o
  CC [M]  net/netfilter/ipset/ip_set_hash_ipmac.o
  CC      block/blk-integrity.o
  CC [M]  drivers/pci/pci-stub.o
  LD [M]  drivers/video/fbdev/savage/savagefb.o
  CC [M]  sound/firewire/motu/motu-command-dsp-message-parser.o
  CC      kernel/futex/pi.o
  CC      drivers/video/fbdev/core/sysfillrect.o
  LD [M]  sound/pci/lx6464es/snd-lx6464es.o
  CC      kernel/module/procfs.o
  CC      kernel/module/sysfs.o
  CC      kernel/module/kdb.o
  CC [M]  sound/usb/mixer_scarlett_gen2.o
  CC [M]  net/ipv4/netfilter/nf_nat_h323.o
  CC [M]  drivers/gpio/gpio-wm8350.o
  CC [M]  sound/firewire/fireface/ff-pcm.o
  CC      arch/x86/kernel/cpu/zhaoxin.o
  CC      kernel/module/version.o
  CC [M]  sound/pcmcia/vx/vxp_ops.o
  CC [M]  crypto/rmd160.o
  CC [M]  net/sched/sch_hfsc.o
  CC      lib/zstd/decompress/huf_decompress.o
  CC [M]  sound/pcmcia/vx/vxp_mixer.o
  CC      net/ethtool/wol.o
  CC [M]  net/sched/sch_red.o
  CC [M]  drivers/pci/pci-pf-stub.o
  CC [M]  crypto/sm3.o
  CC [M]  sound/pci/echoaudio/gina20.o
  LD [M]  sound/firewire/motu/snd-firewire-motu.o
  CC      kernel/futex/requeue.o
  CC [M]  sound/usb/mixer_us16x08.o
  CC      arch/x86/kernel/cpu/perfctr-watchdog.o
  CC [M]  crypto/streebog_generic.o
  AR      drivers/video/backlight/built-in.a
  CC      kernel/time/timekeeping.o
  CC      drivers/video/fbdev/core/syscopyarea.o
  CC      fs/ecryptfs/dentry.o
  CC      security/apparmor/procattr.o
  CC [M]  sound/firewire/lib.o
  CC [M]  sound/firewire/fireface/ff-hwdep.o
  CC [M]  drivers/gpio/gpio-wm8994.o
  CC [M]  arch/x86/kvm/i8259.o
  CC [M]  drivers/pci/xen-pcifront.o
  CC      block/t10-pi.o
  LD [M]  sound/pcmcia/vx/snd-vxpocket.o
  CC [M]  drivers/video/fbdev/via/via-gpio.o
  AR      kernel/module/built-in.a
  CC      block/blk-mq-pci.o
  CC [M]  sound/pcmcia/pdaudiocf/pdaudiocf.o
  CC      kernel/futex/waitwake.o
  CC      net/core/net-procfs.o
  CC      block/blk-mq-virtio.o
  CC [M]  sound/firewire/fireface/ff-protocol-former.o
  CC [M]  sound/firewire/fireface/ff-protocol-latter.o
  CC      net/ethtool/features.o
  CC      fs/ecryptfs/file.o
  CC [M]  net/ipv4/netfilter/nf_nat_pptp.o
  CC      fs/ext4/sysfs.o
  CC [M]  drivers/gpio/gpio-ws16c48.o
  CC [M]  sound/usb/mixer_s1810c.o
  CC      kernel/time/ntp.o
  CC      arch/x86/kernel/cpu/vmware.o
  CC [M]  crypto/wp512.o
  CC      kernel/time/clocksource.o
  AR      kernel/futex/built-in.a
  CC      kernel/time/jiffies.o
  CC [M]  net/sched/sch_gred.o
  CC [M]  sound/pcmcia/pdaudiocf/pdaudiocf_core.o
  CC [M]  net/netfilter/ipvs/ip_vs_conn.o
  CC [M]  drivers/video/fbdev/via/via_modesetting.o
  CC [M]  net/sched/sch_ingress.o
  CC      security/apparmor/lsm.o
  CC      drivers/video/fbdev/core/sysimgblt.o
  AR      drivers/pci/built-in.a
  LD [M]  sound/firewire/fireface/snd-fireface.o
  CC      arch/x86/kernel/process_64.o
  CC [M]  sound/pci/echoaudio/layla20.o
  CC      net/core/netpoll.o
  CC [M]  sound/firewire/iso-resources.o
  CC [M]  drivers/gpio/gpio-xra1403.o
  CC      lib/zstd/decompress/zstd_ddict.o
  CC [M]  sound/firewire/packets-buffer.o
  CC [M]  net/netfilter/ipset/ip_set_hash_ipmark.o
  CC      fs/ecryptfs/inode.o
  CC      kernel/time/timer_list.o
  CC [M]  arch/x86/kvm/irq.o
  CC      arch/x86/kernel/cpu/hypervisor.o
  CC [M]  drivers/video/fbdev/vermilion/vermilion.o
  CC [M]  sound/usb/pcm.o
  CC      net/ethtool/privflags.o
  CC      block/blk-zoned.o
  CC [M]  crypto/blake2b_generic.o
  CC [M]  sound/pcmcia/pdaudiocf/pdaudiocf_irq.o
  CC      drivers/video/fbdev/imsttfb.o
  CC [M]  drivers/video/fbdev/vermilion/cr_pll.o
  CC [M]  drivers/video/fbdev/mb862xx/mb862xxfbdrv.o
  CC [M]  drivers/video/fbdev/via/via_clock.o
  CC      net/ethtool/rings.o
  CC [M]  crypto/cfb.o
  ASN.1   net/ipv4/netfilter/nf_nat_snmp_basic.asn1.[ch]
  CC [M]  net/ipv4/netfilter/nft_reject_ipv4.o
  CC      lib/zstd/decompress/zstd_decompress.o
  CC      arch/x86/kernel/cpu/mshyperv.o
  CC [M]  sound/firewire/fcp.o
  CC      kernel/time/timeconv.o
  CC      drivers/video/fbdev/core/fb_sys_fops.o
  CC [M]  sound/firewire/cmp.o
  CC [M]  drivers/video/fbdev/core/svgalib.o
  CC [M]  sound/pcmcia/pdaudiocf/pdaudiocf_pcm.o
  CC [M]  sound/pci/emu10k1/emu10k1.o
  CC      fs/ecryptfs/main.o
  CC      lib/zstd/decompress/zstd_decompress_block.o
  CC      fs/ecryptfs/super.o
  CC [M]  net/sched/sch_sfb.o
  CC [M]  drivers/video/fbdev/via/via_aux.o
  CC      arch/x86/kernel/signal.o
  LD [M]  drivers/gpio/gpio-generic.o
  CC [M]  crypto/pcbc.o
  AR      drivers/gpio/built-in.a
  CC      net/ethtool/channels.o
  CC [M]  drivers/video/fbdev/mb862xx/mb862xxfb_accel.o
  CC [M]  sound/usb/power.o
  CC [M]  sound/pci/hda/hda_bind.o
  CC [M]  net/ipv4/netfilter/nft_fib_ipv4.o
  CC      kernel/cgroup/cgroup.o
  CC      block/blk-wbt.o
  CC [M]  arch/x86/kvm/lapic.o
  CC [M]  drivers/video/fbdev/mb862xx/mb862xx-i2c.o
  CC [M]  sound/pci/hda/hda_codec.o
  CC      kernel/time/timecounter.o
  CC      kernel/time/alarmtimer.o
  CC [M]  sound/pci/echoaudio/darla24.o
  LD [M]  sound/pcmcia/pdaudiocf/snd-pdaudiocf.o
  CC      kernel/time/posix-timers.o
  LD [M]  drivers/video/fbdev/vermilion/crvml.o
  CC [M]  sound/pci/emu10k1/emu10k1_main.o
  LD [M]  drivers/video/fbdev/vermilion/vmlfb.o
  CC [M]  sound/firewire/amdtp-stream.o
  CC [M]  sound/firewire/amdtp-am824.o
  CC [M]  crypto/lrw.o
  CC [M]  net/netfilter/ipvs/ip_vs_core.o
  CC      kernel/time/posix-cpu-timers.o
  CC [M]  drivers/video/fbdev/via/via_aux_edid.o
  CC [M]  sound/usb/proc.o
  CC      fs/ecryptfs/mmap.o
  CC      net/netfilter/core.o
  CC      net/netfilter/nf_log.o
  CC [M]  sound/pci/ice1712/ice1712.o
  CC      net/core/fib_rules.o
  CC      kernel/debug/kdb/kdb_io.o
  LD [M]  drivers/video/fbdev/mb862xx/mb862xxfb.o
  CC      arch/x86/kernel/cpu/acrn.o
  CC      fs/ext4/xattr.o
  CC      kernel/debug/kdb/kdb_main.o
  GEN     security/apparmor/rlim_names.h
  CC      security/apparmor/secid.o
  CC      net/ethtool/coalesce.o
  CC [M]  net/sched/sch_sfq.o
  CC [M]  net/sched/sch_tbf.o
  CC [M]  crypto/keywrap.o
  CC [M]  drivers/video/fbdev/core/fb_ddc.o
  CC [M]  sound/usb/quirks.o
  CC [M]  drivers/video/fbdev/via/via_aux_vt1636.o
  CC [M]  net/netfilter/ipset/ip_set_hash_ipport.o
  CC [M]  sound/pci/emu10k1/irq.o
  CC      fs/ecryptfs/read_write.o
  CC      net/core/net-traces.o
  CC      net/core/drop_monitor.o
  CC      net/core/selftests.o
  CC [M]  net/ipv4/netfilter/nft_dup_ipv4.o
  CC [M]  sound/pci/echoaudio/gina24.o
  CC      block/blk-mq-debugfs.o
  CC [M]  crypto/adiantum.o
  CC      kernel/time/posix-clock.o
  CC [M]  sound/pci/emu10k1/memory.o
  CC      arch/x86/kernel/cpu/capflags.o
  CC [M]  drivers/video/fbdev/via/via_aux_vt1632.o
  CC      net/ethtool/pause.o
  CC      security/apparmor/file.o
  AR      arch/x86/kernel/cpu/built-in.a
  CC      arch/x86/kernel/signal_64.o
  CC      lib/pldmfw/pldmfw.o
  CC      kernel/cgroup/rstat.o
  CC      fs/ecryptfs/crypto.o
  CC [M]  sound/pci/ice1712/delta.o
  CC [M]  sound/usb/stream.o
  CC [M]  sound/firewire/isight.o
  CC [M]  crypto/nhpoly1305.o
  LD [M]  sound/firewire/snd-firewire-lib.o
  AR      drivers/video/fbdev/core/built-in.a
  CC [M]  net/sched/sch_teql.o
  CC      block/blk-mq-debugfs-zoned.o
  CC      fs/ecryptfs/keystore.o
  CC [M]  sound/pci/hda/hda_jack.o
  CC      lib/zstd/zstd_common_module.o
  CC [M]  net/ipv4/netfilter/ip_tables.o
  CC      fs/ext4/xattr_hurd.o
  CC [M]  drivers/video/fbdev/via/via_aux_vt1631.o
  CC [M]  net/ipv4/netfilter/iptable_filter.o
  CC      arch/x86/kernel/traps.o
  CC      kernel/debug/kdb/kdb_support.o
  CC [M]  net/ipv4/netfilter/iptable_mangle.o
  CC      net/ethtool/eee.o
  CC [M]  net/ipv4/netfilter/iptable_nat.o
  CC [M]  sound/pci/hda/hda_auto_parser.o
  CC      lib/zstd/common/debug.o
  CC      block/sed-opal.o
  CC [M]  sound/pci/korg1212/korg1212.o
  CC [M]  sound/pci/ice1712/hoontech.o
  CC [M]  arch/x86/kvm/i8254.o
  CC      kernel/time/itimer.o
  CC      lib/zstd/common/entropy_common.o
  CC [M]  net/netfilter/ipvs/ip_vs_ctl.o
  CC [M]  crypto/ccm.o
  LD [M]  sound/firewire/snd-isight.o
  AR      lib/pldmfw/built-in.a
  CC      security/apparmor/policy_ns.o
  CC [M]  net/ipv4/netfilter/iptable_raw.o
  CC [M]  sound/pci/emu10k1/voice.o
  CC      lib/zstd/common/error_private.o
  CC [M]  sound/pci/echoaudio/layla24.o
  CC [M]  sound/usb/validate.o
  CC      net/ethtool/tsinfo.o
  CC      fs/ext4/xattr_trusted.o
  CC      lib/zstd/common/fse_decompress.o
  CC [M]  sound/pci/hda/hda_sysfs.o
  CC [M]  drivers/video/fbdev/via/via_aux_vt1625.o
  CC [M]  net/sched/sch_prio.o
  CC [M]  lib/842/842_compress.o
  CC      arch/x86/kernel/idt.o
  CC [M]  lib/reed_solomon/reed_solomon.o
  CC [M]  lib/raid6/algos.o
  CC [M]  sound/pci/ice1712/ews.o
  CC [M]  lib/842/842_decompress.o
  CC      fs/ecryptfs/kthread.o
  CC [M]  lib/raid6/recov.o
  CC [M]  net/netfilter/ipset/ip_set_hash_ipportip.o
  CC [M]  sound/usb/media.o
  CC      kernel/debug/kdb/kdb_bt.o
  CC      net/xfrm/xfrm_policy.o
  CC      fs/ext4/xattr_user.o
  CC      kernel/time/clockevents.o
  CC [M]  arch/x86/kvm/ioapic.o
  CC [M]  crypto/chacha20poly1305.o
  LD [M]  sound/pci/korg1212/snd-korg1212.o
  CC      kernel/cgroup/namespace.o
  CC      lib/zstd/common/zstd_common.o
  CC      net/xfrm/xfrm_state.o
  CC      net/ethtool/cabletest.o
  CC [M]  drivers/video/fbdev/via/via_aux_vt1622.o
  CC [M]  sound/pci/emu10k1/emumpu401.o
  AR      lib/zstd/built-in.a
  CC      net/ethtool/tunnels.o
  CC      arch/x86/kernel/irq.o
  CC      security/apparmor/label.o
  HOSTCC  lib/raid6/mktables
  CC [M]  net/sched/sch_multiq.o
  CC [M]  net/netfilter/ipset/ip_set_hash_ipportnet.o
  CC      fs/ecryptfs/debug.o
  CC [M]  sound/usb/midi.o
  GENKDB  kernel/debug/kdb/gen-kdb_cmds.c
  CC      block/blk-pm.o
  CC      kernel/debug/kdb/kdb_bp.o
  CC      fs/ext4/fast_commit.o
  CC      kernel/time/tick-common.o
  CC [M]  sound/pci/ice1712/ak4xxx.o
  CC [M]  net/netfilter/ipset/ip_set_hash_mac.o
  UNROLL  lib/raid6/int1.c
  UNROLL  lib/raid6/int2.c
  UNROLL  lib/raid6/int4.c
  CC [M]  sound/pci/hda/hda_controller.o
  UNROLL  lib/raid6/int8.c
  UNROLL  lib/raid6/int16.c
  UNROLL  lib/raid6/int32.c
  CC [M]  lib/raid6/recov_ssse3.o
  CC      security/landlock/setup.o
  CC      drivers/video/fbdev/asiliantfb.o
  CC [M]  net/ipv4/netfilter/iptable_security.o
  CC [M]  crypto/aegis128-core.o
  CC [M]  sound/pci/hda/hda_proc.o
  CC [M]  sound/pci/emu10k1/emupcm.o
  CC [M]  drivers/video/fbdev/via/via_aux_vt1621.o
  CC [M]  sound/pci/echoaudio/mona.o
  CC      fs/ecryptfs/messaging.o
  CC [M]  arch/x86/kvm/irq_comm.o
  CC      kernel/cgroup/cgroup-v1.o
  CC [M]  drivers/video/fbdev/via/via_aux_sii164.o
  CC      kernel/debug/kdb/kdb_debugger.o
  CC      security/landlock/syscalls.o
  CC [M]  net/sched/sch_netem.o
  CC [M]  lib/raid6/recov_avx2.o
  CC [M]  sound/pci/hda/hda_hwdep.o
  CC      block/blk-crypto.o
  CC [M]  net/ipv4/netfilter/ipt_ah.o
  CC [M]  crypto/pcrypt.o
  CC      net/ethtool/fec.o
  CC [M]  net/netfilter/ipvs/ip_vs_sched.o
  CC      drivers/acpi/acpica/dsargs.o
  CC [M]  sound/soc/codecs/ac97.o
  CC [M]  sound/pci/ice1712/ice1724.o
  CC      fs/ecryptfs/miscdev.o
  CC [M]  drivers/video/fbdev/via/via_aux_ch7301.o
  CC      kernel/time/tick-broadcast.o
  CC      kernel/debug/kdb/kdb_keyboard.o
  CC [M]  lib/raid6/mmx.o
  CC      security/landlock/object.o
  CC [M]  lib/raid6/sse1.o
  CC [M]  arch/x86/kvm/cpuid.o
  CC [M]  lib/raid6/sse2.o
  CC [M]  sound/pci/emu10k1/io.o
  CC      drivers/acpi/acpica/dscontrol.o
  CC [M]  crypto/cryptd.o
  CC      drivers/acpi/acpica/dsdebug.o
  LD [M]  sound/usb/snd-usb-audio.o
  LD [M]  sound/usb/snd-usbmidi-lib.o
  CC      security/landlock/ruleset.o
  CC      security/apparmor/mount.o
  CC      kernel/trace/trace_clock.o
  CC      fs/ext4/orphan.o
  CC      kernel/debug/debug_core.o
  CC [M]  sound/pci/hda/hda_beep.o
  CC [M]  sound/soc/codecs/adau-utils.o
  CC      arch/x86/kernel/irq_64.o
  CC      kernel/trace/ftrace.o
  CC [M]  net/ipv4/netfilter/ipt_rpfilter.o
  CC      kernel/cgroup/freezer.o
  AR      fs/ecryptfs/built-in.a
  CC      block/blk-crypto-profile.o
  CC [M]  sound/pci/echoaudio/mia.o
  CC      fs/exportfs/expfs.o
  CC      block/blk-crypto-sysfs.o
  CC [M]  net/sched/sch_drr.o
  CC      net/core/timestamping.o
  CC      net/ethtool/eeprom.o
  LD [M]  drivers/video/fbdev/via/viafb.o
  CC      drivers/acpi/acpica/dsfield.o
  CC      drivers/video/fbdev/vesafb.o
  CC [M]  lib/raid6/avx2.o
  CC      security/landlock/cred.o
  CC      kernel/debug/kdb/gen-kdb_cmds.o
  CC      kernel/time/tick-broadcast-hrtimer.o
  AR      kernel/debug/kdb/built-in.a
  CC      arch/x86/kernel/dumpstack_64.o
  CC [M]  net/netfilter/ipset/ip_set_hash_net.o
  CC [M]  net/netfilter/ipset/ip_set_hash_netport.o
  CC [M]  sound/soc/codecs/adau1372.o
  CC [M]  net/netfilter/ipset/ip_set_hash_netiface.o
  CC [M]  sound/pci/ice1712/amp.o
  CC      security/landlock/ptrace.o
  CC [M]  net/netfilter/ipvs/ip_vs_xmit.o
  CC      drivers/acpi/acpica/dsinit.o
  CC      kernel/time/tick-oneshot.o
  CC      kernel/cgroup/legacy_freezer.o
  CC      fs/ext4/acl.o
  CC [M]  net/ipv4/netfilter/ipt_ECN.o
  CC [M]  sound/pci/emu10k1/emumixer.o
  CC [M]  lib/raid6/avx512.o
  CC      drivers/video/fbdev/efifb.o
  CC [M]  crypto/des_generic.o
  GEN     security/apparmor/net_names.h
  GEN     security/apparmor/net_names.h
  CC      arch/x86/kernel/time.o
  AR      fs/exportfs/built-in.a
  CC [M]  sound/pci/hda/hda_generic.o
  CC [M]  net/netfilter/ipvs/ip_vs_app.o
  CC [M]  sound/pci/mixart/mixart.o
  CC      net/ethtool/stats.o
  CC      drivers/video/videomode.o
  CC      drivers/acpi/acpica/dsmethod.o
  CC [M]  net/sched/sch_plug.o
  CC      security/apparmor/policy_compat.o
  CC      block/blk-crypto-fallback.o
  CC      kernel/debug/gdbstub.o
  CC      security/landlock/fs.o
  CC [M]  sound/pci/ice1712/revo.o
  CC      kernel/time/tick-sched.o
  CC      kernel/time/vsyscall.o
  CC [M]  crypto/fcrypt.o
  CC      kernel/bpf/core.o
  CC      kernel/cgroup/pids.o
  CC      net/core/ptp_classifier.o
  CC      fs/ext4/xattr_security.o
  CC [M]  lib/raid6/recov_avx512.o
  CC      arch/x86/kernel/ioport.o
  CC [M]  sound/pci/echoaudio/echo3g.o
  CC      drivers/acpi/acpica/dsmthdat.o
  CC      kernel/cgroup/rdma.o
  CC [M]  sound/soc/codecs/adau1372-i2c.o
  CC [M]  net/ipv4/netfilter/ipt_REJECT.o
  CC      net/xfrm/xfrm_hash.o
  CC [M]  crypto/blowfish_generic.o
  CC [M]  sound/pci/emu10k1/emufx.o
  CC [M]  sound/pci/ice1712/aureon.o
  CC [M]  drivers/video/fbdev/arcfb.o
  CC [M]  net/sched/sch_ets.o
  CC [M]  sound/pci/mixart/mixart_core.o
  CC [M]  arch/x86/kvm/pmu.o
  CC      block/holder.o
  CC      drivers/acpi/acpica/dsobject.o
  CC      net/xfrm/xfrm_input.o
  TABLE   lib/raid6/tables.c
  CC [M]  lib/raid6/int1.o
  CC      security/apparmor/crypto.o
  AR      kernel/debug/built-in.a
  CC      fs/ext4/verity.o
  CC      fs/ext4/crypto.o
  CC [M]  sound/pci/emu10k1/timer.o
  CC      arch/x86/kernel/dumpstack.o
  AR      security/landlock/built-in.a
  CC      arch/x86/kernel/nmi.o
  CC [M]  sound/soc/codecs/adau1372-spi.o
  CC [M]  crypto/blowfish_common.o
  CC      drivers/acpi/acpica/dsopcode.o
  CC      kernel/time/timekeeping_debug.o
  CC      net/ethtool/phc_vclocks.o
  CC      net/core/netprio_cgroup.o
  CC [M]  net/ipv4/netfilter/ipt_SYNPROXY.o
  CC      kernel/cgroup/cpuset.o
  CC [M]  sound/pci/mixart/mixart_hwdep.o
  CC [M]  lib/raid6/int2.o
  CC      drivers/acpi/numa/srat.o
  CC [M]  drivers/video/fbdev/cyber2000fb.o
  CC [M]  net/netfilter/ipvs/ip_vs_sync.o
  AR      fs/ext4/built-in.a
  CC      net/unix/af_unix.o
  CC      kernel/trace/ring_buffer.o
  CC [M]  block/kyber-iosched.o
  CC [M]  sound/pci/ice1712/vt1720_mobo.o
  CC      fs/nls/nls_base.o
  CC      drivers/acpi/acpica/dspkginit.o
  CC [M]  sound/soc/codecs/adau1701.o
  CC      drivers/acpi/numa/hmat.o
  CC [M]  net/sched/sch_mqprio.o
  CC      fs/nls/nls_cp437.o
  CC      security/apparmor/capability.o
  CC      kernel/time/namespace.o
  CC      arch/x86/kernel/ldt.o
  CC [M]  lib/raid6/int4.o
  CC [M]  net/netfilter/ipset/ip_set_hash_netnet.o
  CC [M]  sound/pci/echoaudio/indigo.o
  CC [M]  crypto/twofish_generic.o
  CC      net/ethtool/mm.o
  CC      drivers/acpi/acpica/dsutils.o
  CC [M]  sound/pci/mixart/mixart_mixer.o
  CC      net/core/netclassid_cgroup.o
  CC      kernel/bpf/syscall.o
  CC [M]  sound/pci/ice1712/pontis.o
  CC [M]  arch/x86/kvm/mtrr.o
  CC      net/ipv4/inetpeer.o
  CC [M]  sound/pci/emu10k1/p16v.o
  CC [M]  fs/nls/nls_cp737.o
  CC      kernel/bpf/verifier.o
  CC [M]  net/ipv4/netfilter/arp_tables.o
  CC      kernel/events/core.o
  AR      kernel/time/built-in.a
  AR      drivers/acpi/numa/built-in.a
  CC [M]  sound/soc/codecs/adau17x1.o
  CC      lib/argv_split.o
  CC      drivers/acpi/acpica/dswexec.o
  AR      net/ipv6/netfilter/built-in.a
  CC [M]  lib/raid6/int8.o
  CC [M]  net/ipv6/netfilter/ip6_tables.o
  CC [M]  crypto/twofish_common.o
  CC [M]  fs/nls/nls_cp775.o
  AS      arch/x86/kernel/ibt_selftest.o
  LD [M]  sound/pci/mixart/snd-mixart.o
  CC      net/xfrm/xfrm_output.o
  CC      security/apparmor/resource.o
  CC [M]  net/sched/sch_mqprio_lib.o
  CC      arch/x86/kernel/setup.o
  CC [M]  net/ipv6/ila/ila_main.o
  CC [M]  sound/pci/ice1712/prodigy192.o
  CC [M]  sound/pci/emu10k1/emuproc.o
  CC      net/ipv6/af_inet6.o
  CC [M]  net/netfilter/ipvs/ip_vs_est.o
  CC [M]  block/bfq-iosched.o
  CC      drivers/acpi/acpica/dswload.o
  CC [M]  block/bfq-wf2q.o
  CC [M]  drivers/video/fbdev/pm2fb.o
  CC [M]  fs/nls/nls_cp850.o
  CC [M]  lib/raid6/int16.o
  CC [M]  sound/pci/hda/patch_realtek.o
  CC [M]  sound/pci/echoaudio/indigoio.o
  CC      drivers/acpi/acpica/dswload2.o
  CC      net/core/lwtunnel.o
  CC      net/ethtool/module.o
  CC [M]  fs/nls/nls_cp852.o
  CC [M]  sound/pci/ice1712/prodigy_hifi.o
  CC [M]  arch/x86/kvm/hyperv.o
  CC [M]  net/ipv4/netfilter/arpt_mangle.o
  CC [M]  sound/pci/emu10k1/emu10k1_synth.o
  CC [M]  net/ipv6/ila/ila_common.o
  CC [M]  lib/raid6/int32.o
  CC      kernel/cgroup/misc.o
  CC      security/apparmor/net.o
  CC [M]  sound/soc/codecs/adau1761.o
  CC      drivers/acpi/acpica/dswscope.o
  CC [M]  fs/nls/nls_cp855.o
  CC      kernel/trace/trace.o
  CC      arch/x86/kernel/x86_init.o
  CC [M]  net/sched/sch_skbprio.o
  CC [M]  sound/pci/emu10k1/emu10k1_callback.o
  CC [M]  net/netfilter/ipvs/ip_vs_proto.o
  CC      net/ethtool/pse-pd.o
  CC [M]  lib/raid6/tables.o
  CC [M]  fs/nls/nls_cp857.o
  CC [M]  net/ipv6/ila/ila_lwt.o
  CC      drivers/acpi/acpica/dswstate.o
  CC [M]  net/ipv6/ila/ila_xlat.o
  CC [M]  drivers/video/fbdev/pm3fb.o
  CC      net/unix/garbage.o
  CC [M]  sound/pci/ice1712/juli.o
  CC [M]  crypto/serpent_generic.o
  CC [M]  net/ipv4/netfilter/arptable_filter.o
  CC [M]  net/netfilter/ipset/ip_set_hash_netportnet.o
  CC [M]  sound/pci/echoaudio/indigodj.o
  CC [M]  fs/nls/nls_cp860.o
  AR      kernel/cgroup/built-in.a
  CC      net/ethtool/plca.o
  CC      net/xfrm/xfrm_sysctl.o
  CC      drivers/acpi/apei/apei-base.o
  CC [M]  sound/pci/emu10k1/emu10k1_patch.o
  CC      drivers/acpi/acpica/evevent.o
  CC [M]  net/ipv6/netfilter/ip6table_filter.o
  CC      net/core/lwt_bpf.o
  AR      security/apparmor/built-in.a
  CC      security/integrity/ima/ima_fs.o
  CC      security/integrity/evm/evm_main.o
  CC [M]  sound/pci/ice1712/phase.o
  CC      arch/x86/kernel/i8259.o
  CC [M]  net/sched/sch_choke.o
  CC [M]  fs/nls/nls_cp861.o
  CC      security/integrity/evm/evm_crypto.o
  CC [M]  sound/soc/codecs/adau1761-i2c.o
  CC [M]  net/ipv4/netfilter/nf_dup_ipv4.o
  CC      net/unix/sysctl_net_unix.o
  LD [M]  lib/raid6/raid6_pq.o
  CC      drivers/acpi/acpica/evgpe.o
  CC      kernel/bpf/inode.o
  CC      lib/bug.o
  CC [M]  sound/pci/emu10k1/emu10k1x.o
  CC [M]  fs/nls/nls_cp862.o
  CC      net/xfrm/xfrm_replay.o
  CC [M]  drivers/video/fbdev/i740fb.o
  CC [M]  sound/pci/hda/patch_cmedia.o
  AR      net/ethtool/built-in.a
  CC      security/integrity/evm/evm_secfs.o
  CC      security/integrity/ima/ima_queue.o
  LD [M]  net/ipv6/ila/ila.o
  CC      security/integrity/evm/evm_posix_acl.o
  CC      kernel/trace/trace_output.o
  CC      drivers/acpi/acpica/evgpeblk.o
  CC [M]  sound/pci/ice1712/wtm.o
  CC [M]  sound/soc/codecs/adau1761-spi.o
  CC [M]  fs/nls/nls_cp863.o
  CC [M]  block/bfq-cgroup.o
  CC      drivers/acpi/apei/hest.o
  CC [M]  crypto/sm4.o
  CC      arch/x86/kernel/irqinit.o
  CC      lib/buildid.o
  CC [M]  sound/pci/echoaudio/indigoiox.o
  CC [M]  net/ipv6/netfilter/ip6table_mangle.o
  CC [M]  net/netfilter/ipvs/ip_vs_pe.o
  CC      net/unix/unix_bpf.o
  CC      drivers/acpi/apei/erst.o
  CC      net/core/dst_cache.o
  CC [M]  net/sched/sch_qfq.o
  CC      drivers/acpi/apei/bert.o
  CC      drivers/acpi/apei/ghes.o
  CC [M]  arch/x86/kvm/debugfs.o
  CC      drivers/acpi/acpica/evgpeinit.o
  CC [M]  fs/nls/nls_cp864.o
  CC [M]  sound/pci/hda/patch_analog.o
  AR      security/integrity/evm/built-in.a
  CC [M]  arch/x86/kvm/mmu/mmu.o
  CC      security/integrity/ima/ima_init.o
  LD [M]  sound/pci/emu10k1/snd-emu10k1.o
  LD [M]  sound/pci/emu10k1/snd-emu10k1-synth.o
  LD [M]  sound/pci/emu10k1/snd-emu10k1x.o
  CC      lib/clz_tab.o
  CC [M]  drivers/acpi/apei/einj.o
  CC [M]  crypto/aes_ti.o
  CC [M]  sound/soc/codecs/adau7002.o
  CC [M]  sound/pci/ice1712/se.o
  CC [M]  fs/nls/nls_cp865.o
  CC      lib/cmdline.o
  CC      drivers/acpi/acpica/evgpeutil.o
  CC      arch/x86/kernel/jump_label.o
  CC [M]  drivers/video/fbdev/macmodes.o
  CC      net/xfrm/xfrm_device.o
  CC [M]  net/ipv4/netfilter/nf_nat_snmp_basic.asn1.o
  CC      lib/cpumask.o
  LD [M]  block/bfq.o
  CC [M]  net/ipv4/netfilter/nf_nat_snmp_basic_main.o
  CC      net/core/gro_cells.o
  AR      block/built-in.a
  CC      net/core/failover.o
  CC [M]  fs/nls/nls_cp866.o
  CC [M]  net/ipv6/netfilter/ip6table_raw.o
  CC [M]  crypto/camellia_generic.o
  CC [M]  sound/pci/hda/patch_sigmatel.o
  CC      security/integrity/ima/ima_main.o
  CC [M]  net/ipv6/netfilter/ip6table_security.o
  CC      net/unix/scm.o
  CC      drivers/acpi/acpica/evglock.o
  CC      drivers/pnp/pnpacpi/core.o
  CC      drivers/pnp/pnpacpi/rsparser.o
  CC      arch/x86/kernel/irq_work.o
  CC [M]  sound/pci/echoaudio/indigodjx.o
  CC [M]  sound/soc/codecs/adau7118.o
  CC [M]  drivers/video/vgastate.o
  CC [M]  sound/pci/ice1712/maya44.o
  CC [M]  net/netfilter/ipset/ip_set_list_set.o
  CC      drivers/pnp/core.o
  CC [M]  fs/nls/nls_cp869.o
  CC      fs/unicode/utf8-norm.o
  CC      drivers/acpi/acpica/evhandler.o
  CC [M]  net/sched/sch_codel.o
  CC [M]  net/netfilter/ipvs/ip_vs_proto_tcp.o
  CC      fs/unicode/utf8-core.o
  AR      drivers/acpi/apei/built-in.a
  CC      lib/ctype.o
  CC [M]  sound/soc/generic/simple-card-utils.o
  CC [M]  fs/nls/nls_cp874.o
  CC      lib/dec_and_lock.o
  CC [M]  arch/x86/kvm/mmu/page_track.o
  LD [M]  net/ipv4/netfilter/nf_nat_snmp_basic.o
  CC      drivers/acpi/acpica/evmisc.o
  CC      net/ipv4/protocol.o
  CC      security/integrity/ima/ima_crypto.o
  AR      drivers/pnp/pnpacpi/built-in.a
  CC      arch/x86/kernel/probe_roms.o
  CC [M]  drivers/video/fbdev/neofb.o
  CC      lib/decompress.o
  CC [M]  crypto/cast_common.o
  CC [M]  sound/hda/ext/hdac_ext_bus.o
  CC [M]  sound/pci/ice1712/quartet.o
  CC [M]  net/ipv6/netfilter/ip6table_nat.o
  CC      drivers/acpi/acpica/evregion.o
  CC [M]  sound/x86/intel_hdmi_audio.o
  CC [M]  fs/nls/nls_cp932.o
  CC      lib/decompress_bunzip2.o
  CC [M]  sound/pci/hda/patch_si3054.o
  COPY    fs/unicode/utf8data.c
  CC      fs/unicode/utf8data.o
  CC      kernel/trace/trace_seq.o
  CC      kernel/events/ring_buffer.o
  CC      net/core/skmsg.o
  CC      kernel/trace/trace_stat.o
  CC      drivers/pnp/card.o
  CC      lib/decompress_inflate.o
  CC      net/xfrm/xfrm_proc.o
  LD [M]  sound/pci/echoaudio/snd-darla20.o
  LD [M]  net/netfilter/ipset/ip_set.o
  CC      drivers/acpi/acpica/evrgnini.o
  LD [M]  sound/pci/echoaudio/snd-gina20.o
  CC [M]  net/unix/diag.o
  CC [M]  crypto/cast5_generic.o
  CC [M]  fs/nls/nls_euc-jp.o
  CC      lib/decompress_unlz4.o
  LD [M]  sound/pci/echoaudio/snd-layla20.o
  CC [M]  net/sched/sch_fq_codel.o
  CC [M]  sound/soc/codecs/adau7118-i2c.o
  LD [M]  sound/pci/echoaudio/snd-darla24.o
  LD [M]  sound/pci/echoaudio/snd-gina24.o
  LD [M]  sound/pci/echoaudio/snd-layla24.o
  LD [M]  sound/pci/echoaudio/snd-mona.o
  LD [M]  sound/pci/echoaudio/snd-mia.o
  LD [M]  sound/pci/echoaudio/snd-echo3g.o
  LD [M]  sound/pci/echoaudio/snd-indigo.o
  LD [M]  sound/pci/echoaudio/snd-indigoio.o
  CC      fs/fuse/dev.o
  CC [M]  net/netfilter/ipvs/ip_vs_proto_udp.o
  LD [M]  sound/pci/echoaudio/snd-indigodj.o
  CC      security/integrity/ima/ima_api.o
  LD [M]  sound/pci/echoaudio/snd-indigoiox.o
  CC [M]  sound/pci/hda/patch_cirrus.o
  CC [M]  sound/pci/ice1712/psc724.o
  LD [M]  sound/pci/echoaudio/snd-indigodjx.o
  CC      kernel/bpf/helpers.o
  CC      kernel/trace/trace_printk.o
  CC [M]  sound/hda/ext/hdac_ext_controller.o
  CC      net/ipv6/anycast.o
  CC      arch/x86/kernel/sys_ia32.o
  CC [M]  sound/pci/nm256/nm256.o
  CC      drivers/acpi/acpica/evsci.o
  CC [M]  fs/nls/nls_cp936.o
  AR      fs/unicode/built-in.a
  CC [M]  sound/soc/generic/simple-card.o
  CC      fs/fuse/dir.o
  CC      lib/decompress_unlzma.o
  CC [M]  drivers/video/fbdev/tdfxfb.o
  CC [M]  sound/soc/codecs/adau7118-hw.o
  CC [M]  net/ipv6/netfilter/nf_defrag_ipv6_hooks.o
  LD [M]  sound/x86/snd-hdmi-lpe-audio.o
  CC      net/ipv4/ip_input.o
  CC      net/ipv4/ip_fragment.o
  CC      arch/x86/kernel/signal_32.o
  CC [M]  sound/pci/hda/patch_cs8409.o
  CC      drivers/pnp/driver.o
  CC      net/xfrm/espintcp.o
  CC      drivers/acpi/acpica/evxface.o
  CC [M]  crypto/cast6_generic.o
  AR      net/unix/built-in.a
  LD [M]  net/unix/unix_diag.o
  CC      security/integrity/ima/ima_policy.o
  CC      net/ipv6/ip6_output.o
  CC [M]  sound/pci/ice1712/wm8766.o
  CC [M]  fs/nls/nls_cp949.o
  CC      kernel/events/callchain.o
  CC [M]  sound/soc/codecs/ak4104.o
  CC      net/ipv6/ip6_input.o
  LD [M]  sound/soc/generic/snd-soc-simple-card-utils.o
  LD [M]  sound/soc/generic/snd-soc-simple-card.o
  CC      arch/x86/kernel/sys_x86_64.o
  CC [M]  net/ipv6/netfilter/nf_conntrack_reasm.o
  CC      lib/decompress_unlzo.o
  CC [M]  net/sched/sch_cake.o
  CC [M]  net/netfilter/ipvs/ip_vs_proto_ah_esp.o
  CC [M]  net/ipv6/netfilter/nf_socket_ipv6.o
  LD [M]  sound/pci/nm256/snd-nm256.o
  CC [M]  sound/hda/ext/hdac_ext_stream.o
  CC [M]  crypto/chacha_generic.o
  CC [M]  sound/soc/adi/axi-i2s.o
  CC [M]  drivers/video/fbdev/vt8623fb.o
  CC [M]  sound/pci/ice1712/wm8776.o
  CC      drivers/pnp/resource.o
  CC [M]  fs/nls/nls_cp950.o
  CC      kernel/trace/pid_list.o
  CC      drivers/acpi/acpica/evxfevnt.o
  CC [M]  net/ipv6/netfilter/nf_tproxy_ipv6.o
  CC      kernel/events/hw_breakpoint.o
  CC      lib/decompress_unxz.o
  CC [M]  sound/pci/hda/patch_cs8409-tables.o
  CC [M]  sound/soc/codecs/ak4118.o
  CC [M]  net/sched/sch_fq.o
  CC      arch/x86/kernel/espfix_64.o
  CC [M]  crypto/poly1305_generic.o
  CC [M]  net/sched/sch_hhf.o
  CC [M]  fs/nls/nls_cp1250.o
  LD [M]  sound/pci/ice1712/snd-ice17xx-ak4xxx.o
  CC      net/core/sock_map.o
  CC      fs/fuse/file.o
  LD [M]  sound/pci/ice1712/snd-ice1712.o
  CC [M]  sound/soc/adi/axi-spdif.o
  LD [M]  sound/pci/ice1712/snd-ice1724.o
  CC      security/integrity/ima/ima_template.o
  CC      lib/decompress_unzstd.o
  CC [M]  net/xfrm/xfrm_algo.o
  CC      drivers/acpi/acpica/evxfgpe.o
  CC [M]  net/netfilter/ipvs/ip_vs_proto_sctp.o
  CC [M]  fs/nls/nls_cp1251.o
  CC      fs/fuse/inode.o
  CC      kernel/trace/tracing_map.o
  CC [M]  sound/pci/hda/patch_ca0110.o
  CC      fs/fuse/control.o
  CC [M]  crypto/michael_mic.o
  CC      net/ipv4/ip_forward.o
  LD [M]  sound/hda/ext/snd-hda-ext-core.o
  CC      arch/x86/kernel/ksysfs.o
  CC [M]  sound/hda/hda_bus_type.o
  CC [M]  fs/nls/nls_ascii.o
  CC [M]  sound/soc/codecs/ak4458.o
  CC      lib/dump_stack.o
  CC      security/commoncap.o
  CC [M]  drivers/video/fbdev/tridentfb.o
  LD [M]  sound/soc/adi/snd-soc-adi-axi-i2s.o
  CC      kernel/bpf/tnum.o
  LD [M]  sound/soc/adi/snd-soc-adi-axi-spdif.o
  CC [M]  crypto/crc32_generic.o
  CC      kernel/bpf/log.o
  CC      drivers/pnp/manager.o
  CC [M]  drivers/video/fbdev/s3fb.o
  CC [M]  sound/pci/hda/patch_ca0132.o
  CC      drivers/acpi/acpica/evxfregn.o
  CC      security/integrity/ima/ima_template_lib.o
  CC [M]  fs/nls/nls_iso8859-1.o
  CC      net/ipv6/addrconf.o
  CC      arch/x86/kernel/bootflag.o
  CC      kernel/events/uprobes.o
  CC [M]  net/sched/sch_pie.o
  CC      arch/x86/kernel/e820.o
  CC      arch/x86/kernel/pci-dma.o
  CC [M]  net/sched/sch_fq_pie.o
  CC [M]  crypto/authenc.o
  CC      security/integrity/ima/ima_appraise.o
  CC      kernel/trace/trace_sched_switch.o
  CC [M]  net/netfilter/ipvs/ip_vs_nfct.o
  CC [M]  net/ipv6/netfilter/nf_reject_ipv6.o
  CC [M]  fs/nls/nls_iso8859-2.o
  CC [M]  arch/x86/kvm/mmu/spte.o
  CC [M]  sound/soc/codecs/ak4554.o
  CC [M]  sound/hda/hdac_bus.o
  CC      lib/earlycpio.o
  CC      net/ipv4/ip_options.o
  CC [M]  crypto/authencesn.o
  CC      drivers/acpi/acpica/exconcat.o
  CC      drivers/pnp/support.o
  CC [M]  fs/nls/nls_iso8859-3.o
  CC      lib/extable.o
  CC      security/integrity/ima/ima_modsig.o
  CC [M]  net/xfrm/xfrm_user.o
  CC [M]  net/netfilter/ipvs/ip_vs_rr.o
  CC [M]  fs/nls/nls_iso8859-4.o
  CC      kernel/trace/trace_functions.o
  CC      drivers/acpi/acpica/exconfig.o
  AR      drivers/amba/built-in.a
  CC      security/integrity/ima/ima_kexec.o
  CC      net/ipv6/addrlabel.o
  CC [M]  sound/pci/oxygen/oxygen_io.o
  CC [M]  sound/soc/codecs/ak4613.o
  CC [M]  crypto/lz4.o
  CC [M]  arch/x86/kvm/kvm_onhyperv.o
  CC      lib/flex_proportions.o
  CC [M]  sound/xen/xen_snd_front.o
  CC      kernel/bpf/bpf_iter.o
  CC      drivers/pnp/interface.o
  CC      drivers/acpi/pmic/intel_pmic.o
  CC      fs/fuse/xattr.o
  CC [M]  fs/nls/nls_iso8859-5.o
  CC [M]  crypto/lz4hc.o
  CC      net/core/bpf_sk_storage.o
  CC      fs/fuse/acl.o
  AR      net/bpfilter/built-in.a
  CC [M]  net/bpfilter/bpfilter_kern.o
  CC      drivers/acpi/acpica/exconvrt.o
  CC      lib/idr.o
  CC      lib/irq_regs.o
  CC      arch/x86/kernel/quirks.o
  CC [M]  sound/hda/hdac_device.o
  CC      security/integrity/ima/ima_asymmetric_keys.o
  CC [M]  crypto/xxhash_generic.o
  CC [M]  fs/nls/nls_iso8859-6.o
  CC [M]  drivers/video/fbdev/arkfb.o
  CC [M]  net/sched/sch_cbs.o
  CC      drivers/pnp/quirks.o
  CC      drivers/acpi/pmic/intel_pmic_bytcrc.o
  CC [M]  sound/xen/xen_snd_front_cfg.o
  CC      kernel/trace/trace_sched_wakeup.o
  CC      drivers/acpi/pmic/intel_pmic_chtcrc.o
  CC [M]  net/netfilter/ipvs/ip_vs_wrr.o
  CC      drivers/acpi/pmic/intel_pmic_xpower.o
  CC      drivers/acpi/acpica/excreate.o
  CC [M]  sound/soc/codecs/ak4642.o
  CC      net/netfilter/nf_queue.o
  CC [U]  net/bpfilter/main.o
  CC      fs/fuse/readdir.o
  CC [M]  sound/pci/oxygen/oxygen_lib.o
  CC [M]  net/ipv6/netfilter/nf_dup_ipv6.o
  LD [U]  net/bpfilter/bpfilter_umh
  AS [M]  net/bpfilter/bpfilter_umh_blob.o
  AR      fs/hostfs/built-in.a
  CC      security/min_addr.o
  CC [M]  crypto/842.o
  AR      kernel/events/built-in.a
  CC      net/ipv4/ip_output.o
  LD [M]  net/bpfilter/bpfilter.o
  CC [M]  drivers/video/fbdev/hecubafb.o
  CC      drivers/pnp/system.o
  CC [M]  fs/nls/nls_iso8859-7.o
  CC      kernel/bpf/map_iter.o
  CC [M]  fs/nls/nls_cp1255.o
  CC      lib/is_single_threaded.o
  CC      security/integrity/ima/ima_queue_keys.o
  CC      arch/x86/kernel/topology.o
  CC [M]  arch/x86/kvm/mmu/tdp_iter.o
  CC      kernel/fork.o
  CC      drivers/acpi/acpica/exdebug.o
  CC      drivers/acpi/pmic/intel_pmic_bxtwc.o
  CC [M]  sound/xen/xen_snd_front_evtchnl.o
  CC [M]  crypto/ansi_cprng.o
  CC      drivers/acpi/dptf/int340x_thermal.o
  CC      kernel/trace/trace_hwlat.o
  AR      drivers/pnp/built-in.a
  CC      net/packet/af_packet.o
  CC [M]  drivers/video/fbdev/n411.o
  CC [M]  fs/nls/nls_iso8859-9.o
  CC [M]  crypto/tcrypt.o
  CC      lib/klist.o
  CC [M]  net/sched/sch_etf.o
  CC [M]  sound/soc/codecs/ak5386.o
  CC [M]  net/netfilter/ipvs/ip_vs_lc.o
  CC      arch/x86/kernel/kdebugfs.o
  CC      drivers/acpi/acpica/exdump.o
  CC [M]  sound/hda/hdac_sysfs.o
  CC      fs/fuse/ioctl.o
  AR      security/integrity/ima/built-in.a
  CC      drivers/acpi/pmic/intel_pmic_chtwc.o
  CC [M]  arch/x86/kvm/mmu/tdp_mmu.o
  CC      security/integrity/iint.o
  CC [M]  sound/pci/pcxhr/pcxhr.o
  CC [M]  net/core/pktgen.o
  CC [M]  sound/pci/hda/patch_conexant.o
  CC      net/netfilter/nf_sockopt.o
  CC [M]  drivers/acpi/dptf/dptf_power.o
  CC [M]  drivers/acpi/nfit/core.o
  CC      net/netfilter/utils.o
  CC [M]  fs/nls/nls_iso8859-13.o
  CC [M]  sound/pci/oxygen/oxygen_mixer.o
  CC [M]  net/ipv6/netfilter/nft_reject_ipv6.o
  CC [M]  net/xfrm/xfrm_compat.o
  CC      kernel/bpf/task_iter.o
  AR      drivers/clk/actions/built-in.a
  CC [M]  fs/nls/nls_iso8859-14.o
  CC      drivers/acpi/pmic/intel_pmic_chtdc_ti.o
  CC      security/integrity/integrity_audit.o
  AR      drivers/clk/analogbits/built-in.a
  CC [M]  sound/xen/xen_snd_front_alsa.o
  CC [M]  net/netfilter/ipvs/ip_vs_wlc.o
  CC [M]  drivers/video/fbdev/hgafb.o
  CC [M]  drivers/acpi/dptf/dptf_pch_fivr.o
  AR      drivers/clk/bcm/built-in.a
  CC      drivers/acpi/acpica/exfield.o
  CC [M]  sound/soc/codecs/ak5558.o
  AR      drivers/clk/imgtec/built-in.a
  AR      drivers/clk/imx/built-in.a
  CC      lib/kobject.o
  AR      drivers/clk/ingenic/built-in.a
  CC [M]  sound/hda/hdac_regmap.o
  CC [M]  net/sched/sch_taprio.o
  CC      kernel/trace/trace_osnoise.o
  AR      drivers/clk/mediatek/built-in.a
  AR      drivers/clk/microchip/built-in.a
  AR      drivers/clk/mstar/built-in.a
  AR      drivers/clk/mvebu/built-in.a
  AR      drivers/clk/ralink/built-in.a
  AR      drivers/clk/renesas/built-in.a
  CC      arch/x86/kernel/alternative.o
  AR      drivers/clk/socfpga/built-in.a
  CC [M]  sound/pci/hda/patch_via.o
  AR      drivers/clk/sprd/built-in.a
  AR      drivers/clk/starfive/built-in.a
  CC [M]  sound/pci/pcxhr/pcxhr_hwdep.o
  AR      drivers/clk/sunxi-ng/built-in.a
  CC [M]  fs/nls/nls_iso8859-15.o
  AR      drivers/clk/ti/built-in.a
  CC      fs/fuse/dax.o
  AR      drivers/clk/versatile/built-in.a
  CC      drivers/acpi/acpica/exfldio.o
  CC      drivers/acpi/pmic/tps68470_pmic.o
  CC      drivers/clk/x86/clk-fch.o
  CC      security/integrity/digsig.o
  AR      drivers/acpi/dptf/built-in.a
  CC      net/netfilter/nf_bpf_link.o
  CC      lib/kobject_uevent.o
  CC [M]  fs/nls/nls_koi8-r.o
  CC [M]  net/ipv6/netfilter/nft_dup_ipv6.o
  LD [M]  sound/xen/snd_xen_front.o
  CC [M]  net/netfilter/ipvs/ip_vs_fo.o
  CC [M]  sound/soc/codecs/alc5623.o
  CC [M]  arch/x86/kvm/xen.o
  CC [M]  crypto/af_alg.o
  CC [M]  drivers/video/fbdev/sstfb.o
  CC [M]  sound/soc/amd/raven/pci-acp3x.o
  CC      kernel/bpf/prog_iter.o
  AR      drivers/acpi/pmic/built-in.a
  CC [M]  sound/pci/oxygen/oxygen_pcm.o
  CC      drivers/acpi/acpica/exmisc.o
  CC [M]  sound/pci/pcxhr/pcxhr_mixer.o
  CC      arch/x86/kernel/i8253.o
  CC      drivers/clk/x86/clk-lpss-atom.o
  CC [M]  net/xfrm/xfrm_ipcomp.o
  CC      security/integrity/digsig_asymmetric.o
  CC [M]  arch/x86/kvm/smm.o
  AR      drivers/clk/xilinx/built-in.a
  CC [M]  sound/pci/hda/patch_hdmi.o
  CC [M]  fs/nls/nls_koi8-u.o
  CC [M]  sound/hda/hdac_controller.o
  CC [M]  drivers/clk/xilinx/xlnx_vcu.o
  CC [M]  drivers/acpi/nfit/intel.o
  CC      drivers/clk/x86/clk-pmc-atom.o
  CC      drivers/acpi/acpica/exmutex.o
  CC      net/ipv4/ip_sockglue.o
  CC [M]  fs/fuse/cuse.o
  CC [M]  sound/hda/hdac_stream.o
  CC [M]  fs/nls/nls_koi8-ru.o
  CC [M]  net/ipv6/netfilter/nft_fib_ipv6.o
  CC      security/integrity/platform_certs/platform_keyring.o
  CC [M]  sound/soc/amd/raven/acp3x-pcm-dma.o
  CC [M]  sound/soc/codecs/arizona.o
  CC [M]  sound/hda/array.o
  CC [M]  net/netfilter/ipvs/ip_vs_ovf.o
  CC [M]  fs/nls/nls_utf8.o
  CC [M]  sound/pci/oxygen/oxygen.o
  CC      drivers/acpi/acpica/exnames.o
  CC      kernel/bpf/link_iter.o
  AR      net/core/built-in.a
  CC      kernel/bpf/hashtab.o
  CC [M]  sound/pci/pcxhr/pcxhr_core.o
  CC      kernel/trace/trace_nop.o
  CC      kernel/bpf/arraymap.o
  CC [M]  net/packet/diag.o
  AR      drivers/clk/x86/built-in.a
  CC      kernel/bpf/percpu_freelist.o
  CC      drivers/clk/clk-devres.o
  CC      arch/x86/kernel/hw_breakpoint.o
  CC [M]  drivers/acpi/nfit/mce.o
  CC      security/integrity/platform_certs/efi_parser.o
  CC      drivers/acpi/acpica/exoparg1.o
  CC [M]  fs/nls/mac-celtic.o
  CC      lib/logic_pio.o
  CC [M]  fs/fuse/virtio_fs.o
  CC [M]  drivers/video/fbdev/cirrusfb.o
  CC      drivers/acpi/tables.o
  CC [M]  sound/soc/amd/renoir/rn-pci-acp3x.o
  CC [M]  sound/soc/amd/raven/acp3x-i2s.o
  CC      drivers/clk/clk-bulk.o
  CC [M]  arch/x86/kvm/vmx/vmx.o
  CC      arch/x86/kernel/tsc.o
  CC      kernel/trace/trace_stack.o
  CC [M]  fs/nls/mac-centeuro.o
  CC      drivers/acpi/acpica/exoparg2.o
  CC [M]  sound/pci/pcxhr/pcxhr_mix22.o
  CC [M]  net/netfilter/ipvs/ip_vs_lblc.o
  CC      security/integrity/platform_certs/load_uefi.o
  CC [M]  sound/pci/hda/hda_eld.o
  CC [M]  net/sched/cls_u32.o
  CC [M]  sound/pci/oxygen/xonar_dg_mixer.o
  LD [M]  drivers/acpi/nfit/nfit.o
  CC [M]  net/xfrm/xfrm_interface_bpf.o
  CC [M]  sound/pci/oxygen/xonar_dg.o
  CC [M]  fs/nls/mac-croatian.o
  CC      lib/maple_tree.o
  CC [M]  sound/hda/hdmi_chmap.o
  CC [M]  crypto/algif_hash.o
  AR      net/packet/built-in.a
  LD [M]  net/packet/af_packet_diag.o
  CC [M]  fs/nls/mac-cyrillic.o
  CC      drivers/acpi/acpica/exoparg3.o
  CC [M]  net/ipv6/netfilter/ip6t_ah.o
  CC      drivers/acpi/blacklist.o
  CC      kernel/exec_domain.o
  LD [M]  sound/soc/amd/raven/snd-pci-acp3x.o
  LD [M]  sound/soc/amd/raven/snd-acp3x-pcm-dma.o
  LD [M]  sound/soc/amd/raven/snd-acp3x-i2s.o
  CC [M]  sound/soc/amd/renoir/acp3x-pdm-dma.o
  CC      security/integrity/platform_certs/keyring_handler.o
  CC      drivers/clk/clkdev.o
  CC [M]  sound/pci/riptide/riptide.o
  CC      drivers/dma/hsu/hsu.o
  CC      lib/memcat_p.o
  CC      drivers/acpi/acpica/exoparg6.o
  CC [M]  fs/nls/mac-gaelic.o
  CC      kernel/trace/trace_mmiotrace.o
  AR      drivers/dma/idxd/built-in.a
  CC      drivers/dma/lgm/lgm-dma.o
  CC [M]  drivers/dma/idxd/init.o
  AR      drivers/dma/mediatek/built-in.a
  LD [M]  fs/fuse/virtiofs.o
  CC      kernel/trace/trace_functions_graph.o
  CC [M]  sound/pci/oxygen/virtuoso.o
  LD [M]  sound/pci/pcxhr/snd-pcxhr.o
  CC [M]  sound/pci/oxygen/xonar_lib.o
  AR      fs/fuse/built-in.a
  CC [M]  sound/virtio/virtio_card.o
  CC      lib/nmi_backtrace.o
  CC [M]  sound/soc/amd/vangogh/pci-acp5x.o
  CC [M]  sound/pci/hda/cs35l41_hda.o
  CC [M]  sound/soc/codecs/arizona-jack.o
  CC      drivers/clk/clk.o
  CC      drivers/acpi/acpica/exprep.o
  AR      security/integrity/built-in.a
  CC      security/security.o
  CC [M]  net/xfrm/xfrm_interface_core.o
  CC [M]  fs/nls/mac-greek.o
  CC [M]  crypto/algif_skcipher.o
  CC      net/ipv4/inet_hashtables.o
  CC [M]  net/netfilter/ipvs/ip_vs_lblcr.o
  CC [M]  sound/soc/amd/renoir/acp3x-rn.o
  CC      kernel/bpf/bpf_lru_list.o
  CC      arch/x86/kernel/tsc_msr.o
  CC      security/inode.o
  CC      net/devlink/core.o
  CC      net/dsa/stubs.o
  CC [M]  net/sched/cls_route.o
  CC [M]  sound/hda/trace.o
  CC [M]  sound/pci/oxygen/xonar_pcm179x.o
  CC [M]  drivers/video/fbdev/metronomefb.o
  CC      drivers/acpi/acpica/exregion.o
  CC [M]  net/ipv6/netfilter/ip6t_eui64.o
  CC [M]  sound/virtio/virtio_chmap.o
  CC [M]  sound/pci/rme9652/rme9652.o
  CC [M]  sound/soc/amd/vangogh/acp5x-i2s.o
  CC [M]  fs/nls/mac-iceland.o
  CC [M]  sound/soc/amd/yc/pci-acp6x.o
  CC      arch/x86/kernel/io_delay.o
  LD [M]  sound/pci/riptide/snd-riptide.o
  CC      net/ipv4/inet_timewait_sock.o
  CC      kernel/bpf/lpm_trie.o
  AR      drivers/dma/hsu/built-in.a
  CC [M]  drivers/dma/idxd/irq.o
  CC      net/ipv4/inet_connection_sock.o
  CC      kernel/trace/blktrace.o
  LD [M]  sound/soc/amd/renoir/snd-rn-pci-acp3x.o
  CC      drivers/acpi/acpica/exresnte.o
  LD [M]  sound/soc/amd/renoir/snd-acp3x-pdm-dma.o
  CC [M]  fs/nls/mac-inuit.o
  LD [M]  sound/soc/amd/renoir/snd-acp3x-rn.o
  CC      security/lsm_audit.o
  AR      drivers/dma/lgm/built-in.a
  CC      net/ipv4/tcp.o
  CC [M]  sound/virtio/virtio_ctl_msg.o
  CC [M]  crypto/algif_rng.o
  CC [M]  sound/soc/amd/yc/acp6x-pdm-dma.o
  CC      net/ipv4/tcp_input.o
  CC [M]  sound/hda/hdac_component.o
  CC [M]  sound/soc/amd/vangogh/acp5x-pcm-dma.o
  CC      arch/x86/kernel/rtc.o
  CC [M]  sound/pci/oxygen/xonar_cs43xx.o
  CC [M]  fs/nls/mac-romanian.o
  CC [M]  drivers/video/fbdev/s1d13xxxfb.o
  CC      drivers/acpi/acpica/exresolv.o
  CC [M]  net/netfilter/ipvs/ip_vs_dh.o
  CC [M]  sound/soc/codecs/bd28623.o
  CC [M]  net/ipv6/netfilter/ip6t_frag.o
  LD [M]  net/xfrm/xfrm_interface.o
  CC [M]  drivers/dma/idxd/device.o
  CC [M]  sound/pci/hda/cs35l41_hda_property.o
  AR      net/xfrm/built-in.a
  CC [M]  net/sched/cls_fw.o
  LD [M]  sound/soc/amd/vangogh/snd-pci-acp5x.o
  CC      arch/x86/kernel/resource.o
  CC [M]  sound/pci/rme9652/hdsp.o
  CC      kernel/bpf/map_in_map.o
  CC [M]  fs/nls/mac-roman.o
  CC [M]  sound/virtio/virtio_jack.o
  CC      drivers/acpi/acpica/exresop.o
  CC [M]  net/dsa/devlink.o
  CC [M]  sound/soc/amd/yc/acp6x-mach.o
  CC [M]  sound/hda/hdac_i915.o
  CC      kernel/bpf/bloom_filter.o
  LD [M]  sound/soc/amd/vangogh/snd-acp5x-i2s.o
  CC [M]  sound/pci/oxygen/xonar_wm87x6.o
  LD [M]  sound/soc/amd/vangogh/snd-acp5x-pcm-dma.o
  CC [M]  crypto/algif_aead.o
  CC      kernel/bpf/local_storage.o
  CC [M]  fs/nls/mac-turkish.o
  CC [M]  drivers/video/fbdev/sm501fb.o
  CC [M]  sound/pci/hda/cs35l41_hda_i2c.o
  CC      kernel/bpf/queue_stack_maps.o
  CC      drivers/acpi/acpica/exserial.o
  CC      kernel/trace/fgraph.o
  AS      arch/x86/kernel/irqflags.o
  CC [M]  sound/soc/codecs/bt-sco.o
  CC [M]  sound/virtio/virtio_pcm.o
  CC [M]  drivers/video/fbdev/udlfb.o
  CC [M]  net/netfilter/ipvs/ip_vs_sh.o
  LD [M]  sound/soc/amd/yc/snd-pci-acp6x.o
  CC      kernel/panic.o
  LD [M]  sound/soc/amd/yc/snd-acp6x-pdm-dma.o
  CC [M]  fs/nls/nls_ucs2_utils.o
  LD [M]  sound/soc/amd/yc/snd-soc-acp6x-mach.o
  CC      net/devlink/netlink.o
  CC [M]  sound/soc/amd/acp-pcm-dma.o
  CC [M]  net/ipv6/netfilter/ip6t_ipv6header.o
  CC [M]  net/sched/cls_basic.o
  CC      drivers/acpi/acpica/exstore.o
  CC [M]  net/sched/cls_flow.o
  CC      net/ipv4/tcp_output.o
  CC      arch/x86/kernel/static_call.o
  AR      sound/built-in.a
  CC [M]  sound/virtio/virtio_pcm_msg.o
  CC [M]  sound/hda/intel-dsp-config.o
  CC [M]  sound/pci/oxygen/xonar_hdmi.o
  CC [M]  sound/soc/codecs/cros_ec_codec.o
  CC [M]  sound/pci/hda/cs35l41_hda_spi.o
  CC [M]  crypto/zstd.o
  CC      security/device_cgroup.o
  CC      drivers/acpi/acpica/exstoren.o
  CC      kernel/bpf/ringbuf.o
  CC [M]  sound/hda/intel-nhlt.o
  CC      drivers/clk/clk-divider.o
  CC      kernel/trace/trace_events.o
  CC      arch/x86/kernel/process.o
  CC [M]  sound/hda/intel-sdw-acpi.o
  CC      drivers/clk/clk-fixed-factor.o
  CC [M]  net/dsa/dsa.o
  CC [M]  drivers/dma/idxd/sysfs.o
  CC      drivers/acpi/acpica/exstorob.o
  CC      lib/plist.o
  CC      net/devlink/netlink_gen.o
  LD [M]  sound/pci/oxygen/snd-oxygen-lib.o
  CC      arch/x86/kernel/ptrace.o
  CC [M]  net/dsa/master.o
  LD [M]  sound/pci/oxygen/snd-oxygen.o
  CC [M]  sound/virtio/virtio_pcm_ops.o
  CC [M]  crypto/ofb.o
  LD [M]  sound/pci/oxygen/snd-virtuoso.o
  CC [M]  net/netfilter/ipvs/ip_vs_mh.o
  CC      lib/radix-tree.o
  CC      lib/ratelimit.o
  CC [M]  sound/pci/hda/hda_cs_dsp_ctl.o
  CC [M]  sound/pci/rme9652/hdspm.o
  AR      fs/nls/built-in.a
  CC [M]  drivers/video/fbdev/smscufx.o
  CC      fs/debugfs/inode.o
  CC [M]  net/ipv6/netfilter/ip6t_mh.o
  CC      drivers/acpi/acpica/exsystem.o
  CC [M]  sound/soc/amd/acp-da7219-max98357a.o
  CC [M]  sound/soc/codecs/cs35l32.o
  CC      drivers/clk/clk-fixed-rate.o
  CC      lib/rbtree.o
  CC [M]  crypto/ecc.o
  CC [M]  net/sched/cls_cgroup.o
  CC [M]  net/netfilter/ipvs/ip_vs_sed.o
  CC      kernel/bpf/bpf_local_storage.o
  CC [M]  drivers/video/fbdev/xen-fbfront.o
  CC      drivers/acpi/osi.o
  CC      net/devlink/dev.o
  LD [M]  sound/hda/snd-hda-core.o
  LD [M]  sound/hda/snd-intel-dspcfg.o
  LD [M]  sound/hda/snd-intel-sdw-acpi.o
  LD [M]  sound/virtio/virtio_snd.o
  LD [M]  sound/pci/rme9652/snd-rme9652.o
  CC [M]  drivers/dma/idxd/submit.o
  CC [M]  sound/soc/bcm/bcm63xx-i2s-whistler.o
  CC      drivers/acpi/acpica/extrace.o
  CC      arch/x86/kernel/tls.o
  CC      drivers/clk/clk-gate.o
  AR      security/built-in.a
  CC      kernel/bpf/bpf_task_storage.o
  CC      kernel/cpu.o
  CC [M]  drivers/video/fbdev/carminefb.o
  CC [M]  sound/pci/hda/hda_intel.o
  CC [M]  net/sched/cls_bpf.o
  CC [M]  net/ipv6/netfilter/ip6t_hbh.o
  CC [M]  sound/soc/codecs/cs35l33.o
  CC [M]  sound/soc/amd/acp-rt5645.o
  CC [M]  sound/soc/codecs/cs35l34.o
  CC      drivers/acpi/acpica/exutils.o
  CC      drivers/acpi/acpica/hwacpi.o
  CC      lib/seq_buf.o
  CC      fs/debugfs/file.o
  CC      net/netfilter/nf_hooks_lwtunnel.o
  CC [M]  sound/soc/bcm/bcm63xx-pcm-whistler.o
  CC      net/ipv6/route.o
  CC [M]  net/netfilter/ipvs/ip_vs_nq.o
  CC [M]  drivers/dma/idxd/dma.o
  CC [M]  net/netfilter/nfnetlink.o
  LD [M]  sound/pci/rme9652/snd-hdsp.o
  CC [M]  sound/soc/codecs/cs35l35.o
  CC      arch/x86/kernel/step.o
  CC [M]  net/ipv6/netfilter/ip6t_rpfilter.o
  CC      kernel/exit.o
  CC      fs/tracefs/inode.o
  CC      drivers/acpi/acpica/hwesleep.o
  CC      drivers/clk/clk-multiplier.o
  CC [M]  net/dsa/netlink.o
  CC [M]  sound/soc/amd/acp3x-rt5682-max9836.o
  CC [M]  drivers/video/fbdev/hyperv_fb.o
  CC      kernel/bpf/bpf_inode_storage.o
  CC [M]  crypto/essiv.o
  CC      drivers/acpi/acpica/hwgpe.o
  LD [M]  sound/soc/bcm/snd-soc-63xx.o
  CC      net/ipv6/ip6_fib.o
  CC      fs/tracefs/event_inode.o
  CC      kernel/trace/trace_export.o
  LD [M]  sound/pci/rme9652/snd-hdspm.o
  CC      lib/siphash.o
  CC [M]  arch/x86/kvm/kvm-asm-offsets.s
  AR      drivers/dma/qcom/built-in.a
  CC      arch/x86/kernel/tboot.o
  CC [M]  drivers/dma/qcom/hidma_mgmt.o
  CC [M]  drivers/dma/idxd/cdev.o
  CC [M]  net/sched/cls_flower.o
  CC [M]  drivers/dma/idxd/debugfs.o
  CC      drivers/clk/clk-mux.o
  CC [M]  drivers/dma/idxd/perfmon.o
  CC [M]  net/netfilter/ipvs/ip_vs_twos.o
  CC      drivers/acpi/acpica/hwregs.o
  CC [M]  net/ipv6/netfilter/ip6t_rt.o
  LD [M]  sound/pci/hda/snd-hda-codec.o
  AR      fs/debugfs/built-in.a
  CC [M]  sound/soc/amd/acp-config.o
  CC      drivers/acpi/acpica/hwsleep.o
  CC [M]  sound/soc/codecs/cs35l36.o
  LD [M]  sound/pci/hda/snd-hda-codec-generic.o
  LD [M]  sound/pci/hda/snd-hda-codec-realtek.o
  CC      net/devlink/port.o
  CC [M]  net/dsa/port.o
  CC [M]  crypto/curve25519-generic.o
  LD [M]  sound/pci/hda/snd-hda-codec-cmedia.o
  LD [M]  sound/pci/hda/snd-hda-codec-analog.o
  LD [M]  sound/pci/hda/snd-hda-codec-idt.o
  CC      arch/x86/kernel/i8237.o
  CC      drivers/acpi/acpica/hwvalid.o
  CC      net/ipv4/tcp_timer.o
  LD [M]  sound/pci/hda/snd-hda-codec-si3054.o
  CC      kernel/trace/trace_syscalls.o
  TEST    lib/test_fortify/read_overflow-memchr.log
  LD [M]  sound/pci/hda/snd-hda-codec-cirrus.o
  AR      fs/tracefs/built-in.a
  LD [M]  sound/pci/hda/snd-hda-codec-cs8409.o
  CC [M]  drivers/dma/qcom/hidma_mgmt_sys.o
  LD [M]  sound/pci/hda/snd-hda-codec-ca0110.o
  CC      fs/pstore/inode.o
  LD [M]  sound/pci/hda/snd-hda-codec-ca0132.o
  CC      kernel/bpf/disasm.o
  CC [M]  drivers/video/fbdev/ocfb.o
  LD [M]  sound/pci/hda/snd-hda-codec-conexant.o
  LD [M]  sound/pci/hda/snd-hda-codec-via.o
  LD [M]  sound/pci/hda/snd-hda-codec-hdmi.o
  AR      drivers/dma/ti/built-in.a
  LD [M]  sound/pci/hda/snd-hda-scodec-cs35l41.o
  CC      drivers/acpi/acpica/hwxface.o
  CC      drivers/clk/clk-composite.o
  CC      fs/pstore/platform.o
  LD [M]  sound/pci/hda/snd-hda-scodec-cs35l41-i2c.o
  CC [M]  net/netfilter/nfnetlink_acct.o
  CC [M]  net/dsa/slave.o
  LD [M]  sound/pci/hda/snd-hda-scodec-cs35l41-spi.o
  TEST    lib/test_fortify/read_overflow-memchr_inv.log
  LD [M]  sound/pci/hda/snd-hda-cs-dsp-ctls.o
  LD [M]  sound/pci/hda/snd-hda-intel.o
  CC [M]  net/dsa/switch.o
  CC [M]  sound/pci/trident/trident.o
  CC      kernel/softirq.o
  CC      arch/x86/kernel/stacktrace.o
  CC [M]  sound/sound_core.o
  CC [M]  crypto/ecdh.o
  CC [M]  sound/pci/trident/trident_main.o
  TEST    lib/test_fortify/read_overflow-memcmp.log
  CC      net/ipv4/tcp_ipv4.o
  CC [M]  net/netfilter/ipvs/ip_vs_ftp.o
  CC      kernel/trace/trace_event_perf.o
  CC [M]  drivers/dma/idxd/bus.o
  TEST    lib/test_fortify/read_overflow-memscan.log
  CC [M]  drivers/dma/qcom/hidma_ll.o
  CC      kernel/bpf/mprog.o
  LD [M]  drivers/dma/idxd/idxd.o
  CC [M]  sound/soc/codecs/cs35l41.o
  CC      drivers/acpi/acpica/hwxfsleep.o
  CC      drivers/clk/clk-fractional-divider.o
  CC [M]  net/ipv6/netfilter/ip6t_srh.o
  CC [M]  sound/ac97_bus.o
  CC [M]  drivers/video/fbdev/sm712fb.o
  LD [M]  sound/soc/amd/acp_audio_dma.o
  CC      arch/x86/kernel/reboot.o
  CC [M]  drivers/video/fbdev/uvesafb.o
  CC [M]  net/netfilter/nfnetlink_queue.o
  LD [M]  sound/soc/amd/snd-soc-acp-da7219mx98357-mach.o
  LD [M]  sound/soc/amd/snd-soc-acp-rt5645-mach.o
  CC [M]  crypto/ecdh_helper.o
  LD [M]  sound/soc/amd/snd-soc-acp-rt5682-mach.o
  TEST    lib/test_fortify/read_overflow2-memcmp.log
  LD [M]  sound/soc/amd/snd-acp-config.o
  CC [M]  net/sched/cls_matchall.o
  CC [M]  arch/x86/kvm/vmx/pmu_intel.o
  CC [M]  fs/pstore/ram.o
  TEST    lib/test_fortify/read_overflow2-memcpy.log
  CC      kernel/trace/trace_events_filter.o
  CC      arch/x86/kernel/early-quirks.o
  ASN.1   crypto/ecrdsa_params.asn1.[ch]
  ASN.1   crypto/ecrdsa_pub_key.asn1.[ch]
  CC      drivers/acpi/acpica/hwpci.o
  CC [M]  crypto/ecrdsa_params.asn1.o
  TEST    lib/test_fortify/read_overflow2-memmove.log
  CC [M]  drivers/dma/qcom/hidma.o
  CC [M]  crypto/ecrdsa_pub_key.asn1.o
  CC      kernel/bpf/trampoline.o
  CC [M]  crypto/xor.o
  CC [M]  drivers/video/fbdev/vga16fb.o
  CC      drivers/clk/clk-gpio.o
  CC [M]  sound/pci/ymfpci/ymfpci.o
  CC      net/ipv4/tcp_minisocks.o
  CC      kernel/resource.o
  TEST    lib/test_fortify/read_overflow2_field-memcpy.log
  CC      net/devlink/sb.o
  CC [M]  net/netfilter/ipvs/ip_vs_pe_sip.o
  LD [M]  drivers/dma/idxd/idxd_bus.o
  CC      drivers/acpi/acpica/nsaccess.o
  CC      kernel/sysctl.o
  CC [M]  fs/pstore/ram_core.o
  CC [M]  net/dsa/tag.o
  TEST    lib/test_fortify/read_overflow2_field-memmove.log
  CC      drivers/acpi/acpica/nsalloc.o
  CC [M]  net/ipv6/netfilter/ip6t_NPT.o
  CC      drivers/acpi/osl.o
  CC [M]  net/sched/em_cmp.o
  CC      net/ipv6/ipv6_sockglue.o
  CC [M]  drivers/video/fbdev/ssd1307fb.o
  CC [M]  drivers/clk/clk-cdce706.o
  CC      arch/x86/kernel/smp.o
  TEST    lib/test_fortify/write_overflow-memcpy.log
  CC [M]  sound/soc/codecs/cs35l41-lib.o
  CC [M]  sound/pci/trident/trident_memory.o
  CC      kernel/bpf/btf.o
  CC      net/ipv4/tcp_cong.o
  CC      drivers/acpi/acpica/nsarguments.o
  CC [M]  crypto/simd.o
  CC [M]  drivers/dma/qcom/hidma_dbg.o
  CC [M]  arch/x86/kvm/vmx/vmcs12.o
  CC [M]  sound/pci/ymfpci/ymfpci_main.o
  TEST    lib/test_fortify/write_overflow-memmove.log
  CC      net/ipv4/tcp_metrics.o
  CC [M]  net/dsa/tag_8021q.o
  CC [M]  fs/pstore/zone.o
  CC      drivers/acpi/acpica/nsconvert.o
  CC [M]  net/sched/em_nbyte.o
  TEST    lib/test_fortify/write_overflow-memset.log
  AR      drivers/soc/apple/built-in.a
  AR      drivers/soc/bcm/built-in.a
  AR      drivers/soc/aspeed/built-in.a
  CC [M]  drivers/video/fbdev/simplefb.o
  LD [M]  sound/pci/trident/snd-trident.o
  AR      drivers/soc/fsl/built-in.a
  CC [M]  fs/pstore/blk.o
  CC      drivers/acpi/acpica/nsdump.o
  AR      drivers/soc/fujitsu/built-in.a
  CC      kernel/trace/trace_events_trigger.o
  AR      drivers/soc/hisilicon/built-in.a
  LD [M]  drivers/dma/qcom/hdma_mgmt.o
  AR      drivers/soc/imx/built-in.a
  LD [M]  drivers/dma/qcom/hdma.o
  CC [M]  net/ipv6/netfilter/ip6t_REJECT.o
  CC [M]  drivers/clk/clk-cs2000-cp.o
  CC      arch/x86/kernel/smpboot.o
  AR      drivers/soc/ixp4xx/built-in.a
  TEST    lib/test_fortify/write_overflow-strcpy-lit.log
  LD [M]  net/netfilter/ipvs/ip_vs.o
  AR      drivers/dma/xilinx/built-in.a
  AR      drivers/soc/loongson/built-in.a
  CC      fs/efivarfs/inode.o
  AR      drivers/soc/mediatek/built-in.a
  CC [M]  drivers/dma/ptdma/ptdma-dev.o
  CC [M]  arch/x86/kvm/vmx/hyperv.o
  AR      drivers/soc/microchip/built-in.a
  CC [M]  net/netfilter/nfnetlink_log.o
  AR      drivers/soc/nuvoton/built-in.a
  AR      drivers/pmdomain/actions/built-in.a
  AR      drivers/soc/pxa/built-in.a
  AR      drivers/pmdomain/amlogic/built-in.a
  AR      drivers/pmdomain/apple/built-in.a
  AR      drivers/soc/amlogic/built-in.a
  AR      drivers/pmdomain/bcm/built-in.a
  CC [M]  net/ipv6/netfilter/ip6t_SYNPROXY.o
  AR      drivers/soc/qcom/built-in.a
  AR      drivers/pmdomain/imx/built-in.a
  CC [M]  drivers/soc/qcom/qmi_encdec.o
  AR      drivers/pmdomain/mediatek/built-in.a
  TEST    lib/test_fortify/write_overflow-strcpy.log
  AR      drivers/pmdomain/qcom/built-in.a
  AR      drivers/pmdomain/renesas/built-in.a
  AR      drivers/pmdomain/rockchip/built-in.a
  CC      drivers/acpi/acpica/nseval.o
  CC      arch/x86/kernel/tsc_sync.o
  AR      drivers/pmdomain/samsung/built-in.a
  AR      drivers/pmdomain/st/built-in.a
  AR      drivers/pmdomain/starfive/built-in.a
  AR      drivers/pmdomain/sunxi/built-in.a
  CC      net/strparser/strparser.o
  AR      drivers/pmdomain/tegra/built-in.a
  CC [M]  net/sched/em_u32.o
  AR      drivers/pmdomain/ti/built-in.a
  TEST    lib/test_fortify/write_overflow-strlcpy-src.log
  CC [M]  sound/soc/codecs/cs35l41-spi.o
  CC [M]  crypto/sm2signature.asn1.o
  AR      drivers/pmdomain/xilinx/built-in.a
  AR      drivers/pmdomain/built-in.a
  CC      fs/efivarfs/file.o
  CC [M]  crypto/sm2.o
  CC      net/8021q/vlan_core.o
  CC      net/devlink/dpipe.o
  CC      net/wireless/wext-core.o
  CC [M]  drivers/dma/ptdma/ptdma-dmaengine.o
  CC      net/netlabel/netlabel_user.o
  LD [M]  sound/pci/ymfpci/snd-ymfpci.o
  CC [M]  drivers/soc/qcom/qmi_interface.o
  CC [M]  sound/pci/vx222/vx222.o
  TEST    lib/test_fortify/write_overflow-strlcpy.log
  CC [M]  drivers/clk/clk-lmk04832.o
  CC      drivers/acpi/acpica/nsinit.o
  AR      drivers/video/fbdev/built-in.a
  AR      drivers/video/built-in.a
  CC      net/netlabel/netlabel_kapi.o
  CC      arch/x86/kernel/setup_percpu.o
  CC [M]  net/netfilter/nfnetlink_osf.o
  CC [M]  sound/soc/dwc/dwc-i2s.o
  CC [M]  net/netfilter/nfnetlink_hook.o
  LD [M]  fs/pstore/ramoops.o
  LD [M]  fs/pstore/pstore_zone.o
  LD [M]  fs/pstore/pstore_blk.o
  AR      fs/pstore/built-in.a
  CC      kernel/trace/trace_eprobe.o
  CC      net/netlabel/netlabel_domainhash.o
  TEST    lib/test_fortify/write_overflow-strncpy-src.log
  CC [M]  arch/x86/kvm/vmx/nested.o
  CC      arch/x86/kernel/mpparse.o
  CC      fs/efivarfs/super.o
  CC [M]  net/dsa/trace.o
  CC      net/ipv4/tcp_fastopen.o
  CC [M]  net/sched/em_meta.o
  CC      drivers/acpi/acpica/nsload.o
  TEST    lib/test_fortify/write_overflow-strncpy.log
  CC [M]  sound/soc/codecs/cs35l41-i2c.o
  CC [M]  sound/pci/vx222/vx222_ops.o
  CC [M]  drivers/dma/ptdma/ptdma-debugfs.o
  CC [M]  crypto/ecdsa.o
  CC      drivers/virtio/virtio.o
  LD [M]  net/ipv6/netfilter/nf_defrag_ipv6.o
  CC      net/ipv6/ndisc.o
  CC      net/ipv4/tcp_rate.o
  TEST    lib/test_fortify/write_overflow-strscpy.log
  CC      drivers/acpi/acpica/nsnames.o
  CC      net/rfkill/core.o
  AR      drivers/soc/renesas/built-in.a
  CC      kernel/bpf/memalloc.o
  CC [M]  arch/x86/kvm/vmx/posted_intr.o
  CC      fs/efivarfs/vars.o
  CC [M]  sound/soc/dwc/dwc-pcm.o
  TEST    lib/test_fortify/write_overflow_field-memcpy.log
  CC [M]  drivers/clk/clk-max9485.o
  CC      kernel/trace/trace_events_inject.o
  CC      drivers/virtio/virtio_ring.o
  CC [M]  drivers/dma/ptdma/ptdma-pci.o
  AR      net/strparser/built-in.a
  CC      arch/x86/kernel/ftrace.o
  CC [M]  sound/soc/codecs/cs35l56.o
  AS      arch/x86/kernel/ftrace_64.o
  CC [M]  crypto/ecdsasignature.asn1.o
  CC      kernel/trace/trace_events_synth.o
  CC      net/ipv4/tcp_recovery.o
  CC      net/wireless/wext-proc.o
  LD [M]  drivers/soc/qcom/qmi_helpers.o
  AR      drivers/soc/rockchip/built-in.a
  CC [M]  net/8021q/vlan.o
  AR      drivers/soc/sifive/built-in.a
  AR      drivers/soc/sunxi/built-in.a
  AR      drivers/soc/ti/built-in.a
  AR      drivers/soc/xilinx/built-in.a
  AR      drivers/soc/built-in.a
  CC [M]  net/8021q/vlan_dev.o
  CC      net/devlink/resource.o
  CC      net/netlabel/netlabel_addrlist.o
  CC [M]  net/netfilter/nf_conntrack_core.o
  TEST    lib/test_fortify/write_overflow_field-memmove.log
  LD [M]  crypto/crypto_user.o
  CC      drivers/acpi/acpica/nsobject.o
  LD [M]  sound/pci/vx222/snd-vx222.o
  LD [M]  crypto/aegis128.o
  CC [M]  sound/pci/ad1889.o
  LD [M]  crypto/ecdh_generic.o
  AR      fs/efivarfs/built-in.a
  LD [M]  drivers/dma/ptdma/ptdma.o
  CC [M]  crypto/ecrdsa.o
  CC      net/dcb/dcbnl.o
  LD [M]  sound/soc/dwc/designware_i2s.o
  CC [M]  fs/dlm/ast.o
  CC [M]  drivers/clk/clk-palmas.o
  CC      arch/x86/kernel/trace_clock.o
  CC [M]  net/dsa/tag_ar9331.o
  CC [M]  net/8021q/vlan_netlink.o
  CC [M]  drivers/dma/dw/core.o
  CC [M]  net/sched/em_text.o
  CC [M]  drivers/dma/dw/dw.o
  CC      kernel/trace/trace_events_hist.o
  CC      drivers/acpi/utils.o
  CC      net/dns_resolver/dns_key.o
  CC      net/rfkill/input.o
  CC      net/wireless/wext-spy.o
  TEST    lib/test_fortify/write_overflow_field-memset.log
  CC      drivers/acpi/acpica/nsparse.o
  CC      arch/x86/kernel/trace.o
  CC      net/devlink/param.o
  CC [M]  drivers/dma/dw-edma/dw-edma-core.o
  CC [M]  net/netfilter/nf_conntrack_standalone.o
  CC      kernel/bpf/dispatcher.o
  CC      lib/timerqueue.o
  CC      net/netlabel/netlabel_mgmt.o
  LD [M]  crypto/crypto_simd.o
  CC      arch/x86/kernel/rethook.o
  CC      drivers/acpi/acpica/nspredef.o
  CC      net/dns_resolver/dns_query.o
  CC      crypto/rsapubkey.asn1.o
  CC [M]  fs/dlm/config.o
  CC [M]  net/rfkill/rfkill-gpio.o
  CC [M]  drivers/clk/clk-pwm.o
  CC [M]  net/sched/em_canid.o
  CC [M]  sound/pci/als300.o
  CC      net/ipv4/tcp_ulp.o
  CC [M]  drivers/clk/clk-si5341.o
  CC [M]  net/8021q/vlan_gvrp.o
  CC [M]  net/dsa/tag_brcm.o
  CC      crypto/rsaprivkey.asn1.o
  LD [M]  crypto/sm2_generic.o
  LD [M]  crypto/ecdsa_generic.o
  LD [M]  crypto/ecrdsa_generic.o
  AR      crypto/built-in.a
  CC      kernel/trace/bpf_trace.o
  CC      arch/x86/kernel/crash_core_64.o
  CC      lib/vsprintf.o
  CC [M]  net/sched/em_ipset.o
  CC [M]  sound/soc/codecs/cs35l56-shared.o
  CC [M]  drivers/dma/dw/idma32.o
  CC      drivers/acpi/acpica/nsprepkg.o
  CC [M]  drivers/dma/dw-edma/dw-edma-v0-core.o
  CC      net/wireless/wext-priv.o
  AR      net/rfkill/built-in.a
  CC      drivers/virtio/virtio_anchor.o
  CC      kernel/bpf/devmap.o
  CC      kernel/bpf/cpumap.o
  CC      kernel/bpf/offload.o
  CC [M]  drivers/dma/ioat/init.o
  CC [M]  drivers/dma/dw/acpi.o
  CC [M]  drivers/dma/ioat/dma.o
  CC      drivers/acpi/acpica/nsrepair.o
  CC      net/dcb/dcbevent.o
  CC      net/ipv6/udp.o
  CC [M]  sound/pci/als4000.o
  CC [M]  net/8021q/vlan_mvrp.o
  CC [M]  fs/netfs/buffered_read.o
  CC      arch/x86/kernel/machine_kexec_64.o
  CC [M]  fs/netfs/io.o
  CC      net/netlabel/netlabel_unlabeled.o
  CC      net/devlink/region.o
  AR      net/dns_resolver/built-in.a
  CC [M]  net/dsa/tag_dsa.o
  CC [M]  fs/netfs/iterator.o
  CC      drivers/acpi/acpica/nsrepair2.o
  CC [M]  drivers/clk/clk-si5351.o
  CC [M]  drivers/dma/dw-edma/dw-hdma-v0-core.o
  CC [M]  fs/dlm/dir.o
  CC [M]  net/wireless/core.o
  CC [M]  net/sched/em_ipt.o
  AS      arch/x86/kernel/relocate_kernel_64.o
  CC [M]  net/netfilter/nf_conntrack_expect.o
  CC      net/devlink/health.o
  CC      drivers/virtio/virtio_pci_modern_dev.o
  CC [M]  drivers/dma/dw/platform.o
  CC [M]  fs/fscache/cache.o
  CC [M]  net/8021q/vlanproc.o
  CC      drivers/acpi/acpica/nssearch.o
  CC      net/ipv4/tcp_offload.o
  CC [M]  sound/soc/codecs/cs35l56-sdw.o
  CC [M]  sound/pci/atiixp.o
  CC      arch/x86/kernel/crash.o
  CC [M]  drivers/dma/ioat/prep.o
  CC      drivers/acpi/acpica/nsutils.o
  AR      net/dcb/built-in.a
  CC [M]  drivers/dma/dw-edma/dw-edma-v0-debugfs.o
  CC      drivers/acpi/reboot.o
  CC      drivers/virtio/virtio_pci_legacy_dev.o
  CC [M]  fs/dlm/lock.o
  CC      net/ipv6/udplite.o
  CC [M]  net/dsa/tag_gswip.o
  CC [M]  net/dsa/tag_hellcreek.o
  CC      net/ipv6/raw.o
  CC [M]  net/dsa/tag_ksz.o
  CC [M]  drivers/dma/dw/pci.o
  CC [M]  fs/netfs/main.o
  CC [M]  drivers/clk/clk-si544.o
  CC      drivers/acpi/acpica/nswalk.o
  CC      net/netlabel/netlabel_cipso_v4.o
  AR      net/8021q/built-in.a
  LD [M]  net/8021q/8021q.o
  CC      kernel/bpf/net_namespace.o
  CC      drivers/acpi/acpica/nsxfeval.o
  CC      arch/x86/kernel/kexec-bzimage64.o
  CC      net/ipv6/icmp.o
  CC [M]  sound/soc/codecs/cs42l42.o
  CC [M]  drivers/dma/dw-edma/dw-hdma-v0-debugfs.o
  CC [M]  sound/pci/atiixp_modem.o
  CC      drivers/acpi/acpica/nsxfname.o
  CC      lib/win_minmax.o
  CC [M]  fs/fscache/cookie.o
  LD [M]  drivers/dma/dw/dw_dmac_core.o
  CC [M]  drivers/dma/ioat/dca.o
  CC      drivers/virtio/virtio_mmio.o
  LD [M]  drivers/dma/dw/dw_dmac.o
  LD [M]  drivers/dma/dw/dw_dmac_pci.o
  CC      drivers/acpi/acpica/nsxfobj.o
  CC      net/netlabel/netlabel_calipso.o
  CC [M]  fs/reiserfs/bitmap.o
  CC [M]  drivers/clk/clk-twl6040.o
  AR      net/sched/built-in.a
  CC      kernel/trace/trace_kprobe.o
  CC [M]  fs/cramfs/inode.o
  CC [M]  net/netfilter/nf_conntrack_helper.o
  CC [M]  fs/coda/psdev.o
  CC [M]  fs/cramfs/uncompress.o
  CC [M]  fs/minix/bitmap.o
  CC [M]  fs/netfs/objects.o
  CC      arch/x86/kernel/crash_dump_64.o
  CC [M]  arch/x86/kvm/vmx/sgx.o
  CC [M]  net/dsa/tag_lan9303.o
  CC      net/ipv4/tcp_plb.o
  CC [M]  drivers/dma/dw-edma/dw-edma-pcie.o
  CC      lib/xarray.o
  CC      kernel/trace/error_report-traces.o
  CC      kernel/bpf/tcx.o
  CC [M]  sound/soc/fsl/fsl_audmix.o
  CC      net/ipv6/mcast.o
  CC      drivers/acpi/acpica/psargs.o
  CC      net/ipv6/reassembly.o
  CC [M]  drivers/dma/ioat/sysfs.o
  CC      net/devlink/trap.o
  CC [M]  sound/pci/azt3328.o
  CC      drivers/virtio/virtio_pci_modern.o
  CC [M]  drivers/clk/clk-wm831x.o
  CC      drivers/virtio/virtio_pci_common.o
  CC      arch/x86/kernel/module.o
  CC [M]  fs/minix/itree_v1.o
  CC [M]  fs/netfs/stats.o
  CC [M]  fs/coda/cache.o
  CC [M]  net/wireless/sysfs.o
  CC      drivers/acpi/acpica/psloop.o
  CC [M]  sound/soc/codecs/cs42l42-i2c.o
  LD [M]  fs/cramfs/cramfs.o
  CC [M]  fs/reiserfs/do_balan.o
  CC [M]  sound/soc/fsl/fsl_asrc.o
  LD [M]  drivers/dma/dw-edma/dw-edma.o
  CC      net/ipv4/datagram.o
  LD [M]  drivers/dma/ioat/ioatdma.o
  CC      net/ipv4/raw.o
  CC [M]  drivers/dma/sf-pdma/sf-pdma.o
  CC [M]  arch/x86/kvm/svm/svm.o
  AR      net/netlabel/built-in.a
  CC      net/ipv4/udp.o
  CC [M]  fs/coda/cnode.o
  AR      drivers/clk/built-in.a
  CC [M]  net/dsa/tag_mtk.o
  CC      drivers/dma/dmaengine.o
  CC      drivers/dma/virt-dma.o
  CC [M]  fs/fscache/io.o
  CC      arch/x86/kernel/kgdb.o
  LD [M]  sound/soundcore.o
  CC      drivers/dma/acpi-dma.o
  CC      lib/lockref.o
  CC      kernel/bpf/stackmap.o
  CC      drivers/virtio/virtio_pci_legacy.o
  CC      drivers/acpi/acpica/psobject.o
  CC      drivers/xen/events/events_base.o
  CC [M]  fs/minix/itree_v2.o
  CC [M]  sound/pci/bt87x.o
  CC      drivers/xen/xenbus/xenbus_client.o
  CC      drivers/xen/xenbus/xenbus_comms.o
  CC [M]  net/netfilter/nf_conntrack_proto.o
  CC      lib/bcd.o
  CC [M]  sound/soc/codecs/cs42l42-sdw.o
  LD [M]  fs/netfs/netfs.o
  CC [M]  fs/dlm/lockspace.o
  CC [M]  sound/soc/fsl/fsl_asrc_dma.o
  CC      lib/sort.o
  CC      drivers/acpi/acpica/psopcode.o
  CC      kernel/trace/power-traces.o
  CC [M]  fs/coda/inode.o
  CC [M]  net/netfilter/nf_conntrack_proto_generic.o
  CC      drivers/virtio/virtio_balloon.o
  CC      lib/parser.o
  CC [M]  net/wireless/radiotap.o
  CC [M]  net/netfilter/nf_conntrack_proto_tcp.o
  CC      arch/x86/kernel/early_printk.o
  CC [M]  net/dsa/tag_none.o
  CC [M]  fs/minix/namei.o
  CC      drivers/acpi/acpica/psopinfo.o
  CC      lib/debug_locks.o
  CC [M]  fs/coda/dir.o
  CC [M]  fs/reiserfs/namei.o
  CC [M]  sound/pci/cmipci.o
  CC [M]  fs/fscache/main.o
  CC [M]  sound/soc/codecs/cs42l51.o
  CC      kernel/bpf/cgroup_iter.o
  CC [M]  fs/dlm/main.o
  CC      drivers/xen/events/events_2l.o
  CC      drivers/acpi/acpica/psparse.o
  CC      arch/x86/kernel/hpet.o
  CC      kernel/trace/rpm-traces.o
  CC      net/ipv6/tcp_ipv6.o
  CC [M]  drivers/virtio/virtio_input.o
  CC      drivers/acpi/nvs.o
  CC      lib/random32.o
  CC [M]  drivers/dma/altera-msgdma.o
  CC      kernel/bpf/bpf_cgrp_storage.o
  CC      net/devlink/rate.o
  CC [M]  fs/minix/inode.o
  CC [M]  sound/soc/fsl/fsl_sai.o
  CC [M]  fs/coda/file.o
  CC      drivers/acpi/acpica/psscope.o
  CC      net/ipv6/ping.o
  CC      drivers/xen/xenbus/xenbus_xs.o
  CC      net/ipv6/exthdrs.o
  CC [M]  net/dsa/tag_ocelot.o
  CC      lib/bust_spinlocks.o
  CC      net/devlink/linecard.o
  UPD     arch/x86/kvm/kvm-asm-offsets.h
  CC      kernel/capability.o
  CC [M]  net/wireless/util.o
  CC [M]  fs/reiserfs/inode.o
  CC [M]  drivers/virtio/virtio_vdpa.o
  CC [M]  net/netfilter/nf_conntrack_proto_udp.o
  CC      drivers/acpi/acpica/pstree.o
  CC      drivers/xen/events/events_fifo.o
  CC [M]  drivers/dma/idma64.o
  CC [M]  sound/soc/codecs/cs42l51-i2c.o
  AR      net/mpls/built-in.a
  CC [M]  net/mpls/mpls_gso.o
  CC [M]  fs/coda/upcall.o
  CC [M]  fs/exfat/inode.o
  CC      kernel/bpf/cgroup.o
  CC [M]  fs/minix/file.o
  CC      lib/kasprintf.o
  AR      drivers/xen/xen-pciback/built-in.a
  CC [M]  drivers/xen/xen-pciback/pci_stub.o
  CC      drivers/acpi/acpica/psutils.o
  CC [M]  drivers/xen/xen-pciback/pciback_ops.o
  CC      kernel/trace/trace_kdb.o
  CC      arch/x86/kernel/amd_nb.o
  CC [M]  sound/pci/cs4281.o
  CC [M]  fs/fscache/volume.o
  CC [M]  sound/soc/fsl/fsl_ssi.o
  CC      drivers/xen/xenbus/xenbus_probe.o
  CC [M]  net/dsa/tag_ocelot_8021q.o
  CC [M]  fs/minix/dir.o
  CC      lib/bitmap.o
  CC      drivers/acpi/acpica/pswalk.o
  AR      drivers/xen/events/built-in.a
  CC [M]  fs/reiserfs/file.o
  CC [M]  sound/soc/codecs/cs42l52.o
  CC [M]  drivers/dma/plx_dma.o
  CC [M]  drivers/virtio/virtio_mem.o
  CC [M]  net/mpls/af_mpls.o
  CC [M]  arch/x86/kvm/svm/pmu.o
  CC      kernel/trace/trace_dynevent.o
  CC [M]  fs/dlm/member.o
  CC [M]  fs/exfat/namei.o
  CC [M]  net/netfilter/nf_conntrack_proto_icmp.o
  CC      drivers/regulator/core.o
  CC      drivers/acpi/acpica/psxface.o
  CC [M]  drivers/xen/xen-pciback/xenbus.o
  CC [M]  net/wireless/reg.o
  CC [M]  fs/dlm/memory.o
  CC [M]  fs/coda/coda_linux.o
  CC      net/ipv4/udplite.o
  CC      drivers/acpi/wakeup.o
  CC [M]  sound/pci/ens1370.o
  CC      kernel/bpf/reuseport_array.o
  CC      arch/x86/kernel/kvm.o
  AR      net/devlink/built-in.a
  CC      drivers/acpi/acpica/rsaddr.o
  CC      drivers/regulator/dummy.o
  LD [M]  fs/minix/minix.o
  CC [M]  sound/pci/ak4531_codec.o
  CC [M]  net/dsa/tag_qca.o
  CC [M]  sound/soc/fsl/fsl_ssi_dbg.o
  CC [M]  fs/coda/symlink.o
  AR      drivers/dma/built-in.a
  CC      net/ipv4/udp_offload.o
  CC [M]  fs/dlm/midcomms.o
  CC [M]  sound/soc/codecs/cs42l56.o
  CC      net/ipv4/arp.o
  CC [M]  fs/reiserfs/dir.o
  CC [M]  fs/bfs/inode.o
  CC [M]  fs/fscache/proc.o
  CC      drivers/acpi/acpica/rscalc.o
  CC      lib/scatterlist.o
  CC [M]  drivers/xen/xen-pciback/conf_space.o
  CC [M]  arch/x86/kvm/svm/nested.o
  CC [M]  fs/exfat/dir.o
  CC [M]  net/netfilter/nf_conntrack_extend.o
  CC      net/ipv6/datagram.o
  CC      drivers/xen/xenbus/xenbus_probe_backend.o
  CC      kernel/trace/trace_probe.o
  CC      net/ipv4/icmp.o
  CC [M]  sound/soc/fsl/fsl_spdif.o
  CC [M]  drivers/xen/xenfs/super.o
  CC [M]  net/mpls/mpls_iptunnel.o
  CC [M]  fs/coda/pioctl.o
  CC [M]  sound/pci/ens1371.o
  CC      drivers/acpi/acpica/rscreate.o
  CC [M]  fs/fscache/stats.o
  CC [M]  drivers/virtio/virtio_dma_buf.o
  CC [M]  fs/bfs/file.o
  CC [M]  fs/reiserfs/fix_node.o
  CC      net/ipv6/ip6_flowlabel.o
  CC [M]  net/wireless/scan.o
  CC [M]  net/dsa/tag_rtl4_a.o
  CC [M]  sound/soc/codecs/cs42l73.o
  CC      kernel/bpf/sysfs_btf.o
  CC [M]  drivers/xen/xen-pciback/conf_space_header.o
  CC [M]  drivers/xen/xenfs/xenstored.o
  CC [M]  fs/coda/sysctl.o
  CC      drivers/acpi/acpica/rsdumpinfo.o
  CC [M]  fs/exfat/super.o
  CC      kernel/bpf/bpf_struct_ops.o
  CC      drivers/xen/xenbus/xenbus_dev_frontend.o
  CC [M]  fs/bfs/dir.o
  CC [M]  drivers/xen/xenfs/xensyms.o
  CC      lib/list_sort.o
  CC [M]  fs/dlm/lowcomms.o
  CC [M]  sound/soc/fsl/fsl_esai.o
  LD [M]  fs/coda/coda.o
  CC      arch/x86/kernel/kvmclock.o
  CC      drivers/xen/cpu_hotplug.o
  CC [M]  drivers/xen/xen-pciback/conf_space_capability.o
  CC [M]  sound/pci/es1938.o
  CC      drivers/acpi/acpica/rsinfo.o
  CC [M]  fs/exfat/fatent.o
  CC      lib/uuid.o
  LD [M]  fs/fscache/fscache.o
  CC [M]  net/wireless/nl80211.o
  AR      drivers/virtio/built-in.a
  CC      drivers/acpi/sleep.o
  CC [M]  drivers/xen/xen-pciback/conf_space_quirks.o
  LD [M]  net/mpls/mpls_router.o
  CC      drivers/xen/grant-table.o
  CC [M]  net/netfilter/nf_conntrack_acct.o
  CC [M]  sound/soc/codecs/cs4234.o
  CC [M]  sound/soc/hisilicon/hi6210-i2s.o
  CC [M]  arch/x86/kvm/svm/avic.o
  CC      kernel/trace/trace_btf.o
  CC [M]  net/dsa/tag_sja1105.o
  CC      drivers/acpi/acpica/rsio.o
  CC      lib/iov_iter.o
  CC      drivers/acpi/device_sysfs.o
  LD [M]  drivers/xen/xenfs/xenfs.o
  CC      lib/clz_ctz.o
  LD [M]  fs/bfs/bfs.o
  CC      lib/bsearch.o
  CC [M]  arch/x86/kvm/svm/sev.o
  CC      lib/find_bit.o
  CC      drivers/acpi/acpica/rsirq.o
  CC      drivers/xen/xenbus/xenbus_dev_backend.o
  CC [M]  fs/exfat/cache.o
  CC [M]  fs/reiserfs/super.o
  CC [M]  sound/soc/fsl/fsl_micfil.o
  CC      kernel/trace/trace_uprobe.o
  CC [M]  net/dsa/tag_trailer.o
  CC [M]  drivers/xen/xen-pciback/vpci.o
  CC      drivers/xen/features.o
  CC      arch/x86/kernel/paravirt.o
  CC      net/ipv6/inet6_connection_sock.o
  CC      net/ipv4/devinet.o
  CC      kernel/bpf/cpumask.o
  CC [M]  net/netfilter/nf_conntrack_seqadj.o
  CC      lib/llist.o
  CC      arch/x86/kernel/paravirt-spinlocks.o
  CC      arch/x86/kernel/pvclock.o
  CC      drivers/acpi/acpica/rslist.o
  CC [M]  sound/pci/es1968.o
  AR      drivers/reset/hisilicon/built-in.a
  AR      drivers/reset/starfive/built-in.a
  CC      drivers/reset/core.o
  CC [M]  sound/soc/codecs/cs4265.o
  CC      drivers/tty/vt/vt_ioctl.o
  CC      drivers/tty/vt/vc_screen.o
  CC      drivers/regulator/fixed-helper.o
  CC      drivers/char/hw_random/core.o
  CC      drivers/xen/xenbus/xenbus_probe_frontend.o
  CC [M]  fs/exfat/nls.o
  CC      drivers/acpi/acpica/rsmemory.o
  CC [M]  drivers/xen/xen-pciback/passthrough.o
  CC      drivers/char/agp/backend.o
  CC [M]  fs/dlm/plock.o
  CC [M]  drivers/char/tpm/st33zp24/st33zp24.o
  CC      drivers/char/tpm/tpm-chip.o
  CC      kernel/bpf/bpf_lsm.o
  CC [M]  drivers/char/hw_random/timeriomem-rng.o
  CC [M]  sound/soc/fsl/fsl_utils.o
  CC [M]  drivers/char/hw_random/intel-rng.o
  CC [M]  net/dsa/tag_xrs700x.o
  CC      drivers/acpi/acpica/rsmisc.o
  CC      net/ipv4/af_inet.o
  CC      drivers/regulator/helpers.o
  CC [M]  sound/soc/codecs/cs4270.o
  CC [M]  drivers/reset/reset-ti-syscon.o
  CC      net/switchdev/switchdev.o
  CC [M]  fs/reiserfs/prints.o
  CC [M]  fs/exfat/misc.o
  CC      drivers/char/agp/generic.o
  CC      arch/x86/kernel/pmem.o
  CC [M]  fs/reiserfs/objectid.o
  LD [M]  drivers/xen/xen-pciback/xen-pciback.o
  CC      drivers/acpi/acpica/rsserial.o
  CC      kernel/ptrace.o
  CC      drivers/acpi/acpica/rsutils.o
  CC [M]  drivers/char/hw_random/amd-rng.o
  AR      drivers/reset/built-in.a
  CC      kernel/user.o
  CC      kernel/trace/trace_boot.o
  CC      arch/x86/kernel/jailhouse.o
  CC      net/ipv6/udp_offload.o
  CC      drivers/tty/hvc/hvc_console.o
  CC      drivers/tty/vt/selection.o
  CC      kernel/bpf/relo_core.o
  CC [M]  sound/soc/codecs/cs4271.o
  CC [M]  fs/dlm/rcom.o
  AR      drivers/xen/xenbus/built-in.a
  CC      drivers/xen/balloon.o
  CC [M]  sound/pci/fm801.o
  CC [M]  drivers/char/tpm/st33zp24/i2c.o
  CC [M]  fs/dlm/recover.o
  CC [M]  fs/exfat/file.o
  CC [M]  sound/soc/fsl/fsl_mqs.o
  CC [M]  fs/dlm/recoverd.o
  CC [M]  arch/x86/kvm/svm/hyperv.o
  CC      drivers/xen/manage.o
  CC [M]  net/netfilter/nf_conntrack_proto_icmpv6.o
  CC      lib/memweight.o
  CC      drivers/acpi/device_pm.o
  LD [M]  net/dsa/dsa_core.o
  CC [M]  fs/reiserfs/lbalance.o
  CC      drivers/acpi/acpica/rsxface.o
  AR      net/dsa/built-in.a
  CC      drivers/xen/time.o
  CC [M]  drivers/char/hw_random/ba431-rng.o
  CC      lib/kfifo.o
  CC [M]  arch/x86/kvm/svm/svm_onhyperv.o
  CC      drivers/regulator/devres.o
  CC      arch/x86/kernel/pcspeaker.o
  CC      kernel/signal.o
  CC      kernel/trace/rethook.o
  CC      net/ipv6/seg6.o
  CC [M]  fs/exfat/balloc.o
  CC [M]  drivers/char/tpm/st33zp24/spi.o
  CC [M]  net/wireless/mlme.o
  CC [M]  sound/soc/fsl/fsl_easrc.o
  CC [M]  fs/dlm/requestqueue.o
  CC [M]  drivers/char/hw_random/via-rng.o
  CC      drivers/char/agp/isoch.o
  CC [M]  drivers/char/hw_random/virtio-rng.o
  CC      drivers/tty/hvc/hvc_irq.o
  CC      drivers/acpi/acpica/tbdata.o
  CC      drivers/tty/vt/keyboard.o
  AR      net/switchdev/built-in.a
  CC      arch/x86/kernel/check.o
  CC [M]  net/wireless/ibss.o
  CC      drivers/tty/hvc/hvc_xen.o
  CC      drivers/tty/vt/consolemap.o
  LD [M]  arch/x86/kvm/kvm.o
  AS [M]  arch/x86/kvm/vmx/vmenter.o
  AR      kernel/bpf/built-in.a
  CC [M]  sound/pci/intel8x0.o
  CC      drivers/acpi/proc.o
  CC [M]  net/netfilter/nf_conntrack_timeout.o
  CC [M]  net/wireless/sme.o
  CC [M]  sound/soc/codecs/cs4271-i2c.o
  CC [M]  fs/reiserfs/ibalance.o
  CC      arch/x86/kernel/uprobes.o
  CC      arch/x86/kernel/perf_regs.o
  AR      kernel/trace/built-in.a
  CC [M]  fs/reiserfs/stree.o
  CC [M]  fs/dlm/user.o
  AS [M]  arch/x86/kvm/svm/vmenter.o
  CC      drivers/xen/mem-reservation.o
  CC      lib/percpu-refcount.o
  CC      drivers/regulator/irq_helpers.o
  LD [M]  fs/exfat/exfat.o
  LD [M]  drivers/char/tpm/st33zp24/tpm_st33zp24.o
  LD [M]  drivers/char/tpm/st33zp24/tpm_st33zp24_i2c.o
  LD [M]  drivers/char/tpm/st33zp24/tpm_st33zp24_spi.o
  CC      drivers/char/agp/amd64-agp.o
  CC      arch/x86/kernel/tracepoint.o
  CC      drivers/char/tpm/tpm-dev-common.o
  CC      net/ipv6/fib6_notifier.o
  LD [M]  arch/x86/kvm/kvm-intel.o
  CC [M]  drivers/char/hw_random/xiphera-trng.o
  CC      net/ipv6/rpl.o
  CC      drivers/char/tpm/tpm-dev.o
  CC [M]  sound/soc/fsl/fsl_xcvr.o
  CC      net/ipv4/igmp.o
  LD [M]  arch/x86/kvm/kvm-amd.o
  CC      drivers/acpi/acpica/tbfadt.o
  CC      kernel/sys.o
  CC [M]  net/netfilter/nf_conntrack_timestamp.o
  CC [M]  net/wireless/chan.o
  HOSTCC  drivers/tty/vt/conmakehash
  AR      drivers/char/hw_random/built-in.a
  CC      arch/x86/kernel/itmt.o
  CC [M]  net/netfilter/nf_conntrack_ecache.o
  AR      drivers/tty/hvc/built-in.a
  CC      drivers/tty/vt/vt.o
  CC      lib/rhashtable.o
  CC      net/ipv4/fib_frontend.o
  CC [M]  sound/soc/codecs/cs4271-spi.o
  CC [M]  fs/dlm/util.o
  CC      drivers/acpi/acpica/tbfind.o
  CC [M]  net/wireless/ethtool.o
  CC      drivers/char/tpm/tpm-interface.o
  CC      drivers/char/agp/intel-agp.o
  CC      net/ipv6/ioam6.o
  CC      drivers/tty/serial/8250/8250_core.o
  CC [M]  drivers/tty/serial/jsm/jsm_driver.o
  CC      drivers/acpi/bus.o
  CC [M]  net/netfilter/nf_conntrack_labels.o
  CC      arch/x86/kernel/umip.o
  CC [M]  sound/pci/intel8x0m.o
  CC [M]  drivers/regulator/fixed.o
  CC      drivers/acpi/acpica/tbinstal.o
  CC [M]  sound/soc/fsl/fsl_rpmsg.o
  CC      drivers/xen/pci.o
  LD [M]  fs/dlm/dlm.o
  CC      net/l3mdev/l3mdev.o
  CC [M]  fs/reiserfs/hashes.o
  CC      arch/x86/kernel/unwind_frame.o
  CC [M]  net/wireless/mesh.o
  CC      net/ipv6/sysctl_net_ipv6.o
  CC [M]  sound/soc/codecs/cs42xx8.o
  CC      drivers/acpi/acpica/tbprint.o
  CC      drivers/char/agp/intel-gtt.o
  CC [M]  drivers/tty/serial/jsm/jsm_neo.o
  CC [M]  drivers/tty/serial/jsm/jsm_tty.o
  CC [M]  drivers/regulator/virtual.o
  CC      drivers/char/agp/via-agp.o
  CC [M]  fs/reiserfs/tail_conversion.o
  CC [M]  sound/soc/fsl/imx-audmux.o
  CC      drivers/iommu/amd/iommu.o
  CC      drivers/acpi/acpica/tbutils.o
  CC      lib/base64.o
  CC      drivers/char/tpm/tpm1-cmd.o
  CC [M]  sound/pci/maestro3.o
  CC      lib/once.o
  CC      drivers/tty/serial/8250/8250_pnp.o
  CC      drivers/iommu/intel/dmar.o
  CC      net/ipv6/ip6mr.o
  CC      arch/x86/kernel/sev.o
  CC      drivers/char/tpm/tpm2-cmd.o
  AR      drivers/iommu/arm/arm-smmu/built-in.a
  AR      drivers/iommu/arm/arm-smmu-v3/built-in.a
  AR      drivers/iommu/arm/built-in.a
  CC      drivers/xen/dbgp.o
  CC [M]  sound/soc/img/img-i2s-in.o
  CC      drivers/acpi/acpica/tbxface.o
  CC [M]  net/netfilter/nf_conntrack_ovs.o
  CC      drivers/tty/serial/8250/8250_port.o
  CC [M]  drivers/regulator/userspace-consumer.o
  AR      drivers/gpu/host1x/built-in.a
  CC [M]  fs/reiserfs/journal.o
  AR      net/l3mdev/built-in.a
  CC [M]  sound/soc/codecs/cs42xx8-i2c.o
  CC [M]  fs/reiserfs/resize.o
  CC      drivers/connector/cn_queue.o
  AR      drivers/gpu/drm/tests/built-in.a
  CC [M]  fs/reiserfs/item_ops.o
  AR      drivers/gpu/drm/arm/built-in.a
  AR      drivers/gpu/drm/display/built-in.a
  CC [M]  drivers/gpu/drm/display/drm_display_helper_mod.o
  CC [M]  net/netfilter/nf_conntrack_proto_dccp.o
  CC [M]  drivers/tty/serial/jsm/jsm_cls.o
  LD [M]  sound/soc/fsl/snd-soc-fsl-audmix.o
  LD [M]  sound/soc/fsl/snd-soc-fsl-asrc.o
  CC      lib/refcount.o
  CC      kernel/umh.o
  LD [M]  sound/soc/fsl/snd-soc-fsl-sai.o
  LD [M]  sound/soc/fsl/snd-soc-fsl-ssi.o
  CC      drivers/iommu/amd/init.o
  LD [M]  sound/soc/fsl/snd-soc-fsl-spdif.o
  CC [M]  drivers/regulator/88pg86x.o
  LD [M]  sound/soc/fsl/snd-soc-fsl-esai.o
  CC [M]  drivers/char/agp/sis-agp.o
  LD [M]  sound/soc/fsl/snd-soc-fsl-micfil.o
  LD [M]  sound/soc/fsl/snd-soc-fsl-utils.o
  LD [M]  sound/soc/fsl/snd-soc-fsl-mqs.o
  LD [M]  sound/soc/fsl/snd-soc-fsl-easrc.o
  CC      drivers/gpu/vga/vga_switcheroo.o
  AR      drivers/iommu/iommufd/built-in.a
  LD [M]  sound/soc/fsl/snd-soc-fsl-xcvr.o
  CC      drivers/tty/serial/serial_core.o
  LD [M]  sound/soc/fsl/snd-soc-fsl-rpmsg.o
  CC      net/ipv4/fib_semantics.o
  LD [M]  sound/soc/fsl/snd-soc-imx-audmux.o
  CC [M]  net/netfilter/nf_conntrack_proto_sctp.o
  CC [M]  drivers/gpu/drm/display/drm_dp_dual_mode_helper.o
  CC [M]  sound/soc/img/img-i2s-out.o
  CC      drivers/xen/acpi.o
  CC      drivers/acpi/acpica/tbxfload.o
  CC      drivers/iommu/intel/iommu.o
  CC [M]  sound/pci/rme32.o
  CC      lib/rcuref.o
  CC      drivers/iommu/intel/pasid.o
  CC      net/ncsi/ncsi-cmd.o
  CC [M]  sound/soc/codecs/cs43130.o
  COPY    drivers/tty/vt/defkeymap.c
  CONMK   drivers/tty/vt/consolemap_deftbl.c
  CC      drivers/tty/vt/defkeymap.o
  CC      net/ncsi/ncsi-rsp.o
  LD [M]  drivers/tty/serial/jsm/jsm.o
  CC      net/ncsi/ncsi-aen.o
  CC [M]  drivers/regulator/88pm800-regulator.o
  CC      drivers/connector/connector.o
  AR      drivers/char/agp/built-in.a
  CC [M]  sound/pci/rme96.o
  CC      lib/usercopy.o
  CC      drivers/tty/vt/consolemap_deftbl.o
  CC      drivers/char/tpm/tpmrm-dev.o
  AR      drivers/tty/vt/built-in.a
  CC [M]  net/wireless/ap.o
  CC      drivers/xen/xen-acpi-pad.o
  CC [M]  net/wireless/trace.o
  CC      drivers/acpi/acpica/tbxfroot.o
  CC [M]  sound/soc/img/img-parallel-out.o
  CC      kernel/workqueue.o
  CC      lib/errseq.o
  CC [M]  drivers/regulator/88pm8607.o
  CC      drivers/acpi/acpica/utaddress.o
  CC [M]  net/wireless/ocb.o
  CC      drivers/xen/pcpu.o
  CC      drivers/char/tpm/tpm2-space.o
  CC [M]  net/netfilter/nf_conntrack_proto_gre.o
  CC [M]  fs/isofs/namei.o
  CC [M]  net/wireless/pmsr.o
  CC      drivers/acpi/acpica/utalloc.o
  CC [M]  drivers/gpu/drm/display/drm_dp_helper.o
  CC [M]  sound/soc/intel/common/sst-dsp.o
  CC      lib/bucket_locks.o
  CC      arch/x86/kernel/callthunks.o
  CC      drivers/iommu/intel/trace.o
  CC [M]  fs/hfsplus/super.o
  AR      drivers/gpu/vga/built-in.a
  CC [M]  sound/soc/img/img-spdif-in.o
  CC [M]  sound/soc/intel/atom/sst/sst.o
  CC [M]  sound/soc/codecs/cs4341.o
  CC      net/ncsi/ncsi-manage.o
  CC [M]  sound/soc/intel/atom/sst/sst_ipc.o
  CC      drivers/tty/serial/8250/8250_dma.o
  CC [M]  fs/reiserfs/ioctl.o
  CC [M]  sound/pci/sonicvibes.o
  CC      drivers/acpi/acpica/utascii.o
  CC [M]  drivers/regulator/aat2870-regulator.o
  CC [M]  sound/soc/intel/catpt/device.o
  CC [M]  fs/isofs/inode.o
  CC      drivers/xen/biomerge.o
  CC      drivers/connector/cn_proc.o
  CC      drivers/char/tpm/tpm-sysfs.o
  CC      drivers/acpi/acpica/utbuffer.o
  CC      drivers/iommu/amd/quirks.o
  CC      net/ipv6/xfrm6_policy.o
  CC      arch/x86/kernel/cet.o
  CC      lib/generic-radix-tree.o
  CC      drivers/base/power/sysfs.o
  CC [M]  fs/hfsplus/options.o
  CC [M]  fs/reiserfs/xattr.o
  CC [M]  sound/soc/intel/catpt/dsp.o
  CC      arch/x86/kernel/audit_64.o
  CC      arch/x86/kernel/amd_gart_64.o
  CC [M]  sound/soc/codecs/cs4349.o
  CC      drivers/acpi/acpica/utcksum.o
  CC [M]  sound/soc/img/img-spdif-out.o
  CC      drivers/xen/xen-balloon.o
  CC [M]  drivers/regulator/act8865-regulator.o
  CC [M]  sound/soc/intel/common/sst-ipc.o
  CC      drivers/iommu/amd/io_pgtable.o
  CC      drivers/tty/serial/8250/8250_dwlib.o
  CC      drivers/char/tpm/eventlog/common.o
  CC [M]  sound/pci/via82xx.o
  CC [M]  sound/soc/intel/atom/sst/sst_stream.o
  CC      drivers/acpi/acpica/utcopy.o
  CC [M]  sound/soc/intel/atom/sst/sst_drv_interface.o
  CC [M]  net/netfilter/nf_conntrack_bpf.o
  CC      net/xdp/xsk.o
  CC [M]  net/wireless/debugfs.o
  CC      lib/string_helpers.o
  CC      net/ipv4/fib_trie.o
  CC [M]  fs/hfsplus/inode.o
  AR      drivers/connector/built-in.a
  CC [M]  drivers/char/mwave/mwavedd.o
  CC [M]  fs/isofs/dir.o
  CC      drivers/base/power/generic_ops.o
  CC [M]  sound/soc/intel/catpt/loader.o
  CC      drivers/iommu/intel/cap_audit.o
  CC [M]  sound/soc/codecs/cs53l30.o
  CC      net/ipv6/xfrm6_state.o
  CC [M]  sound/soc/img/pistachio-internal-dac.o
  CC      arch/x86/kernel/aperture_64.o
  CC [M]  fs/reiserfs/lock.o
  CC      drivers/char/tpm/eventlog/tpm1.o
  CC [M]  drivers/regulator/ad5398.o
  CC      drivers/acpi/acpica/utexcep.o
  CC [M]  sound/soc/intel/common/soc-acpi-intel-byt-match.o
  CC      drivers/xen/sys-hypervisor.o
  CC [M]  fs/isofs/util.o
  CC      drivers/iommu/amd/io_pgtable_v2.o
  CC [M]  drivers/gpu/drm/display/drm_dp_mst_topology.o
  CC      drivers/base/power/common.o
  CC [M]  drivers/char/mwave/smapi.o
  CC [M]  sound/soc/intel/atom/sst/sst_loader.o
  CC      drivers/acpi/acpica/utdebug.o
  CC      drivers/iommu/iommu.o
  CC      drivers/tty/serial/8250/8250_fintek.o
  CC [M]  fs/hfsplus/ioctl.o
  CC      net/ncsi/ncsi-netlink.o
  CC      drivers/tty/serial/serial_base_bus.o
  CC [M]  sound/soc/intel/catpt/ipc.o
  CC [M]  fs/reiserfs/xattr_user.o
  CC      lib/hexdump.o
  CC [M]  net/netfilter/nf_conntrack_netlink.o
  CC      drivers/tty/serial/serial_ctrl.o
  CC      drivers/char/tpm/eventlog/tpm2.o
  CC [M]  sound/soc/intel/common/soc-acpi-intel-cht-match.o
  CC [M]  sound/pci/via82xx_modem.o
  CC      arch/x86/kernel/mmconf-fam10h_64.o
  CC      drivers/iommu/intel/svm.o
  CC [M]  drivers/regulator/arizona-ldo1.o
  CC [M]  fs/isofs/rock.o
  CC [M]  sound/soc/codecs/cx2072x.o
  CC      kernel/pid.o
  CC      drivers/xen/platform-pci.o
  CC      lib/kstrtox.o
  CC [M]  drivers/iommu/amd/iommu_v2.o
  CC      net/ipv6/xfrm6_input.o
  CC [M]  drivers/char/mwave/tp3780i.o
  CC      drivers/acpi/acpica/utdecode.o
  CC [M]  fs/hfsplus/extents.o
  CC      drivers/base/power/qos.o
  CC      drivers/tty/serial/8250/8250_pcilib.o
  CC [M]  sound/soc/intel/atom/sst/sst_pvt.o
  CC [M]  sound/soc/intel/common/soc-acpi-intel-hsw-bdw-match.o
  CC [M]  fs/reiserfs/xattr_trusted.o
  CC [M]  sound/soc/intel/common/soc-acpi-intel-skl-match.o
  CC [M]  sound/soc/intel/catpt/messages.o
  CC      drivers/char/tpm/tpm_ppi.o
  CC      arch/x86/kernel/vsmp_64.o
  CC [M]  fs/hfsplus/catalog.o
  CC      drivers/acpi/acpica/utdelete.o
  CC [M]  fs/reiserfs/xattr_security.o
  CC [M]  drivers/regulator/arizona-micsupp.o
  CC      net/ipv6/xfrm6_output.o
  AR      net/ncsi/built-in.a
  CC      drivers/tty/serial/8250/8250_pci.o
  CC [M]  fs/isofs/export.o
  LD [M]  sound/pci/snd-ad1889.o
  CC      lib/iomap.o
  LD [M]  sound/pci/snd-als300.o
  LD [M]  sound/pci/snd-als4000.o
  LD [M]  sound/pci/snd-atiixp.o
  LD [M]  sound/pci/snd-atiixp-modem.o
  CC [M]  drivers/char/mwave/3780i.o
  LD [M]  sound/pci/snd-azt3328.o
  CC      drivers/xen/swiotlb-xen.o
  LD [M]  sound/pci/snd-bt87x.o
  CC [M]  drivers/regulator/as3711-regulator.o
  LD [M]  sound/pci/snd-cmipci.o
  CC      drivers/iommu/intel/irq_remapping.o
  CC [M]  arch/x86/kernel/msr.o
  LD [M]  sound/pci/snd-cs4281.o
  LD [M]  sound/pci/snd-ens1370.o
  CC      net/mptcp/protocol.o
  LD [M]  sound/pci/snd-ens1371.o
  CC      net/handshake/alert.o
  CC [M]  sound/soc/codecs/da7213.o
  LD [M]  sound/pci/snd-es1938.o
  CC      drivers/acpi/acpica/uterror.o
  LD [M]  sound/pci/snd-es1968.o
  CC      net/xdp/xdp_umem.o
  LD [M]  sound/pci/snd-fm801.o
  LD [M]  sound/pci/snd-intel8x0.o
  CC [M]  sound/soc/intel/catpt/pcm.o
  LD [M]  sound/pci/snd-intel8x0m.o
  CC      drivers/char/tpm/eventlog/acpi.o
  LD [M]  sound/pci/snd-maestro3.o
  LD [M]  sound/pci/snd-rme32.o
  LD [M]  sound/pci/snd-rme96.o
  LD [M]  sound/pci/snd-sonicvibes.o
  LD [M]  sound/pci/snd-via82xx.o
  LD [M]  sound/pci/snd-via82xx-modem.o
  CC [M]  fs/reiserfs/xattr_acl.o
  CC      net/mptcp/subflow.o
  CC [M]  fs/hfsplus/dir.o
  CC      net/handshake/genl.o
  CC [M]  fs/isofs/joliet.o
  CC      net/ipv4/fib_notifier.o
  CC [M]  net/wireless/wext-compat.o
  AR      drivers/iommu/amd/built-in.a
  CC      drivers/acpi/acpica/uteval.o
  CC [M]  sound/soc/intel/atom/sst-mfld-platform-pcm.o
  LD [M]  drivers/char/mwave/mwave.o
  CC [M]  sound/soc/intel/atom/sst/sst_pci.o
  CC [M]  sound/soc/intel/common/soc-acpi-intel-kbl-match.o
  CC      drivers/tty/serial/serial_port.o
  CC [M]  arch/x86/kernel/cpuid.o
  CC      drivers/base/power/runtime.o
  CC [M]  drivers/regulator/atc260x-regulator.o
  CC      kernel/task_work.o
  CC      drivers/char/tpm/eventlog/efi.o
  CC [M]  drivers/gpu/drm/display/drm_dsc_helper.o
  CC      lib/pci_iomap.o
  CC      drivers/xen/mcelog.o
  CC      drivers/acpi/acpica/utglobal.o
  CC      net/handshake/netlink.o
  CC [M]  fs/isofs/compress.o
  CC [M]  net/netfilter/nfnetlink_cttimeout.o
  CC [M]  sound/soc/codecs/da7219.o
  CC      net/ipv6/xfrm6_protocol.o
  CC      net/xdp/xsk_queue.o
  CC [M]  fs/hfsplus/btree.o
  CC      drivers/tty/serdev/core.o
  LD [M]  fs/reiserfs/reiserfs.o
  CC [M]  sound/soc/intel/catpt/sysfs.o
  CC [M]  sound/soc/intel/atom/sst/sst_acpi.o
  CC      net/handshake/request.o
  CC      drivers/iommu/intel/perfmon.o
  CC      net/ipv4/inet_fragment.o
  AR      arch/x86/kernel/built-in.a
  AR      arch/x86/built-in.a
  CC [M]  drivers/regulator/axp20x-regulator.o
  CC      drivers/tty/serial/8250/8250_early.o
  CC      drivers/tty/serial/earlycon.o
  CC      kernel/extable.o
  CC      drivers/char/tpm/tpm_tis_core.o
  CC      drivers/acpi/acpica/uthex.o
  CC      net/handshake/tlshd.o
  CC      drivers/xen/xen-acpi-processor.o
  LD [M]  sound/soc/intel/catpt/snd-soc-catpt.o
  CC [M]  sound/soc/intel/common/soc-acpi-intel-bxt-match.o
  AR      drivers/block/rnbd/built-in.a
  CC [M]  drivers/block/rnbd/rnbd-clt.o
  CC [M]  fs/hfsplus/bnode.o
  CC [M]  drivers/block/xen-blkback/blkback.o
  CC      lib/iomap_copy.o
  LD [M]  fs/isofs/isofs.o
  CC [M]  drivers/block/rnbd/rnbd-clt-sysfs.o
  CC [M]  fs/hfsplus/brec.o
  CC      net/ipv4/ping.o
  CC      net/xdp/xskmap.o
  LD [M]  sound/soc/intel/atom/sst/snd-intel-sst-core.o
  CC      drivers/acpi/acpica/utids.o
  CC      drivers/tty/serial/8250/8250_rt288x.o
  LD [M]  sound/soc/intel/atom/sst/snd-intel-sst-pci.o
  LD [M]  sound/soc/intel/atom/sst/snd-intel-sst-acpi.o
  CC      drivers/base/power/wakeirq.o
  CC [M]  sound/soc/intel/atom/sst-mfld-platform-compress.o
  CC [M]  drivers/gpu/drm/display/drm_hdcp_helper.o
  CC      lib/devres.o
  CC      drivers/acpi/acpica/utinit.o
  CC      drivers/tty/serdev/serdev-ttyport.o
  CC [M]  drivers/regulator/bcm590xx-regulator.o
  CC [M]  net/netfilter/nfnetlink_cthelper.o
  CC [M]  sound/soc/codecs/da7219-aad.o
  CC      kernel/params.o
  AR      drivers/iommu/intel/built-in.a
  CC      drivers/iommu/iommu-traces.o
  CC      net/handshake/trace.o
  CC [M]  sound/soc/intel/common/soc-acpi-intel-glk-match.o
  CC [M]  net/llc/llc_core.o
  CC      drivers/xen/efi.o
  CC      drivers/acpi/acpica/utlock.o
  CC [M]  sound/soc/intel/common/soc-acpi-intel-cnl-match.o
  CC      net/ipv6/netfilter.o
  CC [M]  sound/soc/intel/atom/sst-atom-controls.o
  CC [M]  fs/hfsplus/bfind.o
  CC      drivers/base/power/main.o
  AR      drivers/tty/serdev/built-in.a
  CC [M]  drivers/regulator/bd9571mwv-regulator.o
  CC [M]  net/llc/llc_input.o
  CC      drivers/char/tpm/tpm_tis.o
  CC      drivers/tty/serial/8250/8250_mid.o
  CC      drivers/acpi/acpica/utmath.o
  CC      drivers/acpi/acpica/utmisc.o
  CC      net/xdp/xsk_buff_pool.o
  CC [M]  drivers/block/rnbd/rnbd-srv.o
  CC      drivers/base/firmware_loader/builtin/main.o
  CC      drivers/acpi/acpica/utmutex.o
  CC      lib/check_signature.o
  CC [M]  fs/hfsplus/tables.o
  CC [M]  drivers/block/xen-blkback/xenbus.o
  CC      net/mptcp/options.o
  CC      drivers/base/firmware_loader/fallback_table.o
  CC [M]  drivers/gpu/drm/display/drm_hdmi_helper.o
  CC      drivers/base/firmware_loader/main.o
  CC      drivers/xen/xlate_mmu.o
  CC [M]  sound/soc/codecs/dmic.o
  CC [M]  sound/soc/intel/skylake/skl.o
  CC [M]  drivers/block/rnbd/rnbd-srv-sysfs.o
  CC      drivers/base/firmware_loader/fallback.o
  CC      lib/btree.o
  CC [M]  net/netfilter/nf_conntrack_amanda.o
  CC      drivers/acpi/acpica/utnonansi.o
  CC [M]  sound/soc/intel/boards/sof_rt5682.o
  CC      kernel/kthread.o
  AR      drivers/base/firmware_loader/builtin/built-in.a
  CC [M]  net/wireless/wext-sme.o
  CC      drivers/tty/serial/8250/8250_pericom.o
  CC      drivers/char/tpm/tpm_crb.o
  CC [M]  drivers/regulator/da903x-regulator.o
  CC      drivers/tty/serial/max310x.o
  CC [M]  fs/hfsplus/unicode.o
  CC      drivers/iommu/iommu-sysfs.o
  AR      net/handshake/built-in.a
  LD [M]  sound/soc/intel/atom/snd-soc-sst-atom-hifi2-platform.o
  CC [M]  net/llc/llc_output.o
  CC [M]  sound/soc/intel/common/soc-acpi-intel-cfl-match.o
  CC [M]  fs/hfsplus/wrapper.o
  CC [M]  sound/soc/codecs/es7134.o
  CC      drivers/acpi/acpica/utobject.o
  CC      drivers/tty/serial/sccnxp.o
  CC      net/ipv4/ip_tunnel_core.o
  CC      lib/interval_tree.o
  CC      lib/assoc_array.o
  CC [M]  drivers/block/rnbd/rnbd-srv-trace.o
  CC      kernel/sys_ni.o
  CC [M]  drivers/gpu/drm/display/drm_scdc_helper.o
  CC [M]  sound/soc/intel/skylake/skl-pcm.o
  CC [M]  drivers/tty/serial/8250/8250_exar.o
  CC [M]  drivers/regulator/da9052-regulator.o
  CC [M]  drivers/tty/serial/8250/serial_cs.o
  LD [M]  drivers/block/xen-blkback/xen-blkback.o
  CC [M]  sound/soc/intel/common/soc-acpi-intel-cml-match.o
  CC      drivers/acpi/acpica/utosi.o
  CC [M]  drivers/gpu/drm/display/drm_dp_aux_dev.o
  CC      drivers/xen/unpopulated-alloc.o
  CC [M]  sound/soc/intel/skylake/skl-nhlt.o
  CC [M]  drivers/char/tpm/tpm_tis_spi_main.o
  CC [M]  fs/hfsplus/bitmap.o
  CC      net/ipv6/fib6_rules.o
  CC [M]  sound/soc/intel/boards/sof_cs42l42.o
  CC [M]  net/xdp/xsk_diag.o
  CC      drivers/base/regmap/regmap.o
  CC [M]  sound/soc/codecs/es7241.o
  CC      drivers/iommu/dma-iommu.o
  CC      lib/bitrev.o
  CC      drivers/base/firmware_loader/fallback_platform.o
  CC [M]  drivers/block/drbd/drbd_buildtag.o
  CC [M]  drivers/block/mtip32xx/mtip32xx.o
  CC [M]  sound/soc/intel/common/soc-acpi-intel-icl-match.o
  CC      drivers/base/power/wakeup.o
  CC      drivers/acpi/acpica/utownerid.o
  CC [M]  sound/soc/intel/common/soc-acpi-intel-tgl-match.o
  CC [M]  net/llc/llc_if.o
  CC [M]  net/netfilter/nf_conntrack_ftp.o
  CC [M]  fs/hfsplus/part_tbl.o
  CC [M]  drivers/regulator/da9055-regulator.o
  CC [M]  drivers/block/drbd/drbd_bitmap.o
  CC [M]  drivers/xen/evtchn.o
  CC      drivers/acpi/acpica/utpredef.o
  CC      drivers/base/power/wakeup_stats.o
  CC [M]  drivers/tty/serial/8250/8250_men_mcb.o
  CC      kernel/nsproxy.o
  CC [M]  drivers/char/tpm/tpm_tis_spi_cr50.o
  CC [M]  sound/soc/intel/skylake/skl-messages.o
  CC      lib/linear_ranges.o
  CC      net/ipv4/gre_offload.o
  CC [M]  sound/soc/codecs/es8316.o
  CC      drivers/base/firmware_loader/sysfs.o
  AR      drivers/misc/eeprom/built-in.a
  CC [M]  drivers/misc/eeprom/at24.o
  CC [M]  drivers/gpu/drm/display/drm_dp_cec.o
  AR      drivers/misc/cb710/built-in.a
  CC [M]  sound/soc/intel/boards/hsw_rt5640.o
  LD [M]  drivers/block/rnbd/rnbd-client.o
  CC [M]  drivers/misc/cb710/core.o
  LD [M]  drivers/block/rnbd/rnbd-server.o
  CC [M]  drivers/misc/eeprom/at25.o
  CC      net/mptcp/token.o
  CC      drivers/acpi/acpica/utresdecode.o
  AR      net/xdp/built-in.a
  AR      drivers/misc/ti-st/built-in.a
  CC [M]  drivers/misc/ti-st/st_core.o
  CC [M]  drivers/misc/ti-st/st_kim.o
  CC      drivers/acpi/acpica/utresrc.o
  CC [M]  fs/hfsplus/attributes.o
  CC [M]  drivers/tty/serial/8250/8250_dw.o
  CC      drivers/iommu/io-pgtable.o
  CC [M]  drivers/regulator/da9062-regulator.o
  CC [M]  drivers/char/tpm/tpm_tis_i2c_cr50.o
  CC [M]  net/llc/llc_c_ev.o
  CC      lib/packing.o
  CC [M]  sound/soc/intel/common/soc-acpi-intel-ehl-match.o
  CC [M]  drivers/xen/gntdev.o
  CC      drivers/base/firmware_loader/sysfs_upload.o
  CC      kernel/notifier.o
  CC [M]  drivers/misc/eeprom/eeprom.o
  CC [M]  sound/soc/intel/boards/bxt_da7219_max98357a.o
  CC      drivers/acpi/acpica/utstate.o
  CC      net/ipv6/proc.o
  CC [M]  sound/soc/codecs/es8328.o
  CC      drivers/mfd/88pm860x-core.o
  CC      net/ipv4/metrics.o
  CC      drivers/base/power/trace.o
  CC [M]  drivers/nfc/fdp/fdp.o
  CC [M]  fs/hfsplus/xattr.o
  CC [M]  net/tls/tls_main.o
  CC [M]  net/tls/tls_sw.o
  CC [M]  drivers/regulator/da9210-regulator.o
  CC [M]  drivers/misc/cb710/sgbuf2.o
  CC      lib/crc-ccitt.o
  CC      drivers/acpi/acpica/utstring.o
  CC [M]  drivers/tty/serial/8250/8250_lpss.o
  CC [M]  sound/soc/intel/skylake/skl-topology.o
  CC [M]  drivers/char/tpm/tpm_i2c_atmel.o
  LD [M]  drivers/gpu/drm/display/drm_display_helper.o
  CC      drivers/iommu/iova.o
  AR      drivers/base/firmware_loader/built-in.a
  CC [M]  net/tls/tls_proc.o
  AR      drivers/gpu/drm/renesas/rcar-du/built-in.a
  AR      drivers/gpu/drm/renesas/built-in.a
  CC [M]  drivers/misc/eeprom/max6875.o
  AR      drivers/gpu/drm/omapdrm/built-in.a
  CC [M]  net/llc/llc_c_ac.o
  CC      kernel/ksysfs.o
  CC [M]  drivers/misc/ti-st/st_ll.o
  AR      drivers/gpu/drm/tilcdc/built-in.a
  AR      drivers/gpu/drm/imx/built-in.a
  CC [M]  net/netfilter/nf_conntrack_h323_main.o
  CC [M]  drivers/block/drbd/drbd_proc.o
  AR      drivers/gpu/drm/i2c/built-in.a
  CC [M]  drivers/gpu/drm/i2c/ch7006_drv.o
  CC      drivers/acpi/acpica/utstrsuppt.o
  CC [M]  sound/soc/intel/boards/bxt_rt298.o
  CC [M]  drivers/xen/gntdev-dmabuf.o
  CC [M]  sound/soc/intel/common/soc-acpi-intel-jsl-match.o
  CC      lib/crc16.o
  CC      net/ipv6/syncookies.o
  CC      drivers/base/regmap/regcache.o
  CC [M]  drivers/regulator/da9211-regulator.o
  CC [M]  fs/hfsplus/xattr_user.o
  CC [M]  sound/soc/codecs/es8328-i2c.o
  CC      net/mptcp/crypto.o
  AR      drivers/tty/serial/8250/built-in.a
  CC      drivers/tty/serial/serial_mctrl_gpio.o
  CC      drivers/acpi/acpica/utstrtoul64.o
  CC [M]  drivers/char/tpm/tpm_i2c_infineon.o
  CC      drivers/base/power/domain.o
  LD [M]  drivers/misc/ti-st/st_drv.o
  CC [M]  drivers/nfc/pn544/pn544.o
  CC      lib/crc-t10dif.o
  LD [M]  drivers/misc/cb710/cb710.o
  CC [M]  drivers/misc/eeprom/eeprom_93cx6.o
  GEN     net/wireless/shipped-certs.c
  CC [M]  drivers/block/zram/zcomp.o
  CC      drivers/mfd/88pm860x-i2c.o
  CC [M]  drivers/nfc/fdp/i2c.o
  CC [M]  drivers/gpu/drm/i2c/ch7006_mode.o
  CC [M]  net/wireless/lib80211.o
  CC      drivers/acpi/acpica/utxface.o
  CC [M]  drivers/block/zram/zram_drv.o
  CC [M]  sound/soc/intel/boards/sof_pcm512x.o
  CC [M]  fs/hfsplus/xattr_security.o
  CC      kernel/cred.o
  CC [M]  sound/soc/intel/common/soc-acpi-intel-adl-match.o
  CC      drivers/iommu/irq_remapping.o
  HOSTCC  lib/gen_crc32table
  CC [M]  fs/hfs/bitmap.o
  CC [M]  drivers/xen/gntalloc.o
  CC [M]  sound/soc/codecs/es8328-spi.o
  CC      net/ipv4/netlink.o
  CC [M]  fs/freevxfs/vxfs_bmap.o
  CC [M]  drivers/regulator/fan53555.o
  CC [M]  drivers/block/drbd/drbd_worker.o
  CC [M]  net/llc/llc_conn.o
  CC      drivers/base/regmap/regcache-rbtree.o
  HOSTCC  lib/gen_crc64table
  CC [M]  drivers/misc/eeprom/eeprom_93xx46.o
  CC [M]  drivers/char/tpm/tpm_i2c_nuvoton.o
  CC      lib/crc64-rocksoft.o
  CC      net/mptcp/ctrl.o
  CC [M]  fs/hfsplus/xattr_trusted.o
  CC [M]  sound/soc/intel/skylake/skl-sst-ipc.o
  CC      drivers/tty/serial/kgdb_nmi.o
  CC      net/mptcp/pm.o
  CC      drivers/acpi/acpica/utxfinit.o
  CC [M]  fs/hfs/bfind.o
  CC [M]  sound/soc/intel/common/soc-acpi-intel-rpl-match.o
  LD [M]  drivers/nfc/fdp/fdp_i2c.o
  CC [M]  fs/freevxfs/vxfs_fshead.o
  CC [M]  drivers/gpu/drm/i2c/sil164_drv.o
  CC [M]  fs/nfs/filelayout/filelayout.o
  CC [M]  sound/soc/intel/boards/sof_wm8804.o
  CC [M]  sound/soc/codecs/gtm601.o
  CC [M]  drivers/nfc/pn544/i2c.o
  CC [M]  net/tls/trace.o
  CC [M]  drivers/xen/privcmd.o
  CC [M]  drivers/regulator/gpio-regulator.o
  CC      drivers/base/regmap/regcache-flat.o
  CC      drivers/acpi/acpica/utxferror.o
  CC      net/ipv6/calipso.o
  CC      drivers/iommu/hyperv-iommu.o
  CC      drivers/mfd/wm8400-core.o
  LD [M]  fs/hfsplus/hfsplus.o
  CC [M]  drivers/misc/eeprom/idt_89hpesx.o
  CC      lib/xxhash.o
  CC [M]  net/wireless/lib80211_crypt_wep.o
  CC      kernel/reboot.o
  CC [M]  fs/nfs/blocklayout/blocklayout.o
  CC [M]  drivers/char/tpm/tpm_nsc.o
  LD [M]  drivers/block/zram/zram.o
  CC [M]  fs/freevxfs/vxfs_immed.o
  CC [M]  fs/hfs/bnode.o
  CC      drivers/base/power/domain_governor.o
  CC [M]  sound/soc/intel/common/soc-acpi-intel-mtl-match.o
  CC [M]  fs/nfs/flexfilelayout/flexfilelayout.o
  CC [M]  net/llc/llc_c_st.o
  CC [M]  net/netfilter/nf_conntrack_h323_asn1.o
  CC [M]  sound/soc/codecs/hdac_hdmi.o
  CC      net/ipv4/nexthop.o
  CC [M]  sound/soc/intel/boards/glk_rt5682_max98357a.o
  CC      drivers/base/regmap/regcache-maple.o
  CC [M]  drivers/gpu/drm/i2c/tda998x_drv.o
  CC      drivers/acpi/acpica/utxfmutex.o
  CC [M]  fs/nfs/flexfilelayout/flexfilelayoutdev.o
  CC      drivers/tty/serial/kgdboc.o
  CC [M]  drivers/regulator/isl6271a-regulator.o
  CC      drivers/iommu/virtio-iommu.o
  CC [M]  sound/soc/intel/skylake/skl-sst-dsp.o
  CC [M]  drivers/nfc/pn544/mei.o
  CC      net/mptcp/diag.o
  CC [M]  net/tls/tls_strp.o
  CC [M]  fs/freevxfs/vxfs_inode.o
  CC      drivers/base/power/clock_ops.o
  CC      lib/genalloc.o
  CC [M]  net/netfilter/nf_conntrack_irc.o
  CC [M]  drivers/char/tpm/tpm_atmel.o
  CC [M]  net/wireless/lib80211_crypt_ccmp.o
  CC [M]  sound/soc/intel/common/soc-acpi-intel-lnl-match.o
  CC [M]  drivers/misc/eeprom/ee1004.o
  CC [M]  fs/hfs/brec.o
  CC      drivers/base/regmap/regmap-debugfs.o
  CC      drivers/mfd/wm831x-core.o
  CC [M]  net/llc/llc_pdu.o
  CC      drivers/acpi/acpica/dbcmds.o
  CC [M]  drivers/block/drbd/drbd_receiver.o
  CC [M]  fs/nfs/filelayout/filelayoutdev.o
  CC [M]  sound/soc/intel/boards/bdw_rt286.o
  LD [M]  drivers/nfc/pn544/pn544_i2c.o
  CC [M]  drivers/xen/privcmd-buf.o
  LD [M]  drivers/nfc/pn544/pn544_mei.o
  CC [M]  drivers/tty/serial/max3100.o
  CC [M]  drivers/nfc/microread/microread.o
  CC [M]  drivers/regulator/isl9305.o
  CC      net/ipv6/seg6_iptunnel.o
  CC [M]  fs/nfs/blocklayout/dev.o
  CC      kernel/async.o
  CC [M]  fs/freevxfs/vxfs_lookup.o
  CC [M]  drivers/char/tpm/tpm_infineon.o
  CC      drivers/iommu/iommu-sva.o
  AR      drivers/base/power/built-in.a
  CC [M]  sound/soc/intel/common/soc-acpi-intel-hda-match.o
  CC      drivers/iommu/io-pgfault.o
  AR      drivers/misc/lis3lv02d/built-in.a
  CC [M]  drivers/misc/lis3lv02d/lis3lv02d.o
  CC [M]  fs/nfs/blocklayout/extent_tree.o
  CC      drivers/acpi/acpica/dbconvert.o
  CC [M]  fs/hfs/btree.o
  CC [M]  sound/soc/intel/skylake/cnl-sst-dsp.o
  CC      lib/textsearch.o
  CC      net/mptcp/mib.o
  CC [M]  drivers/gpu/drm/i2c/tda9950.o
  CC [M]  net/wireless/lib80211_crypt_tkip.o
  CC      drivers/base/regmap/regmap-i2c.o
  CC [M]  sound/soc/intel/boards/bdw-rt5650.o
  CC [M]  net/llc/llc_sap.o
  CC      drivers/mfd/wm831x-irq.o
  CC [M]  drivers/regulator/lm363x-regulator.o
  CC [M]  fs/freevxfs/vxfs_olt.o
  CC [M]  net/tls/tls_device.o
  CC      kernel/range.o
  CC [M]  sound/soc/codecs/hdac_hda.o
  CC [M]  drivers/tty/serial/sc16is7xx.o
  LD [M]  fs/nfs/filelayout/nfs_layout_nfsv41_files.o
  CC [M]  sound/soc/intel/skylake/skl-sst-cldma.o
  CC      drivers/acpi/acpica/dbdisply.o
  CC [M]  drivers/xen/xen-scsiback.o
  CC      kernel/smpboot.o
  CC [M]  drivers/char/tpm/xen-tpmfront.o
  LD [M]  fs/nfs/flexfilelayout/nfs_layout_flexfiles.o
  CC [M]  net/netfilter/nf_conntrack_broadcast.o
  CC      lib/percpu_counter.o
  CC [M]  net/netfilter/nf_conntrack_netbios_ns.o
  CC      net/ipv6/seg6_local.o
  CC [M]  fs/hfs/catalog.o
  CC      net/ipv6/seg6_hmac.o
  CC [M]  drivers/nfc/microread/i2c.o
  LD [M]  drivers/gpu/drm/i2c/ch7006.o
  CC [M]  drivers/char/xillybus/xillybus_class.o
  AR      drivers/iommu/built-in.a
  CC [M]  fs/freevxfs/vxfs_subr.o
  LD [M]  drivers/gpu/drm/i2c/sil164.o
  CC      net/ipv6/ioam6_iptunnel.o
  CC [M]  sound/soc/intel/boards/bdw-rt5677.o
  LD [M]  drivers/gpu/drm/i2c/tda998x.o
  CC [M]  sound/soc/intel/common/soc-acpi-intel-sdw-mockup-match.o
  CC      net/mptcp/pm_netlink.o
  CC [M]  drivers/regulator/lp3971.o
  AR      drivers/gpu/drm/panel/built-in.a
  CC [M]  drivers/gpu/drm/panel/panel-raspberrypi-touchscreen.o
  CC      drivers/acpi/acpica/dbexec.o
  CC      drivers/mfd/wm831x-otp.o
  CC [M]  net/wireless/shipped-certs.o
  CC [M]  fs/nfs/blocklayout/rpc_pipefs.o
  CC [M]  net/llc/llc_s_ac.o
  CC [M]  sound/soc/intel/skylake/skl-sst.o
  CC      drivers/base/regmap/regmap-spi.o
  CC [M]  drivers/misc/lis3lv02d/lis3lv02d_i2c.o
  LD [M]  sound/soc/intel/common/snd-soc-sst-dsp.o
  LD [M]  sound/soc/intel/common/snd-soc-sst-ipc.o
  LD [M]  sound/soc/intel/common/snd-soc-acpi-intel-match.o
  CC      lib/iommu-helper.o
  CC      kernel/ucount.o
  CC [M]  drivers/gpu/drm/panel/panel-widechips-ws2401.o
  CC [M]  drivers/char/tpm/tpm_vtpm_proxy.o
  CC [M]  fs/hfs/dir.o
  CC [M]  fs/freevxfs/vxfs_super.o
  CC      drivers/acpi/acpica/dbhistry.o
  CC [M]  fs/hfs/extent.o
  CC      lib/error-inject.o
  CC      net/ipv4/udp_tunnel_stub.o
  CC [M]  sound/soc/codecs/ics43432.o
  CC [M]  net/llc/llc_s_ev.o
  CC [M]  drivers/nfc/microread/mei.o
  CC [M]  drivers/tty/serial/uartlite.o
  CC      drivers/mfd/wm831x-auxadc.o
  CC [M]  sound/soc/intel/boards/bytcr_rt5640.o
  CC [M]  drivers/regulator/lp3972.o
  CC [M]  fs/hfs/inode.o
  AR      net/wireless/built-in.a
  LD [M]  net/wireless/cfg80211.o
  CC [M]  drivers/char/xillybus/xillybus_core.o
  CC      drivers/acpi/acpica/dbinput.o
  CC [M]  drivers/xen/pvcalls-front.o
  CC      kernel/regset.o
  CC      drivers/base/regmap/regmap-mmio.o
  LD [M]  fs/nfs/blocklayout/blocklayoutdriver.o
  CC [M]  fs/nfs/client.o
  CC [M]  sound/soc/intel/boards/bytcr_rt5651.o
  CC      drivers/base/regmap/regmap-irq.o
  AR      drivers/misc/cardreader/built-in.a
  CC [M]  drivers/misc/cardreader/alcor_pci.o
  CC      lib/syscall.o
  CC      lib/dynamic_debug.o
  LD [M]  fs/freevxfs/freevxfs.o
  CC [M]  net/netfilter/nf_conntrack_snmp.o
  CC      drivers/mfd/wm831x-i2c.o
  CC [M]  sound/soc/codecs/inno_rk3036.o
  LD [M]  drivers/nfc/microread/microread_i2c.o
  LD [M]  drivers/nfc/microread/microread_mei.o
  CC      lib/errname.o
  LD [M]  drivers/char/tpm/tpm_tis_spi.o
  CC      net/mptcp/sockopt.o
  AR      drivers/char/tpm/built-in.a
  CC [M]  drivers/nfc/pn533/pn533.o
  CC [M]  net/llc/llc_s_st.o
  AR      drivers/gpu/drm/bridge/analogix/built-in.a
  CC [M]  net/llc/af_llc.o
  CC [M]  drivers/gpu/drm/bridge/analogix/analogix-anx78xx.o
  CC [M]  sound/soc/intel/skylake/bxt-sst.o
  CC      net/mptcp/pm_userspace.o
  CC      drivers/acpi/acpica/dbmethod.o
  CC [M]  drivers/tty/serial/altera_uart.o
  CC [M]  fs/hfs/attr.o
  CC [M]  drivers/regulator/lp872x.o
  CC [M]  drivers/base/regmap/regmap-slimbus.o
  CC [M]  drivers/base/regmap/regmap-spmi.o
  CC      kernel/ksyms_common.o
  CC [M]  net/tls/tls_device_fallback.o
  AR      drivers/base/test/built-in.a
  CC      drivers/acpi/glue.o
  CC      drivers/acpi/scan.o
  CC      drivers/mfd/wm831x-spi.o
  CC      drivers/acpi/acpica/dbnames.o
  CC [M]  sound/soc/codecs/max9759.o
  CC      net/ipv6/addrconf_core.o
  CC [M]  drivers/char/xillybus/xillybus_pcie.o
  CC [M]  drivers/block/drbd/drbd_req.o
  CC      drivers/acpi/resource.o
  CC      net/ipv4/sysctl_net_ipv4.o
  CC [M]  fs/hfs/mdb.o
  CC [M]  sound/soc/intel/boards/bytcr_wm5102.o
  CC [M]  drivers/misc/cardreader/rtsx_pcr.o
  CC      kernel/usermode_driver.o
  CC      drivers/acpi/acpi_processor.o
  CC [M]  drivers/tty/serial/altera_jtaguart.o
  CC [M]  drivers/regulator/lp8788-buck.o
  CC [M]  drivers/tty/serial/lantiq.o
  CC      drivers/acpi/acpica/dbobject.o
  CC      net/ipv6/exthdrs_core.o
  CC [M]  drivers/xen/xen-front-pgdir-shbuf.o
  CC [M]  drivers/base/regmap/regmap-w1.o
  CC [M]  drivers/gpu/drm/bridge/analogix/analogix_dp_core.o
  CC      drivers/mfd/wm8350-core.o
  CC      drivers/acpi/processor_core.o
  CC [M]  sound/soc/codecs/max98088.o
  CC [M]  drivers/char/xillybus/xillyusb.o
  CC [M]  sound/soc/intel/skylake/cnl-sst.o
  CC [M]  net/llc/llc_station.o
  CC [M]  drivers/block/null_blk/main.o
  CC [M]  net/netfilter/nf_conntrack_pptp.o
  CC [M]  fs/hfs/part_tbl.o
  CC      drivers/acpi/acpica/dbstats.o
  CC [M]  drivers/tty/serial/arc_uart.o
  CC [M]  net/llc/llc_proc.o
  CC [M]  sound/soc/intel/boards/cht_bsw_rt5672.o
  CC      drivers/acpi/acpica/dbutils.o
  CC      drivers/acpi/processor_pdc.o
  CC [M]  drivers/regulator/lp8788-ldo.o
  CC [M]  fs/nfs/dir.o
  CC [M]  drivers/nfc/pn533/usb.o
  CC      kernel/groups.o
  CC      lib/nlattr.o
  CC      net/ipv4/proc.o
  CC      net/ipv6/ip6_checksum.o
  CC      drivers/acpi/acpica/dbxface.o
  CC [M]  fs/hfs/string.o
  CC      net/mptcp/fastopen.o
  CC [M]  drivers/base/regmap/regmap-sdw.o
  CC [M]  drivers/nfc/nfcmrvl/main.o
  CC      drivers/base/component.o
  CC [M]  drivers/tty/serial/rp2.o
  LD [M]  drivers/xen/xen-evtchn.o
  CC [M]  net/llc/sysctl_net_llc.o
  LD [M]  drivers/xen/xen-gntdev.o
  CC [M]  net/key/af_key.o
  CC [M]  drivers/block/null_blk/trace.o
  LD [M]  drivers/xen/xen-gntalloc.o
  LD [M]  drivers/xen/xen-privcmd.o
  CC [M]  sound/soc/codecs/max98090.o
  AR      drivers/xen/built-in.a
  AR      drivers/gpu/drm/hisilicon/built-in.a
  CC      drivers/mfd/wm8350-regmap.o
  CC      drivers/char/mem.o
  CC [M]  net/bridge/netfilter/nft_meta_bridge.o
  CC [M]  sound/soc/intel/boards/cht_bsw_rt5645.o
  LD [M]  net/tls/tls.o
  CC [M]  net/bridge/netfilter/nft_reject_bridge.o
  CC [M]  drivers/block/drbd/drbd_actlog.o
  CC [M]  sound/soc/intel/skylake/skl-sst-utils.o
  CC [M]  drivers/regulator/lp8755.o
  CC      drivers/acpi/acpica/rsdump.o
  CC      drivers/acpi/ec.o
  CC      drivers/nvdimm/core.o
  CC [M]  fs/hfs/super.o
  CC [M]  drivers/misc/cardreader/rts5209.o
  CC [M]  drivers/tty/serial/fsl_lpuart.o
  CC [M]  drivers/nfc/pn533/i2c.o
  LD [M]  net/llc/llc.o
  LD [M]  net/llc/llc2.o
  CC [M]  drivers/nfc/st21nfca/core.o
  CC [M]  drivers/gpu/drm/bridge/analogix/analogix_dp_reg.o
  CC [M]  drivers/base/regmap/regmap-sdw-mbq.o
  AR      drivers/gpu/drm/bridge/cadence/built-in.a
  AR      drivers/acpi/acpica/built-in.a
  CC      drivers/mfd/wm8350-gpio.o
  CC [M]  net/netfilter/nf_conntrack_sane.o
  CC [M]  drivers/nfc/pn533/uart.o
  CC      kernel/vhost_task.o
  CC [M]  drivers/regulator/ltc3589.o
  CC [M]  drivers/block/null_blk/zoned.o
  CC      net/mptcp/sched.o
  CC [M]  drivers/nfc/nfcmrvl/fw_dnld.o
  CC      drivers/char/random.o
  CC [M]  sound/soc/intel/boards/cht_bsw_max98090_ti.o
  CC      net/ipv4/fib_rules.o
  AR      drivers/gpu/drm/mxsfb/built-in.a
  AR      drivers/gpu/drm/tiny/built-in.a
  CC      kernel/kcmp.o
  CC [M]  drivers/gpu/drm/tiny/bochs.o
  CC [M]  drivers/misc/cardreader/rts5229.o
  CC      drivers/dax/hmem/device.o
  CC      lib/cpu_rmap.o
  CC      drivers/dax/super.o
  CC [M]  fs/hfs/sysdep.o
  CC      net/ipv6/ip6_icmp.o
  CC [M]  sound/soc/intel/skylake/skl-debug.o
  CC [M]  drivers/misc/cardreader/rtl8411.o
  CC [M]  net/bridge/netfilter/nf_conntrack_bridge.o
  CC [M]  drivers/base/regmap/regmap-sccb.o
  LD [M]  drivers/nfc/pn533/pn533_usb.o
  LD [M]  drivers/nfc/pn533/pn533_i2c.o
  LD [M]  drivers/nfc/pn533/pn532_uart.o
  CC [M]  sound/soc/codecs/max98357a.o
  CC [M]  net/bridge/netfilter/ebtables.o
  CC [M]  drivers/gpu/drm/tiny/cirrus.o
  CC [M]  drivers/regulator/ltc3676.o
  CC      drivers/nvdimm/bus.o
  CC [M]  drivers/nfc/nfcmrvl/usb.o
  CC      kernel/freezer.o
  CC [M]  sound/soc/intel/boards/cht_bsw_nau8824.o
  CC [M]  net/bridge/netfilter/ebtable_broute.o
  CC [M]  fs/hfs/trans.o
  CC [M]  drivers/gpu/drm/bridge/analogix/analogix-i2c-dptx.o
  CC      lib/dynamic_queue_limits.o
  CC [M]  net/netfilter/nf_conntrack_sip.o
  CC      drivers/mfd/wm8350-irq.o
  CC [M]  drivers/nfc/st21nfca/dep.o
  CC [M]  drivers/block/drbd/drbd_main.o
  AR      drivers/gpu/drm/xen/built-in.a
  CC [M]  drivers/gpu/drm/xen/xen_drm_front.o
  LD [M]  drivers/block/null_blk/null_blk.o
  CC      net/mptcp/syncookies.o
  CC [M]  drivers/tty/serial/fsl_linflexuart.o
  CC      drivers/acpi/dock.o
  CC [M]  drivers/dax/hmem/hmem.o
  CC      drivers/dax/bus.o
  CC [M]  net/bridge/netfilter/ebtable_filter.o
  CC [M]  drivers/misc/cardreader/rts5227.o
  CC      lib/glob.o
  CC [M]  sound/soc/intel/skylake/skl-ssp-clk.o
  CC [M]  sound/soc/codecs/max9867.o
  CC [M]  drivers/gpu/drm/xen/xen_drm_front_kms.o
  LD [M]  fs/hfs/hfs.o
  CC [M]  drivers/regulator/max14577-regulator.o
  CC      kernel/profile.o
  CC [M]  sound/soc/intel/boards/bytcht_cx2072x.o
  CC [M]  drivers/gpu/drm/tiny/gm12u320.o
  CC [M]  drivers/nfc/nfcmrvl/uart.o
  CC      drivers/mfd/wm8350-i2c.o
  AR      drivers/dax/hmem/built-in.a
  LD [M]  drivers/dax/hmem/dax_hmem.o
  CC [M]  drivers/nfc/st21nfca/se.o
  CC [M]  drivers/tty/serial/men_z135_uart.o
  CC      lib/digsig.o
  CC      drivers/char/ttyprintk.o
  CC      net/ipv4/ipmr.o
  CC [M]  drivers/base/regmap/regmap-i3c.o
  CC [M]  drivers/tty/serial/sprd_serial.o
  CC [M]  drivers/nfc/st21nfca/vendor_cmds.o
  CC [M]  drivers/misc/cardreader/rts5249.o
  CC [M]  fs/nfs/file.o
  CC      net/ipv6/output_core.o
  CC      net/ipv4/ipmr_base.o
  CC      drivers/acpi/pci_root.o
  CC [M]  net/appletalk/aarp.o
  CC      drivers/block/loop.o
  LD [M]  drivers/gpu/drm/bridge/analogix/analogix_dp.o
  LD [M]  sound/soc/intel/skylake/snd-soc-skl.o
  CC [M]  drivers/block/drbd/drbd_strings.o
  AR      drivers/gpu/drm/bridge/imx/built-in.a
  CC      net/mptcp/bpf.o
  LD [M]  sound/soc/intel/skylake/snd-soc-skl-ssp-clk.o
  AR      drivers/gpu/drm/bridge/synopsys/built-in.a
  AR      drivers/gpu/drm/bridge/built-in.a
  CC      kernel/stacktrace.o
  CC [M]  drivers/gpu/drm/xen/xen_drm_front_conn.o
  CC [M]  drivers/regulator/max1586.o
  CC      kernel/dma.o
  CC      kernel/smp.o
  CC [M]  sound/soc/intel/boards/bytcht_da7213.o
  CC [M]  drivers/nfc/nfcmrvl/i2c.o
  CC [M]  sound/soc/codecs/max98927.o
  CC      drivers/nvdimm/dimm_devs.o
  CC      drivers/mfd/tps65910.o
  CC [M]  drivers/gpu/drm/tiny/simpledrm.o
  CC      drivers/char/misc.o
  CC      kernel/uid16.o
  CC [M]  drivers/dax/device.o
  CC [M]  drivers/misc/cardreader/rts5260.o
  AR      drivers/tty/serial/built-in.a
  CC      drivers/tty/tty_io.o
  AR      drivers/tty/ipwireless/built-in.a
  CC [M]  drivers/tty/ipwireless/hardware.o
  CC [M]  drivers/gpu/drm/xen/xen_drm_front_evtchnl.o
  CC      lib/strncpy_from_user.o
  CC [M]  drivers/tty/ipwireless/main.o
  CC [M]  drivers/regulator/max8649.o
  CC      drivers/block/xen-blkfront.o
  CC [M]  drivers/nfc/st21nfca/i2c.o
  AR      drivers/base/regmap/built-in.a
  CC [M]  drivers/nfc/nfcmrvl/spi.o
  CC      drivers/base/core.o
  CC [M]  sound/soc/intel/boards/bytcht_es8316.o
  CC [M]  drivers/gpu/drm/tiny/hx8357d.o
  CC [M]  net/mptcp/mptcp_diag.o
  CC      drivers/mfd/tps65912-core.o
  CC [M]  sound/soc/codecs/max98363.o
  CC [M]  net/netfilter/nf_conntrack_tftp.o
  CC [M]  drivers/dax/kmem.o
  CC      drivers/nvdimm/nd_perf.o
  CC      drivers/acpi/pci_link.o
  CC [M]  drivers/misc/cardreader/rts5261.o
  CC      net/ipv6/protocol.o
  LD [M]  drivers/nfc/nfcmrvl/nfcmrvl.o
  CC [M]  net/appletalk/ddp.o
  CC      drivers/char/virtio_console.o
  CC      net/ipv4/syncookies.o
  CC [M]  drivers/gpu/drm/tiny/ili9225.o
  CC [M]  drivers/gpu/drm/tiny/ili9341.o
  CC [M]  net/bridge/netfilter/ebtable_nat.o
  CC [M]  drivers/gpu/drm/xen/xen_drm_front_cfg.o
  CC      drivers/char/hpet.o
  CC [M]  drivers/regulator/max8660.o
  CC      lib/strnlen_user.o
  CC [M]  drivers/tty/ipwireless/network.o
  CC      lib/net_utils.o
  LD [M]  drivers/nfc/nfcmrvl/nfcmrvl_usb.o
  LD [M]  drivers/nfc/nfcmrvl/nfcmrvl_uart.o
  LD [M]  drivers/nfc/nfcmrvl/nfcmrvl_i2c.o
  CC      drivers/mfd/tps65912-i2c.o
  CC      kernel/module_signature.o
  LD [M]  drivers/nfc/nfcmrvl/nfcmrvl_spi.o
  LD [M]  drivers/nfc/st21nfca/st21nfca_hci.o
  CC      lib/sg_pool.o
  LD [M]  drivers/nfc/st21nfca/st21nfca_i2c.o
  CC [M]  drivers/dax/pmem.o
  CC [M]  drivers/nfc/st-nci/ndlc.o
  CC [M]  drivers/tty/ipwireless/tty.o
  CC [M]  sound/soc/intel/boards/cml_rt1011_rt5682.o
  CC      kernel/kallsyms.o
  CC [M]  sound/soc/codecs/max98373.o
  CC [M]  drivers/misc/cardreader/rts5228.o
  CC      drivers/acpi/pci_irq.o
  CC [M]  fs/nfs/getroot.o
  AR      net/mptcp/built-in.a
  CC [M]  drivers/misc/cardreader/rtsx_usb.o
  CC [M]  drivers/gpu/drm/xen/xen_drm_front_gem.o
  CC [M]  drivers/block/drbd/drbd_nl.o
  CC [M]  drivers/nfc/st-nci/core.o
  CC [M]  drivers/gpu/drm/tiny/ili9486.o
  CC      drivers/nvdimm/dimm.o
  CC [M]  drivers/regulator/max8893.o
  CC      drivers/mfd/tps65912-spi.o
  CC [M]  net/bridge/br.o
  CC [M]  net/bridge/netfilter/ebt_802_3.o
  CC [M]  drivers/dax/cxl.o
  CC      drivers/dma-buf/heaps/system_heap.o
  CC [M]  drivers/nfc/st-nci/se.o
  CC      lib/memregion.o
  LD [M]  drivers/tty/ipwireless/ipwireless.o
  CC      drivers/dma-buf/dma-buf.o
  CC [M]  drivers/nfc/st-nci/vendor_cmds.o
  CC [M]  net/netfilter/nf_log_syslog.o
  CC      drivers/tty/n_tty.o
  CC      drivers/dma-buf/dma-fence.o
  CC [M]  drivers/char/uv_mmtimer.o
  CC      net/ipv6/ip6_offload.o
  CC      drivers/acpi/acpi_lpss.o
  CC [M]  sound/soc/intel/boards/kbl_da7219_max98357a.o
  CC      drivers/dma-buf/dma-fence-array.o
  CC      drivers/cxl/core/suspend.o
  AR      drivers/macintosh/built-in.a
  LD [M]  drivers/gpu/drm/xen/drm_xen_front.o
  CC [M]  drivers/macintosh/mac_hid.o
  CC      drivers/mfd/twl-core.o
  AR      drivers/scsi/device_handler/built-in.a
  CC [M]  fs/nfs/inode.o
  CC [M]  drivers/scsi/device_handler/scsi_dh_rdac.o
  CC      drivers/nvdimm/region_devs.o
  LD [M]  drivers/dax/device_dax.o
  CC [M]  drivers/regulator/max8907-regulator.o
  LD [M]  drivers/dax/dax_pmem.o
  LD [M]  drivers/dax/dax_cxl.o
  AR      drivers/dax/built-in.a
  CC [M]  drivers/block/drbd/drbd_interval.o
  CC      lib/irq_poll.o
  CC [M]  drivers/gpu/drm/tiny/mi0283qt.o
  AR      drivers/dma-buf/heaps/built-in.a
  CC      net/ipv4/netfilter.o
  CC      drivers/mfd/twl4030-irq.o
  CC [M]  net/bridge/netfilter/ebt_among.o
  LD [M]  drivers/misc/cardreader/rtsx_pci.o
  CC [M]  sound/soc/codecs/max98373-i2c.o
  CC [M]  drivers/char/lp.o
  AR      drivers/scsi/megaraid/built-in.a
  CC [M]  net/appletalk/dev.o
  CC [M]  drivers/scsi/megaraid/megaraid_mm.o
  AR      drivers/misc/pvpanic/built-in.a
  CC [M]  drivers/misc/pvpanic/pvpanic.o
  CC [M]  drivers/misc/ibmasm/module.o
  CC      drivers/base/bus.o
  CC      kernel/acct.o
  CC      drivers/mfd/twl6030-irq.o
  CC [M]  sound/soc/intel/boards/kbl_da7219_max98927.o
  CC      kernel/crash_core.o
  CC [M]  drivers/regulator/max8925-regulator.o
  CC      drivers/acpi/acpi_apd.o
  CC      lib/stackdepot.o
  CC [M]  drivers/cxl/core/port.o
  CC [M]  drivers/nfc/st-nci/i2c.o
  CC [M]  drivers/block/floppy.o
  CC [M]  drivers/scsi/device_handler/scsi_dh_hp_sw.o
  CC      net/ipv6/tcpv6_offload.o
  CC [M]  drivers/block/brd.o
  CC [M]  net/netfilter/nf_nat_core.o
  CC [M]  drivers/misc/sgi-xp/xp_main.o
  CC [M]  drivers/gpu/drm/tiny/repaper.o
  CC [M]  drivers/misc/ibmasm/ibmasmfs.o
  CC      drivers/dma-buf/dma-fence-chain.o
  CC      drivers/dma-buf/dma-fence-unwrap.o
  CC      kernel/kexec_core.o
  CC [M]  net/bridge/netfilter/ebt_arp.o
  CC      drivers/acpi/acpi_platform.o
  CC [M]  sound/soc/codecs/max98373-sdw.o
  CC [M]  drivers/char/applicom.o
  CC [M]  net/netfilter/nf_nat_proto.o
  CC [M]  sound/soc/intel/boards/kbl_rt5663_max98927.o
  CC [M]  drivers/misc/pvpanic/pvpanic-mmio.o
  CC      drivers/base/dd.o
  CC      drivers/tty/tty_ioctl.o
  CC [M]  drivers/regulator/max8952.o
  CC [M]  net/appletalk/atalk_proc.o
  CC [M]  drivers/scsi/device_handler/scsi_dh_emc.o
  CC [M]  drivers/scsi/megaraid/megaraid_mbox.o
  CC [M]  drivers/nfc/st-nci/spi.o
  CC      drivers/mfd/twl4030-audio.o
  CC      drivers/nvdimm/region.o
  LD [M]  drivers/nfc/st-nci/st-nci.o
  CC      drivers/mfd/twl6040.o
  CC      drivers/tty/tty_ldisc.o
  CC      lib/bootconfig.o
  CC [M]  drivers/misc/ibmasm/event.o
  CC      net/ipv4/tcp_cubic.o
  CC [M]  drivers/misc/sgi-xp/xp_uv.o
  CC      drivers/base/syscore.o
  CC      drivers/dma-buf/dma-resv.o
  CC      net/ipv6/exthdrs_offload.o
  CC [M]  drivers/misc/pvpanic/pvpanic-pci.o
  CC [M]  drivers/gpu/drm/tiny/st7586.o
  CC [M]  sound/soc/codecs/max98390.o
  CC [M]  net/bridge/netfilter/ebt_ip.o
  CC [M]  drivers/char/nvram.o
  CC [M]  sound/soc/intel/boards/kbl_rt5663_rt5514_max98927.o
  CC      drivers/acpi/acpi_pnp.o
  CC [M]  drivers/regulator/max8997-regulator.o
  CC [M]  drivers/scsi/device_handler/scsi_dh_alua.o
  LD [M]  drivers/nfc/st-nci/st-nci_i2c.o
  LD [M]  drivers/nfc/st-nci/st-nci_spi.o
  CC [M]  drivers/misc/ibmasm/command.o
  CC [M]  net/appletalk/sysctl_net_atalk.o
  CC [M]  drivers/nfc/nxp-nci/core.o
  CC      drivers/nvdimm/namespace_devs.o
  CC [M]  drivers/cxl/core/pmem.o
  CC [M]  drivers/misc/sgi-xp/xpc_main.o
  CC [M]  drivers/block/drbd/drbd_state.o
  CC      lib/asn1_decoder.o
  CC [M]  drivers/nfc/nxp-nci/firmware.o
  CC [M]  drivers/regulator/max8998.o
  CC      drivers/dma-buf/dma-heap.o
  CC      net/ipv6/inet6_hashtables.o
  CC      kernel/kexec.o
  CC [M]  net/bridge/br_device.o
  CC [M]  drivers/gpu/drm/tiny/st7735r.o
  CC      drivers/acpi/power.o
  CC      drivers/tty/tty_buffer.o
  CC [M]  sound/soc/intel/boards/kbl_rt5660.o
  CC [M]  fs/nfs/super.o
  CC [M]  sound/soc/codecs/max9860.o
  CC [M]  drivers/block/pktcdvd.o
  CC      net/ipv4/tcp_bpf.o
  CC [M]  drivers/misc/ibmasm/remote.o
  CC [M]  net/bridge/netfilter/ebt_ip6.o
  CC      drivers/mfd/mfd-core.o
  CC      drivers/acpi/event.o
  CC [M]  drivers/scsi/megaraid/megaraid_sas_base.o
  CC      drivers/base/driver.o
  CC [M]  drivers/char/ppdev.o
  CC [M]  drivers/char/tlclk.o
  LD [M]  net/appletalk/appletalk.o
  CC [M]  net/netfilter/nf_nat_helper.o
  CC      lib/asn1_encoder.o
  CC [M]  drivers/block/drbd/drbd_nla.o
  CC [M]  fs/nfsd/trace.o
  CC      drivers/dma-buf/sync_file.o
  CC [M]  drivers/misc/sgi-xp/xpc_channel.o
  CC [M]  drivers/regulator/max77693-regulator.o
  CC [M]  fs/nfsd/nfssvc.o
  CC      kernel/kexec_file.o
  CC [M]  drivers/cxl/core/regs.o
  CC [M]  drivers/misc/ibmasm/heartbeat.o
  CC [M]  net/bridge/br_fdb.o
  CC [M]  sound/soc/intel/boards/skl_rt286.o
  CC [M]  drivers/nfc/nxp-nci/i2c.o
  CC [M]  net/bridge/br_forward.o
  CC [M]  sound/soc/codecs/msm8916-wcd-analog.o
  CC      drivers/base/class.o
  AR      drivers/gpu/drm/xlnx/built-in.a
  CC [M]  drivers/char/hangcheck-timer.o
  CC [M]  drivers/cxl/core/memdev.o
  AR      drivers/gpu/drm/gud/built-in.a
  GEN     lib/oid_registry_data.c
  CC [M]  net/bridge/netfilter/ebt_limit.o
  CC [M]  drivers/gpu/drm/gud/gud_drv.o
  CC      lib/ucs2_string.o
  CC [M]  fs/nfsd/nfsctl.o
  CC      drivers/tty/tty_port.o
  CC [M]  drivers/misc/ibmasm/r_heartbeat.o
  CC [M]  drivers/regulator/max77826-regulator.o
  CC [M]  drivers/misc/sgi-xp/xpc_partition.o
  CC      drivers/dma-buf/sw_sync.o
  CC      drivers/mfd/ezx-pcap.o
  CC      drivers/acpi/evged.o
  CC [M]  sound/soc/intel/boards/skl_nau88l25_max98357a.o
  CC      drivers/nvdimm/label.o
  CC      kernel/compat.o
  LD [M]  drivers/nfc/nxp-nci/nxp-nci.o
  CC [M]  drivers/gpu/drm/gud/gud_pipe.o
  LD [M]  drivers/nfc/nxp-nci/nxp-nci_i2c.o
  AR      drivers/char/built-in.a
  CC      lib/ubsan.o
  CC [M]  drivers/scsi/megaraid/megaraid_sas_fusion.o
  CC [M]  drivers/gpu/drm/gud/gud_connector.o
  CC [M]  drivers/block/drbd/drbd_debugfs.o
  CC [M]  sound/soc/codecs/msm8916-wcd-digital.o
  CC [M]  drivers/misc/ibmasm/dot_command.o
  CC [M]  drivers/nfc/s3fwrn5/core.o
  CC      net/ipv6/mcast_snoop.o
  CC [M]  fs/nfsd/nfsfh.o
  CC      drivers/acpi/sysfs.o
  CC [M]  net/bridge/netfilter/ebt_mark_m.o
  CC [M]  drivers/cxl/core/mbox.o
  CC [M]  drivers/regulator/mc13783-regulator.o
  CC      drivers/base/platform.o
  CC [M]  fs/nfs/io.o
  CC [M]  net/netfilter/nf_nat_redirect.o
  CC [M]  drivers/misc/sgi-xp/xpc_uv.o
  CC      net/ipv4/udp_bpf.o
  CC      lib/sbitmap.o
  CC [M]  sound/soc/intel/boards/skl_nau88l25_ssm4567.o
  CC [M]  drivers/misc/ibmasm/lowlevel.o
  CC      drivers/tty/tty_mutex.o
  CC      drivers/dma-buf/sync_debug.o
  CC [M]  drivers/scsi/megaraid/megaraid_sas_fp.o
  CC      drivers/nvdimm/badrange.o
  CC [M]  net/netfilter/nf_nat_masquerade.o
  CC [M]  sound/soc/codecs/mt6351.o
  CC      drivers/tty/tty_ldsem.o
  CC      drivers/mfd/da903x.o
  LD [M]  drivers/gpu/drm/gud/gud.o
  CC      drivers/acpi/property.o
  AR      drivers/gpu/drm/solomon/built-in.a
  CC [M]  drivers/misc/ibmasm/uart.o
  CC [M]  drivers/gpu/drm/ttm/ttm_tt.o
  CC [M]  drivers/regulator/mc13892-regulator.o
  CC [M]  drivers/nfc/s3fwrn5/firmware.o
  CC [M]  drivers/gpu/drm/ttm/ttm_bo.o
  CC      kernel/utsname.o
  CC      drivers/dma-buf/udmabuf.o
  CC [M]  net/bridge/netfilter/ebt_pkttype.o
  CC      drivers/tty/tty_baudrate.o
  CC [M]  fs/nfs/direct.o
  CC [M]  sound/soc/intel/boards/skl_hda_dsp_generic.o
  LD [M]  drivers/block/drbd/drbd.o
  CC [M]  sound/soc/intel/boards/skl_hda_dsp_common.o
  CC      net/ipv4/cipso_ipv4.o
  CC [M]  drivers/misc/sgi-xp/xpnet.o
  CC [M]  drivers/block/nbd.o
  CC [M]  drivers/nfc/st95hf/spi.o
  CC [M]  drivers/gpu/drm/ttm/ttm_bo_util.o
  CC      drivers/mfd/da9052-irq.o
  CC [M]  net/ipv6/ah6.o
  CC      lib/group_cpus.o
  LD [M]  drivers/misc/ibmasm/ibmasm.o
  CC      kernel/user_namespace.o
  CC [M]  sound/soc/codecs/mt6358.o
  CC [M]  net/bridge/netfilter/ebt_stp.o
  CC      drivers/base/cpu.o
  CC [M]  drivers/regulator/mc13xxx-regulator-core.o
  CC [M]  drivers/cxl/core/pci.o
  CC [M]  drivers/nfc/s3fwrn5/nci.o
  CC      drivers/nvdimm/claim.o
  CC [M]  drivers/nfc/s3fwrn5/phy_common.o
  AR      drivers/dma-buf/built-in.a
  CC      drivers/base/firmware.o
  CC [M]  drivers/block/virtio_blk.o
  CC      drivers/acpi/acpi_cmos_rtc.o
  CC [M]  sound/soc/intel/boards/sof_da7219_max98373.o
  CC [M]  drivers/misc/sgi-gru/grufile.o
  CC [M]  drivers/nfc/st95hf/core.o
  CC      drivers/mfd/da9052-core.o
  CC [M]  drivers/scsi/megaraid/megaraid_sas_debugfs.o
  CC [M]  net/bridge/br_if.o
  CC      drivers/tty/tty_jobctrl.o
  CC [M]  drivers/misc/sgi-gru/grumain.o
  CC [M]  lib/test_bpf.o
  LD [M]  drivers/misc/sgi-xp/xp.o
  LD [M]  drivers/misc/sgi-xp/xpc.o
  CC [M]  net/netfilter/nf_nat_ovs.o
  CC [M]  drivers/scsi/pcmcia/qlogic_stub.o
  CC [M]  drivers/scsi/pcmcia/fdomain_cs.o
  CC      drivers/acpi/x86/apple.o
  CC [M]  fs/nfsd/vfs.o
  CC [M]  drivers/gpu/drm/ttm/ttm_bo_vm.o
  CC [M]  fs/lockd/clntlock.o
  CC [M]  net/bridge/netfilter/ebt_vlan.o
  CC      drivers/nvdimm/btt_devs.o
  CC [M]  net/ipv6/esp6.o
  CC [M]  drivers/regulator/mp8859.o
  CC      kernel/pid_namespace.o
  CC      net/ipv4/xfrm4_policy.o
  CC      drivers/base/init.o
  LD [M]  drivers/nfc/st95hf/st95hf.o
  CC [M]  drivers/nfc/s3fwrn5/i2c.o
  CC      drivers/tty/n_null.o
  LD [M]  drivers/scsi/megaraid/megaraid_sas.o
  CC [M]  sound/soc/intel/boards/ehl_rt5660.o
  CC [M]  fs/nfsd/export.o
  CC [M]  drivers/regulator/mt6311-regulator.o
  CC [M]  drivers/scsi/libsas/sas_init.o
  CC      drivers/acpi/x86/utils.o
  CC      drivers/mfd/da9052-spi.o
  CC [M]  drivers/cxl/core/hdm.o
  CC [M]  drivers/scsi/libsas/sas_phy.o
  CC [M]  drivers/scsi/libsas/sas_port.o
  CC [M]  drivers/scsi/pcmcia/aha152x_stub.o
  CC [M]  sound/soc/codecs/mt6660.o
  CC [M]  drivers/scsi/libsas/sas_event.o
  CC [M]  drivers/scsi/libsas/sas_discover.o
  CC [M]  drivers/scsi/libsas/sas_expander.o
  CC [M]  drivers/misc/sgi-gru/grufault.o
  CC      drivers/tty/pty.o
  CC      net/ipv4/xfrm4_state.o
  CC [M]  net/bridge/netfilter/ebt_arpreply.o
  CC [M]  drivers/block/rbd.o
  CC      drivers/base/map.o
  CC [M]  fs/nfs/pagelist.o
  CC [M]  drivers/gpu/drm/ttm/ttm_module.o
  CC      drivers/mfd/da9052-i2c.o
  CC [M]  sound/soc/intel/boards/sof_sdw.o
  CC [M]  drivers/nfc/s3fwrn5/uart.o
  CC      drivers/acpi/x86/s2idle.o
  CC [M]  drivers/regulator/mt6315-regulator.o
  CC [M]  drivers/scsi/pcmcia/aha152x_core.o
  LD [M]  drivers/nfc/s3fwrn5/s3fwrn5.o
  CC [M]  drivers/scsi/libsas/sas_scsi_host.o
  CC [M]  drivers/scsi/libsas/sas_task.o
  CC [M]  net/netfilter/nf_nat_bpf.o
  CC      drivers/nvdimm/pfn_devs.o
  CC [M]  fs/lockd/clntproc.o
  CC      drivers/base/devres.o
  CC      kernel/stop_machine.o
  CC [M]  sound/soc/codecs/nau8315.o
  CC [M]  drivers/gpu/drm/ttm/ttm_execbuf_util.o
  CC [M]  net/ipv6/esp6_offload.o
  CC      drivers/tty/tty_audit.o
  CC [M]  drivers/gpu/drm/scheduler/sched_main.o
  AR      drivers/nfc/built-in.a
  CC      net/ipv4/xfrm4_input.o
  CC [M]  drivers/misc/sgi-gru/grutlbpurge.o
  AR      drivers/nvme/host/built-in.a
  CC [M]  drivers/nvme/host/core.o
  CC      drivers/mfd/lp8788.o
  CC [M]  drivers/misc/sgi-gru/gruprocfs.o
  CC [M]  net/bridge/netfilter/ebt_mark.o
  CC [M]  drivers/cxl/core/pmu.o
  CC [M]  drivers/regulator/mt6323-regulator.o
  CC      drivers/ata/libata-core.o
  AR      drivers/nvme/target/built-in.a
  LD [M]  drivers/nfc/s3fwrn5/s3fwrn5_i2c.o
  LD [M]  drivers/nfc/s3fwrn5/s3fwrn82_uart.o
  CC [M]  drivers/nvme/target/core.o
  CC [M]  drivers/nfc/mei_phy.o
  CC [M]  fs/nfsd/auth.o
  CC [M]  sound/soc/codecs/nau8540.o
  CC [M]  net/netfilter/nf_nat_amanda.o
  CC      drivers/tty/sysrq.o
  CC [M]  sound/soc/intel/boards/sof_sdw_maxim.o
  CC      drivers/base/attribute_container.o
  CC [M]  lib/test_blackhole_dev.o
  CC      drivers/acpi/debugfs.o
  CC [M]  drivers/cxl/core/trace.o
  CC [M]  drivers/gpu/drm/ttm/ttm_range_manager.o
  CC      drivers/mfd/lp8788-irq.o
  CC [M]  drivers/regulator/mt6358-regulator.o
  CC [M]  drivers/misc/sgi-gru/grukservices.o
  CC      kernel/audit.o
  CC      drivers/nvdimm/dax_devs.o
  CC [M]  drivers/scsi/pcmcia/sym53c500_cs.o
  CC [M]  fs/nfsd/lockd.o
  CC [M]  net/bridge/netfilter/ebt_dnat.o
  CC [M]  net/ipv6/ipcomp6.o
  CC [M]  drivers/gpu/drm/radeon/radeon_drv.o
  CC [M]  drivers/gpu/drm/radeon/radeon_device.o
  CC [M]  drivers/scsi/libsas/sas_ata.o
  CC      drivers/mfd/da9055-core.o
  CC [M]  fs/sysv/ialloc.o
  CC [M]  sound/soc/intel/boards/sof_sdw_rt_amp.o
  CC [M]  net/netfilter/nf_nat_ftp.o
  CC [M]  drivers/nfc/nfcsim.o
  CC      drivers/base/transport_class.o
  CC [M]  sound/soc/codecs/nau8810.o
  CC [M]  fs/lockd/clntxdr.o
  CC [M]  drivers/gpu/drm/amd/amdgpu/amdgpu_drv.o
  CC [M]  drivers/regulator/mt6359-regulator.o
  CC      net/ipv4/xfrm4_output.o
  CC [M]  lib/crc-itu-t.o
  CC [M]  drivers/gpu/drm/scheduler/sched_fence.o
  CC      drivers/acpi/acpi_lpat.o
  LD [M]  drivers/scsi/pcmcia/qlogic_cs.o
  CC [M]  fs/nfs/read.o
  LD [M]  drivers/scsi/pcmcia/aha152x_cs.o
  CC [M]  drivers/gpu/drm/ttm/ttm_resource.o
  CC [M]  fs/nfsd/nfscache.o
  CC [M]  drivers/gpu/drm/amd/amdgpu/amdgpu_device.o
  CC [M]  net/bridge/netfilter/ebt_redirect.o
  CC [M]  drivers/regulator/mt6360-regulator.o
  CC [M]  net/ipv6/xfrm6_tunnel.o
  CC [M]  drivers/tty/n_hdlc.o
  CC [M]  fs/sysv/balloc.o
  CC      drivers/nvdimm/security.o
  CC      drivers/base/topology.o
  CC [M]  sound/soc/intel/boards/sof_sdw_rt5682.o
  CC [M]  drivers/nfc/port100.o
  CC [M]  drivers/nvme/target/configfs.o
  CC      drivers/mfd/da9055-i2c.o
  CC [M]  drivers/cxl/core/region.o
  CC [M]  lib/crc4.o
  CC [M]  drivers/gpu/drm/scheduler/sched_entity.o
  CC [M]  sound/soc/codecs/nau8822.o
  CC [M]  drivers/gpu/drm/amd/amdxcp/amdgpu_xcp_drv.o
  CC      drivers/acpi/acpi_fpdt.o
  CC [M]  net/netfilter/nf_nat_irc.o
  CC [M]  drivers/misc/sgi-gru/gruhandles.o
  AR      drivers/block/built-in.a
  CC [M]  fs/lockd/host.o
  CC      net/ipv4/xfrm4_protocol.o
  CC [M]  drivers/gpu/drm/radeon/radeon_asic.o
  CC [M]  drivers/gpu/drm/i915/i915_driver.o
  CC [M]  drivers/regulator/mt6397-regulator.o
  CC [M]  fs/sysv/inode.o
  CC [M]  drivers/gpu/drm/ttm/ttm_pool.o
  CC [M]  drivers/scsi/libsas/sas_host_smp.o
  CC      drivers/base/container.o
  CC [M]  sound/soc/intel/boards/sof_sdw_rt700.o
  CC      drivers/acpi/acpi_lpit.o
  CC [M]  drivers/tty/n_gsm.o
  CC [M]  lib/crc7.o
  CC [M]  net/bridge/netfilter/ebt_snat.o
  CC      drivers/mfd/da9063-core.o
  CC [M]  net/netfilter/nf_nat_sip.o
  CC      drivers/nvdimm/e820.o
  LD [M]  drivers/gpu/drm/amd/amdxcp/amdxcp.o
  CC [M]  drivers/misc/sgi-gru/grukdump.o
  CC [M]  drivers/nvme/host/ioctl.o
  CC [M]  drivers/nfc/trf7970a.o
  CC      kernel/auditfilter.o
  CC      drivers/base/property.o
  CC [M]  sound/soc/codecs/nau8824.o
  CC [M]  fs/nfsd/stats.o
  CC      drivers/acpi/acpi_watchdog.o
  CC [M]  drivers/nvme/target/admin-cmd.o
  CC [M]  drivers/regulator/qcom-labibb-regulator.o
  LD [M]  drivers/gpu/drm/scheduler/gpu-sched.o
  CC [M]  drivers/gpu/drm/radeon/radeon_kms.o
  CC [M]  sound/soc/intel/boards/sof_sdw_rt711.o
  CC [M]  fs/sysv/itree.o
  CC [M]  drivers/nvme/host/sysfs.o
  CC [M]  lib/libcrc32c.o
  CC      drivers/mfd/da9063-irq.o
  CC [M]  drivers/nvdimm/pmem.o
  CC [M]  fs/lockd/svc.o
  CC [M]  net/ipv6/tunnel6.o
  CC      drivers/spi/spi.o
  CC [M]  net/bridge/netfilter/ebt_log.o
  CC [M]  drivers/net/phy/mscc/mscc_main.o
  LD [M]  drivers/misc/sgi-gru/gru.o
  CC [M]  drivers/gpu/drm/ttm/ttm_device.o
  CC [M]  drivers/misc/c2port/core.o
  CC [M]  fs/nfs/symlink.o
  CC      drivers/mfd/da9063-i2c.o
  LD [M]  drivers/scsi/libsas/libsas.o
  CC [M]  drivers/gpu/drm/i915/i915_drm_client.o
  CC [M]  drivers/regulator/qcom_spmi-regulator.o
  AR      drivers/net/pse-pd/built-in.a
  CC [M]  drivers/regulator/qcom_usb_vbus-regulator.o
  CC [M]  lib/crc8.o
  CC [M]  drivers/scsi/libfc/fc_libfc.o
  CC      net/ipv4/bpf_tcp_ca.o
  CC [M]  sound/soc/intel/boards/sof_sdw_rt_sdca_jack_common.o
  CC [M]  fs/nfsd/filecache.o
  CC [M]  net/netfilter/nf_nat_tftp.o
  CC [M]  fs/sysv/file.o
  CC [M]  drivers/nvme/target/fabrics-cmd.o
  CC      drivers/acpi/prmt.o
  CC [M]  drivers/nfc/virtual_ncidev.o
  CC      drivers/ata/libata-scsi.o
  CC      kernel/auditsc.o
  AR      drivers/cxl/core/built-in.a
  LD [M]  drivers/cxl/core/cxl_core.o
  CC [M]  drivers/gpu/drm/radeon/radeon_atombios.o
  CC [M]  drivers/nvdimm/btt.o
  CC [M]  drivers/cxl/pci.o
  CC      drivers/mfd/max14577.o
  CC [M]  lib/bch.o
  CC [M]  drivers/gpu/drm/i915/i915_config.o
  CC [M]  net/bridge/netfilter/ebt_nflog.o
  CC      drivers/base/cacheinfo.o
  CC [M]  fs/sysv/dir.o
  CC [M]  drivers/regulator/palmas-regulator.o
  CC [M]  sound/soc/codecs/nau8825.o
  CC [M]  sound/soc/intel/boards/sof_sdw_rt712_sdca.o
  CC [M]  drivers/misc/c2port/c2port-duramar2150.o
  CC [M]  drivers/nvme/host/pr.o
  CC      drivers/base/swnode.o
  CC [M]  fs/nfs/unlink.o
  CC [M]  drivers/gpu/drm/amd/amdgpu/amdgpu_doorbell_mgr.o
  CC [M]  drivers/tty/moxa.o
  CC [M]  drivers/gpu/drm/ttm/ttm_sys_manager.o
  CC [M]  drivers/gpu/drm/i915/i915_getparam.o
  CC [M]  drivers/net/phy/mscc/mscc_serdes.o
  CC [M]  drivers/nvme/target/discovery.o
  CC [M]  net/netfilter/nf_synproxy_core.o
  CC      drivers/acpi/acpi_pcc.o
  CC [M]  net/ipv6/mip6.o
  CC [M]  net/ipv4/ip_tunnel.o
  CC      drivers/base/auxiliary.o
  CC [M]  fs/lockd/svclock.o
  CC [M]  drivers/misc/altera-stapl/altera-jtag.o
  CC [M]  drivers/scsi/libfc/fc_disc.o
  CC [M]  drivers/cxl/mem.o
  CC [M]  sound/soc/intel/boards/sof_sdw_rt715.o
  CC [M]  fs/sysv/namei.o
  CC [M]  drivers/gpu/drm/ttm/ttm_agp_backend.o
  CC [M]  drivers/net/phy/mscc/mscc_macsec.o
  CC [M]  drivers/nvme/host/trace.o
  CC      drivers/acpi/acpi_adxl.o
  CC [M]  net/bridge/br_input.o
  CC [M]  drivers/regulator/pca9450-regulator.o
  CC [M]  drivers/nvme/target/io-cmd-file.o
  CC [M]  drivers/gpu/drm/amd/amdgpu/amdgpu_kms.o
  CC      drivers/mfd/max77693.o
  CC [M]  drivers/misc/altera-stapl/altera-comp.o
  CC [M]  drivers/gpu/drm/i915/i915_ioctl.o
  CC [M]  drivers/misc/altera-stapl/altera.o
  CC [M]  drivers/misc/altera-stapl/altera-lpt.o
  CC      drivers/base/devtmpfs.o
  CC [M]  drivers/gpu/drm/amd/amdgpu/amdgpu_atombios.o
  CC [M]  lib/ts_kmp.o
  CC [M]  fs/nfsd/nfs3proc.o
  CC [M]  drivers/cxl/acpi.o
  CC [M]  sound/soc/intel/boards/sof_sdw_rt715_sdca.o
  CC [M]  drivers/tty/mxser.o
  CC [M]  fs/nfs/write.o
  CC [M]  fs/sysv/super.o
  AR      drivers/message/fusion/built-in.a
  CC [M]  drivers/message/fusion/mptbase.o
  CC [M]  net/ipv6/ip6_vti.o
  CC [M]  drivers/nvdimm/virtio_pmem.o
  CC [M]  fs/lockd/svcshare.o
  CC      drivers/acpi/ac.o
  LD [M]  drivers/gpu/drm/ttm/ttm.o
  CC      drivers/ata/libata-eh.o
  CC [M]  lib/ts_bm.o
  CC [M]  drivers/net/phy/mscc/mscc_ptp.o
  CC      kernel/audit_watch.o
  CC      drivers/mfd/max77843.o
  CC [M]  drivers/nvme/target/io-cmd-bdev.o
  CC [M]  drivers/regulator/pv88060-regulator.o
  CC [M]  drivers/gpu/drm/radeon/radeon_agp.o
  CC [M]  drivers/scsi/libfc/fc_exch.o
  CC [M]  net/netfilter/nf_conncount.o
  CC [M]  sound/soc/intel/boards/sof_sdw_dmic.o
  CC [M]  drivers/nvme/host/multipath.o
  CC [M]  drivers/gpu/drm/i915/i915_irq.o
  CC      drivers/base/isa.o
  CC [M]  sound/soc/codecs/hdmi-codec.o
  CC      drivers/spi/spi-mem.o
  CC      drivers/acpi/button.o
  LD [M]  fs/sysv/sysv.o
  CC [M]  lib/ts_fsm.o
  CC [M]  drivers/cxl/pmem.o
  CC [M]  net/x25/af_x25.o
  CC [M]  drivers/nvdimm/nd_virtio.o
  CC [M]  fs/lockd/svcproc.o
  CC [M]  fs/nfsd/nfs3xdr.o
  CC [M]  drivers/tty/nozomi.o
  CC      drivers/mfd/max8925-core.o
  CC [M]  drivers/nvme/target/passthru.o
  CC      kernel/audit_fsnotify.o
  CC      drivers/ata/libata-transport.o
  CC [M]  lib/notifier-error-inject.o
  CC [M]  sound/soc/intel/boards/sof_sdw_cs42l42.o
  CC [M]  drivers/gpu/drm/mgag200/mgag200_bmc.o
  CC [M]  drivers/regulator/pv88080-regulator.o
  CC [M]  drivers/gpu/drm/radeon/atombios_crtc.o
  CC [M]  drivers/gpu/drm/amd/amdgpu/atombios_crtc.o
  CC [M]  net/ipv4/ipip.o
  LD [M]  drivers/misc/altera-stapl/altera-stapl.o
  CC [M]  net/bridge/br_ioctl.o
  CC [M]  drivers/misc/mei/hdcp/mei_hdcp.o
  CC [M]  sound/soc/codecs/pcm1681.o
  CC [M]  drivers/cxl/security.o
  CC      drivers/base/node.o
  LD [M]  drivers/net/phy/mscc/mscc.o
  CC      drivers/net/phy/mdio-boardinfo.o
  CC [M]  net/ipv6/sit.o
  CC      drivers/acpi/fan_core.o
  CC [M]  drivers/spi/spi-mux.o
  CC [M]  sound/soc/intel/boards/sof_sdw_cs_amp.o
  CC      kernel/audit_tree.o
  CC      drivers/mfd/max8925-i2c.o
  CC [M]  fs/lockd/svcsubs.o
  CC [M]  drivers/gpu/drm/mgag200/mgag200_drv.o
  LD [M]  drivers/nvdimm/nd_pmem.o
  CC [M]  lib/pm-notifier-error-inject.o
  CC [M]  drivers/gpu/drm/i915/i915_mitigations.o
  LD [M]  drivers/nvdimm/nd_btt.o
  AR      drivers/nvdimm/built-in.a
  CC [M]  drivers/nvme/target/zns.o
  CC [M]  drivers/regulator/pv88090-regulator.o
  CC      drivers/ata/libata-trace.o
  CC [M]  drivers/nvme/host/zns.o
  CC [M]  net/x25/x25_dev.o
  CC [M]  drivers/cxl/port.o
  CC [M]  drivers/tty/ttynull.o
  CC [M]  fs/nfsd/nfsproc.o
  CC [M]  sound/soc/codecs/pcm179x.o
  CC [M]  drivers/scsi/libfc/fc_elsct.o
  CC [M]  drivers/misc/mei/init.o
  CC [M]  net/netfilter/nf_dup_netdev.o
  CC [M]  drivers/gpu/drm/amd/amdgpu/amdgpu_connectors.o
  CC      drivers/acpi/fan_attr.o
  CC [M]  net/ipv4/fou_core.o
  CC [M]  net/lapb/lapb_in.o
  CC [M]  drivers/spi/spidev.o
  CC [M]  sound/soc/intel/boards/sof_sdw_hdmi.o
  CC [M]  net/bridge/br_stp.o
  CC      drivers/base/memory.o
  CC [M]  lib/memory-notifier-error-inject.o
  CC      drivers/net/phy/stubs.o
  CC [M]  drivers/gpu/drm/mgag200/mgag200_g200.o
  CC [M]  drivers/gpu/drm/i915/i915_module.o
  CC [M]  drivers/gpu/drm/radeon/radeon_combios.o
  CC [M]  drivers/regulator/pwm-regulator.o
  CC [M]  drivers/nvme/target/trace.o
  CC      drivers/acpi/pci_slot.o
  LD [M]  drivers/cxl/cxl_pci.o
  LD [M]  drivers/cxl/cxl_mem.o
  CC [M]  net/netrom/af_netrom.o
  CC [M]  drivers/nvme/host/hwmon.o
  LD [M]  drivers/cxl/cxl_acpi.o
  LD [M]  drivers/cxl/cxl_pmem.o
  AR      drivers/tty/built-in.a
  LD [M]  drivers/cxl/cxl_port.o
  CC [M]  lib/lru_cache.o
  CC [M]  fs/nfs/namespace.o
  AR      drivers/cxl/built-in.a
  CC      kernel/kprobes.o
  CC      drivers/net/phy/mdio_devres.o
  CC      drivers/ata/libata-sata.o
  CC [M]  net/x25/x25_facilities.o
  CC [M]  net/lapb/lapb_out.o
  CC      drivers/mfd/max8997.o
  CC [M]  drivers/message/fusion/mptscsih.o
  CC [M]  sound/soc/intel/boards/hda_dsp_common.o
  CC [M]  drivers/misc/mei/hbm.o
  CC [M]  sound/soc/codecs/pcm1789-i2c.o
  CC [M]  drivers/spi/spi-loopback-test.o
  CC [M]  fs/nfsd/nfsxdr.o
  CC [M]  fs/smb/common/cifs_arc4.o
  CC [M]  drivers/nvme/target/loop.o
  CC [M]  net/ipv6/ip6_tunnel.o
  CC [M]  drivers/regulator/tps51632-regulator.o
  CC      drivers/acpi/processor_driver.o
  CC [M]  fs/lockd/mon.o
  CC [M]  drivers/gpu/drm/i915/i915_params.o
  CC [M]  drivers/gpu/drm/mgag200/mgag200_g200eh.o
  CC [M]  drivers/nvme/host/pci.o
  CC      drivers/base/module.o
  CC [M]  net/netfilter/nf_tables_core.o
  CC [M]  drivers/scsi/libfc/fc_frame.o
  CC      drivers/base/hypervisor.o
  CC [M]  drivers/gpu/drm/amd/amdgpu/atom.o
  CC [M]  net/x25/x25_in.o
  CC [M]  lib/polynomial.o
  CC [M]  net/lapb/lapb_subr.o
  CC [M]  sound/soc/codecs/pcm1789.o
  CC [M]  fs/smb/common/cifs_md4.o
  CC      drivers/acpi/processor_thermal.o
  CC [M]  net/rose/af_rose.o
  CC      drivers/net/phy/phy.o
  CC [M]  net/bridge/br_stp_bpdu.o
  CC [M]  drivers/regulator/pcap-regulator.o
  CC [M]  sound/soc/intel/boards/sof_maxim_common.o
  CC [M]  net/netrom/nr_dev.o
  CC [M]  drivers/nvme/target/rdma.o
  CC      drivers/mfd/max8997-irq.o
  CC [M]  drivers/gpu/drm/i915/i915_pci.o
  CC [M]  drivers/gpu/drm/radeon/atom.o
  CC [M]  drivers/gpu/drm/mgag200/mgag200_g200eh3.o
  CC [M]  fs/nfsd/nfs2acl.o
  CC [M]  fs/nfs/mount_clnt.o
  CC      drivers/base/pinctrl.o
  CC [M]  net/ipv4/fou_nl.o
  CC      drivers/ata/libata-sff.o
  CC [M]  lib/parman.o
  CC [M]  drivers/misc/mei/interrupt.o
  CC [M]  drivers/spi/spi-altera-platform.o
  CC [M]  fs/lockd/trace.o
  CC      drivers/acpi/processor_idle.o
  CC [M]  net/x25/x25_link.o
  CC [M]  net/lapb/lapb_timer.o
  CC      kernel/hung_task.o
  CC [M]  drivers/scsi/libfc/fc_lport.o
  CC [M]  fs/smb/client/trace.o
  CC      drivers/base/devcoredump.o
  CC [M]  drivers/regulator/pcf50633-regulator.o
  CC [M]  drivers/message/fusion/mptspi.o
  CC [M]  net/ipv4/fou_bpf.o
  CC [M]  lib/objagg.o
  CC [M]  drivers/gpu/drm/mgag200/mgag200_g200er.o
  CC      drivers/mfd/max8998.o
  CC [M]  sound/soc/codecs/pcm179x-i2c.o
  CC [M]  drivers/spi/spi-altera-core.o
  CC [M]  drivers/gpu/drm/i915/i915_scatterlist.o
  CC [M]  net/bridge/br_stp_if.o
  CC [M]  net/netrom/nr_in.o
  CC [M]  net/netfilter/nf_tables_api.o
  CC [M]  fs/nfsd/nfs3acl.o
  CC [M]  fs/nfs/nfstrace.o
  CC [M]  drivers/nvme/host/fabrics.o
  CC [M]  sound/soc/intel/boards/sof_realtek_common.o
  CC [M]  net/rose/rose_dev.o
  CC [M]  fs/lockd/xdr.o
  CC [M]  drivers/regulator/rc5t583-regulator.o
  CC [M]  net/lapb/lapb_iface.o
  CC [M]  drivers/misc/mei/client.o
  CC [M]  net/x25/x25_out.o
  CC [M]  drivers/gpu/drm/amd/amdgpu/amdgpu_fence.o
  CC      drivers/acpi/processor_throttling.o
  CC      drivers/base/platform-msi.o
  CC [M]  drivers/gpu/drm/i915/i915_suspend.o
  CC [M]  drivers/gpu/drm/radeon/radeon_fence.o
  CC [M]  drivers/gpu/drm/mgag200/mgag200_g200ev.o
  CC [M]  sound/soc/codecs/pcm179x-spi.o
  CC [M]  drivers/message/fusion/mptfc.o
  CC      drivers/net/phy/phy-c45.o
  CC [M]  net/ipv4/gre_demux.o
  CC [M]  drivers/nvme/target/fc.o
  CC [M]  net/netrom/nr_loopback.o
  CC [M]  drivers/spi/spi-altera-dfl.o
  CC [M]  drivers/regulator/rt4801-regulator.o
  CC [M]  net/ipv6/ip6_gre.o
  CC [M]  net/bridge/br_stp_timer.o
  CC      kernel/watchdog.o
  CC      drivers/mfd/max8998-irq.o
  CC [M]  fs/nfsd/nfs4proc.o
  CC [M]  net/rose/rose_in.o
  CC [M]  drivers/scsi/libfc/fc_rport.o
  CC      drivers/acpi/processor_perflib.o
  CC      drivers/base/physical_location.o
  CC [M]  net/x25/x25_route.o
  CC [M]  fs/lockd/clnt4xdr.o
  LD [M]  sound/soc/intel/boards/snd-soc-sof_rt5682.o
  LD [M]  sound/soc/intel/boards/snd-soc-sof_cs42l42.o
  LD [M]  sound/soc/intel/boards/snd-soc-hsw-rt5640.o
  LD [M]  sound/soc/intel/boards/snd-soc-sst-bxt-da7219_max98357a.o
  LD [M]  sound/soc/intel/boards/snd-soc-sst-bxt-rt298.o
  CC [M]  sound/soc/codecs/pcm186x.o
  LD [M]  sound/soc/intel/boards/snd-soc-sst-sof-pcm512x.o
  LD [M]  sound/soc/intel/boards/snd-soc-sst-sof-wm8804.o
  CC      drivers/ata/libata-pmp.o
  LD [M]  sound/soc/intel/boards/snd-soc-sst-glk-rt5682_max98357a.o
  CC [M]  drivers/gpu/drm/i915/i915_switcheroo.o
  LD [M]  sound/soc/intel/boards/snd-soc-bdw-rt286.o
  LD [M]  sound/soc/intel/boards/snd-soc-sst-bdw-rt5650-mach.o
  LD [M]  sound/soc/intel/boards/snd-soc-sst-bdw-rt5677-mach.o
  CC      drivers/mfd/adp5520.o
  LD [M]  sound/soc/intel/boards/snd-soc-sst-bytcr-rt5640.o
  LD [M]  sound/soc/intel/boards/snd-soc-sst-bytcr-rt5651.o
  CC [M]  drivers/gpu/drm/mgag200/mgag200_g200ew3.o
  CC [M]  drivers/spi/spi-axi-spi-engine.o
  LD [M]  sound/soc/intel/boards/snd-soc-sst-bytcr-wm5102.o
  LD [M]  sound/soc/intel/boards/snd-soc-sst-cht-bsw-rt5672.o
  CC [M]  drivers/gpu/drm/amd/amdgpu/amdgpu_ttm.o
  CC [M]  net/netrom/nr_out.o
  LD [M]  sound/soc/intel/boards/snd-soc-sst-cht-bsw-rt5645.o
  CC [M]  drivers/regulator/rt4831-regulator.o
  LD [M]  sound/soc/intel/boards/snd-soc-sst-cht-bsw-max98090_ti.o
  LD [M]  sound/soc/intel/boards/snd-soc-sst-cht-bsw-nau8824.o
  LD [M]  sound/soc/intel/boards/snd-soc-sst-byt-cht-cx2072x.o
  LD [M]  sound/soc/intel/boards/snd-soc-sst-byt-cht-da7213.o
  LD [M]  sound/soc/intel/boards/snd-soc-sst-byt-cht-es8316.o
  LD [M]  sound/soc/intel/boards/snd-soc-cml_rt1011_rt5682.o
  CC      drivers/base/trace.o
  LD [M]  sound/soc/intel/boards/snd-soc-kbl_da7219_max98357a.o
  LD [M]  sound/soc/intel/boards/snd-soc-kbl_da7219_max98927.o
  CC [M]  drivers/gpu/drm/radeon/radeon_ttm.o
  CC [M]  drivers/message/fusion/mptsas.o
  CC [M]  drivers/nvme/host/rdma.o
  LD [M]  sound/soc/intel/boards/snd-soc-kbl_rt5663_max98927.o
  LD [M]  net/lapb/lapb.o
  LD [M]  sound/soc/intel/boards/snd-soc-kbl_rt5663_rt5514_max98927.o
  LD [M]  sound/soc/intel/boards/snd-soc-kbl_rt5660.o
  LD [M]  sound/soc/intel/boards/snd-soc-skl_rt286.o
  LD [M]  sound/soc/intel/boards/snd-skl_nau88l25_max98357a.o
  CC [M]  net/x25/x25_subr.o
  LD [M]  sound/soc/intel/boards/snd-soc-skl_nau88l25_ssm4567.o
  CC [M]  net/bridge/br_netlink.o
  LD [M]  sound/soc/intel/boards/snd-soc-skl_hda_dsp.o
  LD [M]  sound/soc/intel/boards/snd-soc-sof_da7219_max98373.o
  LD [M]  sound/soc/intel/boards/snd-soc-ehl-rt5660.o
  GEN     lib/test_fortify.log
  LD [M]  sound/soc/intel/boards/snd-soc-sof-sdw.o
  GEN     lib/crc32table.h
  GEN     lib/crc64table.h
  CC      lib/oid_registry.o
  LD [M]  sound/soc/intel/boards/snd-soc-intel-hda-dsp-common.o
  LD [M]  sound/soc/intel/boards/snd-soc-intel-sof-maxim-common.o
  LD [M]  sound/soc/intel/boards/snd-soc-intel-sof-realtek-common.o
  CC [M]  drivers/gpu/drm/mgag200/mgag200_g200se.o
  CC [M]  net/rose/rose_link.o
  CC [M]  fs/smb/client/cifsfs.o
  CC      kernel/watchdog_perf.o
  CC      drivers/net/phy/phy-core.o
  CC [M]  sound/soc/codecs/pcm186x-i2c.o
  CC [M]  drivers/misc/mei/main.o
  CC      drivers/acpi/container.o
  CC [M]  drivers/spi/spi-bitbang.o
  CC [M]  fs/lockd/xdr4.o
  CC [M]  drivers/regulator/rt5033-regulator.o
  CC [M]  drivers/gpu/drm/i915/i915_sysfs.o
  CC [M]  net/ipv4/ip_gre.o
  CC [M]  drivers/scsi/libfc/fc_fcp.o
  AR      drivers/base/built-in.a
  CC [M]  drivers/scsi/libfc/fc_npiv.o
  CC [M]  net/netrom/nr_route.o
  CC      drivers/net/mdio/acpi_mdio.o
  CC      lib/string.o
  CC      drivers/acpi/thermal.o
  CC [M]  drivers/nvme/target/tcp.o
  CC      drivers/mfd/tps6586x.o
  CC      kernel/seccomp.o
  CC [M]  net/x25/x25_timer.o
  CC      drivers/ata/libata-acpi.o
  CC [M]  sound/soc/codecs/pcm186x-spi.o
  CC [M]  drivers/gpu/drm/radeon/radeon_object.o
  CC [M]  net/ipv6/fou6.o
  CC [M]  drivers/gpu/drm/mgag200/mgag200_g200wb.o
  CC [M]  drivers/regulator/rt6160-regulator.o
  CC [M]  net/rose/rose_loopback.o
  CC [M]  drivers/gpu/drm/i915/i915_utils.o
  CC      drivers/net/mdio/fwnode_mdio.o
  CC [M]  fs/lockd/svc4proc.o
  CC [M]  drivers/spi/spi-butterfly.o
  CC      lib/crc32.o
  CC [M]  fs/nfsd/nfs4xdr.o
  CC      drivers/net/phy/phy_device.o
  CC [M]  drivers/misc/mei/dma-ring.o
  CC [M]  sound/soc/codecs/pcm3060.o
  CC [M]  drivers/gpu/drm/amd/amdgpu/amdgpu_object.o
  CC [M]  net/bridge/br_netlink_tunnel.o
  CC      drivers/acpi/acpi_memhotplug.o
  CC [M]  drivers/nvme/host/fc.o
  CC [M]  net/x25/x25_proc.o
  CC [M]  fs/smb/client/cifs_debug.o
  CC [M]  fs/smb/client/connect.o
  CC [M]  drivers/regulator/rt6245-regulator.o
  CC [M]  drivers/scsi/fcoe/fcoe.o
  CC [M]  drivers/gpu/drm/mgag200/mgag200_i2c.o
  CC [M]  net/rose/rose_out.o
  CC [M]  drivers/message/fusion/mptctl.o
  CC [M]  net/ipv6/ip6_udp_tunnel.o
  CC [M]  drivers/gpu/drm/i915/intel_clock_gating.o
  CC [M]  net/netrom/nr_subr.o
  CC [M]  drivers/gpu/drm/radeon/radeon_gart.o
  CC      drivers/mfd/tps65090.o
  CC      drivers/acpi/ioapic.o
  CC [M]  drivers/spi/spi-cadence.o
  CC [M]  drivers/misc/mei/bus.o
  CC      lib/crc64.o
  CC      drivers/ata/libata-zpodd.o
  CC [M]  drivers/net/mdio/mdio-bcm-unimac.o
  LD [M]  drivers/scsi/libfc/libfc.o
  CC      kernel/relay.o
  CC [M]  fs/lockd/procfs.o
  CC [M]  drivers/gpu/drm/i915/intel_device_info.o
  CC [M]  net/x25/x25_forward.o
  CC [M]  drivers/regulator/rtmv20-regulator.o
  CC [M]  fs/nfs/export.o
  LD [M]  drivers/nvme/target/nvmet.o
  CC [M]  sound/soc/codecs/pcm3060-i2c.o
  CC [M]  net/ipv4/udp_tunnel_core.o
  CC [M]  net/bridge/br_arp_nd_proxy.o
  CC [M]  drivers/gpu/drm/mgag200/mgag200_mode.o
  LD [M]  drivers/nvme/target/nvme-loop.o
  LD [M]  drivers/nvme/target/nvmet-rdma.o
  AR      lib/lib.a
  LD [M]  drivers/nvme/target/nvmet-fc.o
  CC [M]  net/rose/rose_route.o
  LD [M]  drivers/nvme/target/nvmet-tcp.o
  AR      lib/built-in.a
  CC      drivers/mfd/aat2870-core.o
  AR      drivers/firewire/built-in.a
  CC      drivers/acpi/battery.o
  CC [M]  drivers/firewire/core-card.o
  CC [M]  drivers/net/mdio/mdio-bitbang.o
  CC [M]  drivers/spi/spi-dln2.o
  CC [M]  net/netrom/nr_timer.o
  CC [M]  drivers/gpu/drm/radeon/radeon_legacy_crtc.o
  CC [M]  drivers/gpu/drm/amd/amdgpu/amdgpu_gart.o
  CC      drivers/ata/libata-pata-timings.o
  CC [M]  drivers/gpu/drm/amd/amdgpu/amdgpu_encoders.o
  LD [M]  fs/lockd/lockd.o
  CC [M]  net/netrom/sysctl_net_netrom.o
  CC      kernel/utsname_sysctl.o
  CC [M]  net/x25/sysctl_net_x25.o
  CC [M]  drivers/message/fusion/mptlan.o
  CC [M]  sound/soc/codecs/pcm3060-spi.o
  CC [M]  drivers/regulator/rtq2134-regulator.o
  CC [M]  drivers/scsi/fnic/fnic_attrs.o
  CC [M]  drivers/misc/mei/bus-fixup.o
  CC [M]  drivers/scsi/fcoe/fcoe_ctlr.o
  CC [M]  drivers/gpu/drm/i915/intel_memory_region.o
  CC [M]  drivers/gpu/drm/i915/intel_pcode.o
  CC      drivers/mfd/palmas.o
  AR      net/ipv6/built-in.a
  CC [M]  drivers/spi/spi-dw-core.o
  CC [M]  drivers/gpu/drm/i915/intel_region_ttm.o
  LD [M]  drivers/gpu/drm/mgag200/mgag200.o
  CC      kernel/delayacct.o
  CC [M]  net/ipv4/udp_tunnel_nic.o
  CC      drivers/net/phy/linkmode.o
  CC [M]  net/bridge/br_sysfs_if.o
  CC [M]  fs/nfs/sysfs.o
  CC [M]  drivers/scsi/fcoe/fcoe_transport.o
  CC [M]  net/rose/rose_subr.o
  LD [M]  net/netrom/netrom.o
  CC [M]  drivers/net/mdio/mdio-cavium.o
  CC [M]  drivers/firewire/core-cdev.o
  CC [M]  drivers/firewire/core-device.o
  CC [M]  drivers/regulator/rtq6752-regulator.o
  CC [M]  drivers/gpu/drm/amd/amdgpu/amdgpu_display.o
  CC [M]  drivers/misc/mei/debugfs.o
  LD [M]  net/x25/x25.o
  CC [M]  drivers/gpu/drm/radeon/radeon_legacy_encoders.o
  CC [M]  sound/soc/codecs/pcm3168a.o
  CC [M]  drivers/gpu/drm/i915/intel_runtime_pm.o
  CC [M]  drivers/scsi/fnic/fnic_isr.o
  CC      drivers/acpi/hed.o
  CC [M]  drivers/nvme/host/tcp.o
  CC      drivers/ata/ata_piix.o
  CC      kernel/taskstats.o
  CC [M]  drivers/scsi/fcoe/fcoe_sysfs.o
  CC [M]  drivers/firewire/core-iso.o
  CC      drivers/mfd/rc5t583.o
  CC [M]  fs/hpfs/alloc.o
  CC [M]  drivers/misc/mei/mei-trace.o
  CC [M]  fs/nfsd/nfs4state.o
  AR      drivers/message/built-in.a
  CC [M]  drivers/gpu/drm/vmwgfx/vmwgfx_execbuf.o
  CC [M]  drivers/gpu/drm/vgem/vgem_drv.o
  CC [M]  drivers/regulator/sky81452-regulator.o
  CC      drivers/net/phy/mdio_bus.o
  CC [M]  fs/smb/client/dir.o
  CC [M]  net/netfilter/nft_chain_filter.o
  CC [M]  drivers/scsi/snic/snic_attrs.o
  CC [M]  net/bridge/br_sysfs_br.o
  CC      drivers/acpi/bgrt.o
  CC [M]  net/rose/rose_timer.o
  CC [M]  drivers/net/mdio/mdio-gpio.o
  CC [M]  drivers/spi/spi-dw-dma.o
  CC [M]  net/ipv4/ip_vti.o
  CC      kernel/tsacct.o
  CC [M]  drivers/gpu/drm/i915/intel_sbi.o
  CC [M]  drivers/scsi/fnic/fnic_main.o
  CC      drivers/ata/pata_sis.o
  CC [M]  drivers/scsi/bnx2fc/bnx2fc_els.o
  CC [M]  drivers/net/mdio/mdio-i2c.o
  CC [M]  drivers/firewire/core-topology.o
  CC      drivers/acpi/cppc_acpi.o
  CC [M]  drivers/regulator/slg51000-regulator.o
  CC [M]  fs/hpfs/anode.o
  CC [M]  fs/nfs/fs_context.o
  CC [M]  drivers/scsi/fnic/fnic_res.o
  CC [M]  drivers/gpu/drm/radeon/radeon_connectors.o
  CC [M]  drivers/gpu/drm/vgem/vgem_fence.o
  CC [M]  sound/soc/codecs/pcm3168a-i2c.o
  CC      drivers/mfd/rc5t583-irq.o
  CC      kernel/tracepoint.o
  CC [M]  drivers/gpu/drm/amd/amdgpu/amdgpu_i2c.o
  CC [M]  drivers/scsi/snic/snic_main.o
  CC [M]  drivers/misc/mei/pci-me.o
  CC [M]  drivers/scsi/snic/snic_res.o
  CC      drivers/acpi/spcr.o
  CC [M]  net/rose/sysctl_net_rose.o
  LD [M]  drivers/scsi/fcoe/libfcoe.o
  CC [M]  drivers/gpu/drm/i915/intel_step.o
  CC [M]  drivers/gpu/drm/amd/amdgpu/amdgpu_gem.o
  LD [M]  drivers/gpu/drm/vgem/vgem.o
  CC [M]  net/bridge/br_nf_core.o
  CC [M]  net/netfilter/nf_tables_trace.o
  CC [M]  fs/smb/server/unicode.o
  CC [M]  net/ipv4/ah4.o
  CC [M]  drivers/spi/spi-dw-mmio.o
  CC [M]  drivers/regulator/tps6105x-regulator.o
  CC      drivers/mfd/syscon.o
  CC [M]  sound/soc/codecs/pcm3168a-spi.o
  CC [M]  drivers/misc/mei/hw-me.o
  CC [M]  drivers/gpu/drm/vmwgfx/vmwgfx_gmr.o
  CC [M]  fs/hpfs/buffer.o
  CC [M]  fs/smb/client/file.o
  CC [M]  drivers/firewire/core-transaction.o
  CC [M]  drivers/scsi/bnx2fc/bnx2fc_fcoe.o
  LD [M]  drivers/nvme/host/nvme-core.o
  CC      drivers/ata/ata_generic.o
  CC [M]  drivers/scsi/fnic/fnic_fcs.o
  CC [M]  net/ax25/ax25_addr.o
  LD [M]  drivers/nvme/host/nvme.o
  LD [M]  drivers/nvme/host/nvme-fabrics.o
  LD [M]  drivers/nvme/host/nvme-rdma.o
  LD [M]  drivers/nvme/host/nvme-fc.o
  LD [M]  drivers/nvme/host/nvme-tcp.o
  AR      drivers/nvme/built-in.a
  LD [M]  net/rose/rose.o
  CC [M]  drivers/net/mdio/mdio-mscc-miim.o
  CC      kernel/irq_work.o
  CC [M]  net/ax25/ax25_dev.o
  CC [M]  net/can/j1939/address-claim.o
  CC      drivers/net/phy/mdio_device.o
  CC [M]  fs/nfsd/nfs4idmap.o
  CC [M]  fs/smb/server/auth.o
  CC [M]  drivers/scsi/qedf/qedf_dbg.o
  CC [M]  drivers/scsi/snic/snic_isr.o
  CC [M]  drivers/regulator/tps62360-regulator.o
  CC [M]  drivers/gpu/drm/i915/intel_uncore.o
  CC      drivers/acpi/acpi_dbg.o
  CC [M]  drivers/gpu/drm/radeon/radeon_encoders.o
  CC [M]  drivers/scsi/fnic/fnic_scsi.o
  CC [M]  drivers/spi/spi-dw-pci.o
  CC      drivers/mfd/as3711.o
  CC [M]  sound/soc/codecs/pcm5102a.o
  CC [M]  fs/hpfs/dentry.o
  CC [M]  drivers/gpu/drm/vmwgfx/vmwgfx_kms.o
  CC [M]  net/bridge/br_multicast.o
  CC [M]  drivers/ata/ahci.o
  CC [M]  drivers/gpu/drm/amd/amdgpu/amdgpu_ring.o
  CC [M]  net/ipv4/esp4.o
  CC [M]  drivers/regulator/tps65023-regulator.o
  CC [M]  fs/hpfs/dir.o
  CC [M]  drivers/spi/spi-gpio.o
  CC [M]  net/can/j1939/bus.o
  CC [M]  drivers/scsi/snic/snic_ctl.o
  CC [M]  net/netfilter/nft_immediate.o
  CC [M]  drivers/firewire/ohci.o
  CC [M]  net/bridge/br_mdb.o
  CC [M]  drivers/scsi/qedf/qedf_main.o
  CC [M]  sound/soc/codecs/pcm512x.o
  CC      kernel/static_call.o
  CC      drivers/mfd/intel_soc_pmic_crc.o
  CC      drivers/acpi/viot.o
  CC [M]  fs/nfs/sysctl.o
  CC [M]  drivers/gpu/drm/radeon/radeon_display.o
  CC      drivers/net/phy/swphy.o
  CC [M]  drivers/net/mdio/mdio-mvusb.o
  CC [M]  net/can/j1939/main.o
  CC [M]  drivers/misc/mei/pci-txe.o
  CC [M]  net/can/j1939/socket.o
  CC [M]  net/ax25/ax25_iface.o
  CC [M]  drivers/scsi/bnx2fc/bnx2fc_hwi.o
  CC [M]  drivers/ata/libahci.o
  CC [M]  fs/smb/server/vfs.o
  CC [M]  drivers/regulator/tps6507x-regulator.o
  CC [M]  fs/hpfs/dnode.o
  CC      kernel/static_call_inline.o
  CC      drivers/mfd/intel_soc_pmic_chtwc.o
  CC [M]  drivers/scsi/snic/snic_io.o
  CC [M]  drivers/acpi/acpi_ipmi.o
  CC [M]  drivers/gpu/drm/amd/amdgpu/amdgpu_cs.o
  CC [M]  fs/nfs/fscache.o
  CC [M]  drivers/spi/spi-lantiq-ssc.o
  CC [M]  drivers/net/mdio/mdio-regmap.o
  CC [M]  net/netfilter/nft_cmp.o
  CC [M]  drivers/misc/mei/hw-txe.o
  CC [M]  drivers/ata/acard-ahci.o
  CC [M]  drivers/gpu/drm/vmwgfx/vmwgfx_drv.o
  CC [M]  drivers/scsi/fnic/fnic_trace.o
  CC      drivers/net/phy/phy_led_triggers.o
  CC [M]  drivers/regulator/tps65086-regulator.o
  CC [M]  drivers/mfd/88pm800.o
  CC [M]  drivers/scsi/bnx2fc/bnx2fc_io.o
  CC      kernel/user-return-notifier.o
  CC [M]  drivers/gpu/drm/i915/intel_wakeref.o
  CC [M]  drivers/acpi/acpi_video.o
  CC [M]  drivers/scsi/arcmsr/arcmsr_attr.o
  CC [M]  net/can/j1939/transport.o
  CC [M]  sound/soc/codecs/pcm512x-i2c.o
  CC [M]  drivers/firewire/sbp2.o
  CC [M]  drivers/scsi/snic/snic_scsi.o
  CC [M]  drivers/spi/spi-lm70llp.o
  CC [M]  drivers/gpu/drm/radeon/radeon_cursor.o
  CC [M]  net/ax25/ax25_in.o
  CC      kernel/padata.o
  LD [M]  drivers/misc/mei/mei.o
  CC [M]  net/netfilter/nft_range.o
  CC [M]  fs/hpfs/ea.o
  LD [M]  drivers/misc/mei/mei-me.o
  LD [M]  drivers/misc/mei/mei-txe.o
  CC [M]  sound/soc/sof/intel/atom.o
  CC [M]  drivers/net/mdio/mdio-thunder.o
  CC [M]  drivers/regulator/tps65090-regulator.o
  CC [M]  drivers/gpu/drm/vkms/vkms_drv.o
  CC [M]  drivers/misc/vmw_vmci/vmci_context.o
  CC [M]  net/ipv4/esp4_offload.o
  CC [M]  drivers/scsi/fnic/fnic_debugfs.o
  CC [M]  drivers/scsi/qedf/qedf_io.o
  CC [M]  drivers/mfd/88pm80x.o
  CC [M]  fs/smb/server/vfs_cache.o
  CC [M]  drivers/scsi/arcmsr/arcmsr_hba.o
  CC [M]  drivers/gpu/drm/vmwgfx/vmwgfx_ioctl.o
  CC [M]  drivers/spi/spi-mxic.o
  CC [M]  sound/soc/codecs/pcm512x-spi.o
  CC [M]  drivers/gpu/drm/i915/vlv_sideband.o
  CC      drivers/net/phy/mii_timestamper.o
  CC [M]  drivers/gpu/drm/amd/amdgpu/amdgpu_bios.o
  CC [M]  drivers/ata/ahci_platform.o
  CC [M]  drivers/gpu/drm/radeon/radeon_i2c.o
  CC [M]  drivers/gpu/drm/vkms/vkms_plane.o
  CC [M]  fs/hpfs/file.o
  CC [M]  fs/nfsd/nfs4acl.o
  CC [M]  drivers/firewire/net.o
  CC [M]  net/ax25/ax25_ip.o
  CC [M]  net/netfilter/nft_bitwise.o
  CC [M]  drivers/regulator/tps6524x-regulator.o
  CC [M]  drivers/scsi/bnx2fc/bnx2fc_tgt.o
  AR      drivers/net/mdio/built-in.a
  CC      kernel/crash_dump.o
  CC [M]  drivers/scsi/bnx2fc/bnx2fc_debug.o
  CC [M]  fs/nfs/nfs2super.o
  CC [M]  sound/soc/codecs/rk3328_codec.o
  CC [M]  drivers/scsi/fnic/vnic_cq.o
  CC [M]  net/ipv4/ipcomp.o
  CC [M]  drivers/gpu/drm/vmwgfx/vmwgfx_resource.o
  CC [M]  fs/smb/client/inode.o
  CC [M]  drivers/mfd/88pm805.o
  CC [M]  sound/soc/sof/intel/byt.o
  CC [M]  drivers/spi/spi-oc-tiny.o
  LD [M]  net/can/j1939/can-j1939.o
  CC [M]  drivers/misc/vmw_vmci/vmci_datagram.o
  CC [M]  drivers/acpi/video_detect.o
  CC [M]  net/can/af_can.o
  CC [M]  drivers/gpu/drm/vkms/vkms_output.o
  CC [M]  drivers/ata/libahci_platform.o
  CC [M]  fs/hpfs/inode.o
  CC [M]  drivers/scsi/snic/snic_disc.o
  CC [M]  drivers/gpu/drm/i915/vlv_suspend.o
  CC [M]  fs/smb/server/server.o
  CC [M]  drivers/regulator/tps6586x-regulator.o
  CC [M]  net/bridge/br_multicast_eht.o
  CC [M]  drivers/scsi/fnic/vnic_dev.o
  CC [M]  drivers/gpu/drm/amd/amdgpu/amdgpu_benchmark.o
  CC      drivers/net/phy/sfp-bus.o
  CC [M]  drivers/scsi/fnic/vnic_intr.o
  CC      kernel/jump_label.o
  CC [M]  sound/soc/codecs/rl6231.o
  LD [M]  drivers/scsi/bnx2fc/bnx2fc.o
  CC [M]  fs/nfs/proc.o
  CC [M]  drivers/scsi/qedf/qedf_fip.o
  CC [M]  fs/nfsd/nfs4callback.o
  CC [M]  drivers/gpu/drm/radeon/radeon_clocks.o
  CC [M]  drivers/mfd/sm501.o
  CC [M]  drivers/gpu/drm/vmwgfx/vmwgfx_ttm_buffer.o
  CC [M]  drivers/firewire/nosy.o
  CC [M]  drivers/gpu/drm/vkms/vkms_formats.o
  CC [M]  drivers/spi/spi-pxa2xx.o
  CC [M]  drivers/misc/vmw_vmci/vmci_doorbell.o
  CC [M]  sound/soc/sof/intel/bdw.o
  CC [M]  net/ipv4/xfrm4_tunnel.o
  CC [M]  fs/hpfs/map.o
  LD [M]  drivers/scsi/arcmsr/arcmsr.o
  CC [M]  net/ax25/ax25_out.o
  AR      drivers/net/pcs/built-in.a
  CC [M]  drivers/gpu/drm/i915/soc/intel_dram.o
  CC [M]  drivers/net/pcs/pcs-xpcs.o
  CC [M]  drivers/regulator/tps65910-regulator.o
  CC [M]  drivers/misc/vmw_vmci/vmci_driver.o
  CC [M]  net/netfilter/nft_byteorder.o
  CC [M]  net/bridge/br_vlan.o
  CC [M]  drivers/scsi/snic/vnic_cq.o
  CC [M]  sound/soc/codecs/rl6347a.o
  CC [M]  drivers/scsi/fnic/vnic_rq.o
  CC [M]  drivers/acpi/acpi_tad.o
  CC [M]  drivers/gpu/drm/amd/amdgpu/atombios_dp.o
  CC [M]  fs/smb/server/ndr.o
  CC [M]  drivers/gpu/drm/vmwgfx/vmwgfx_cmd.o
  CC [M]  drivers/gpu/drm/vkms/vkms_crtc.o
  CC [M]  drivers/scsi/snic/vnic_intr.o
  LD [M]  drivers/firewire/firewire-core.o
  CC      kernel/context_tracking.o
  LD [M]  drivers/firewire/firewire-ohci.o
  CC [M]  drivers/acpi/platform_profile.o
  CC [M]  drivers/scsi/qedf/qedf_attr.o
  LD [M]  drivers/firewire/firewire-sbp2.o
  CC [M]  fs/hpfs/name.o
  LD [M]  drivers/firewire/firewire-net.o
  CC [M]  drivers/gpu/drm/radeon/radeon_gem.o
  CC [M]  sound/soc/sof/intel/hda.o
  CC [M]  fs/hpfs/namei.o
  CC [M]  drivers/misc/vmw_vmci/vmci_event.o
  CC [M]  drivers/ata/sata_inic162x.o
  CC [M]  net/can/proc.o
  CC [M]  fs/nfs/nfs2xdr.o
  CC [M]  net/ipv4/tunnel4.o
  CC [M]  drivers/misc/vmw_vmci/vmci_guest.o
  CC [M]  drivers/regulator/tps65912-regulator.o
  CC [M]  net/netfilter/nft_payload.o
  CC [M]  drivers/spi/spi-pxa2xx-dma.o
  CC [M]  drivers/scsi/fnic/vnic_wq_copy.o
  CC      drivers/net/phy/bcm84881.o
  CC [M]  drivers/gpu/drm/i915/soc/intel_gmch.o
  CC [M]  drivers/scsi/snic/vnic_dev.o
  CC [M]  fs/nfsd/nfs4recover.o
  CC [M]  fs/smb/server/misc.o
  CC [M]  drivers/mfd/bcm590xx.o
  CC [M]  fs/nfs/nfs3super.o
  CC [M]  drivers/gpu/drm/vkms/vkms_composer.o
  CC      drivers/vfio/pci/vfio_pci_core.o
  CC [M]  drivers/acpi/sbshc.o
  CC      drivers/cdrom/cdrom.o
  CC [M]  fs/smb/client/link.o
  CC [M]  drivers/net/pcs/pcs-xpcs-nxp.o
  CC [M]  net/ax25/ax25_route.o
  CC [M]  drivers/gpu/drm/vmwgfx/vmwgfx_irq.o
  CC [M]  drivers/gpu/drm/amd/amdgpu/amdgpu_afmt.o
  CC [M]  fs/hpfs/super.o
  CC [M]  drivers/scsi/fnic/vnic_wq.o
  CC [M]  drivers/scsi/qedf/qedf_els.o
  CC      kernel/iomem.o
  CC [M]  sound/soc/codecs/rt1011.o
  CC [M]  drivers/regulator/tps65132-regulator.o
  CC [M]  net/can/raw.o
  CC [M]  drivers/spi/spi-pxa2xx-pci.o
  CC [M]  drivers/ata/sata_sil24.o
  CC      drivers/net/phy/fixed_phy.o
  CC [M]  drivers/gpu/drm/radeon/radeon_ring.o
  CC [M]  drivers/gpu/drm/i915/soc/intel_pch.o
  CC [M]  drivers/scsi/snic/vnic_wq.o
  CC [M]  drivers/mfd/bd9571mwv.o
  CC [M]  drivers/misc/vmw_vmci/vmci_handle_array.o
  CC [M]  drivers/gpu/drm/vkms/vkms_writeback.o
  CC [M]  drivers/spi/spi-sc18is602.o
  CC [M]  drivers/net/pcs/pcs-xpcs-wx.o
  LD [M]  drivers/scsi/fnic/fnic.o
  CC [M]  fs/nfs/nfs3client.o
  CC [M]  net/netfilter/nft_lookup.o
  CC [M]  drivers/acpi/sbs.o
  CC [M]  drivers/gpu/drm/amd/amdgpu/amdgpu_trace_points.o
  CC [M]  net/bluetooth/rfcomm/core.o
  CC [M]  fs/smb/server/oplock.o
  CC [M]  drivers/gpu/drm/vmwgfx/vmwgfx_ldu.o
  CC [M]  drivers/regulator/twl-regulator.o
  CC [M]  net/ipv4/inet_diag.o
  CC [M]  fs/nfs/nfs3proc.o
  LD [M]  fs/hpfs/hpfs.o
  CC [M]  net/ax25/ax25_std_in.o
  CC [M]  drivers/misc/vmw_vmci/vmci_host.o
  CC [M]  drivers/mfd/cros_ec_dev.o
  CC      kernel/rseq.o
  LD [M]  drivers/scsi/snic/snic.o
  CC [M]  drivers/ata/sata_dwc_460ex.o
  CC [M]  drivers/gpu/drm/radeon/radeon_irq_kms.o
  CC [M]  sound/soc/codecs/rt1015.o
  CC [M]  fs/smb/client/misc.o
  CC [M]  drivers/gpu/drm/radeon/radeon_cs.o
  CC [M]  net/can/bcm.o
  CC [M]  drivers/scsi/qedf/drv_scsi_fw_funcs.o
  LD [M]  drivers/gpu/drm/vkms/vkms.o
  AR      drivers/auxdisplay/built-in.a
  CC [M]  drivers/net/pcs/pcs-lynx.o
  CC [M]  drivers/auxdisplay/charlcd.o
  CC [M]  fs/nfsd/nfs4layouts.o
  CC [M]  sound/soc/sof/intel/hda-loader.o
  CC [M]  drivers/scsi/qedf/drv_fcoe_fw_funcs.o
  CC [M]  net/bridge/br_vlan_tunnel.o
  CC [M]  drivers/acpi/ec_sys.o
  CC [M]  drivers/spi/spi-sifive.o
  CC [M]  drivers/gpu/drm/i915/i915_memcpy.o
  CC [M]  drivers/mfd/lp873x.o
  CC [M]  drivers/net/phy/phylink.o
  CC [M]  drivers/auxdisplay/hd44780_common.o
  CC [M]  drivers/regulator/twl6030-regulator.o
  CC      drivers/vfio/pci/vfio_pci_intrs.o
  CC [M]  drivers/misc/vmw_vmci/vmci_queue_pair.o
  CC [M]  drivers/gpu/drm/i915/i915_mm.o
  CC [M]  drivers/gpu/drm/vmwgfx/vmwgfx_overlay.o
  CC [M]  net/ax25/ax25_std_subr.o
  CC      kernel/watch_queue.o
  CC [M]  drivers/acpi/acpi_pad.o
  CC [M]  net/netfilter/nft_dynset.o
  CC [M]  drivers/spi/spi-tle62x0.o
  CC [M]  drivers/scsi/qedf/qedf_debugfs.o
  CC [M]  sound/soc/codecs/rt1015p.o
  AR      drivers/cdrom/built-in.a
  CC [M]  drivers/ata/pdc_adma.o
  CC [M]  drivers/gpu/drm/radeon/radeon_bios.o
  CC [M]  drivers/gpu/drm/vmwgfx/vmwgfx_gmrid_manager.o
  CC      drivers/vfio/pci/vfio_pci_rdwr.o
  CC [M]  fs/nfs/nfs3xdr.o
  CC [M]  drivers/mfd/tqmx86.o
  CC [M]  sound/soc/sof/intel/hda-stream.o
  CC [M]  drivers/misc/vmw_vmci/vmci_resource.o
  CC [M]  drivers/auxdisplay/ks0108.o
  CC [M]  fs/smb/server/connection.o
  CC [M]  drivers/regulator/wm831x-dcdc.o
  CC [M]  net/bridge/br_vlan_options.o
  CC [M]  drivers/net/pcs/pcs-mtk-lynxi.o
  CC [M]  drivers/gpu/drm/nouveau/nvif/object.o
  CC [M]  drivers/gpu/drm/nouveau/nvif/client.o
  CC      drivers/vfio/pci/vfio_pci_config.o
  CC [M]  net/ax25/ax25_std_timer.o
  CC [M]  drivers/gpu/drm/i915/i915_sw_fence.o
  CC [M]  fs/nfsd/blocklayout.o
  CC [M]  net/can/gw.o
  CC [M]  net/bluetooth/rfcomm/sock.o
  CC [M]  drivers/spi/spi-xcomm.o
  CC [M]  drivers/gpu/drm/amd/amdgpu/atombios_encoders.o
  CC [M]  sound/soc/codecs/rt1308.o
  CC [M]  drivers/vfio/mdev/mdev_core.o
  CC [M]  fs/smb/client/netmisc.o
  CC [M]  drivers/acpi/acpi_extlog.o
  CC [M]  drivers/gpu/drm/vmwgfx/vmwgfx_fence.o
  CC [M]  drivers/mfd/arizona-core.o
  CC [M]  drivers/auxdisplay/cfag12864b.o
  CC [M]  net/ipv4/tcp_diag.o
  CC [M]  net/netfilter/nft_meta.o
  LD [M]  drivers/scsi/qedf/qedf.o
  CC [M]  drivers/ata/sata_qstor.o
  CHK     kernel/kheaders_data.tar.xz
  COPY    drivers/scsi/aic7xxx/aic7xxx_seq.h
  COPY    drivers/scsi/aic7xxx/aic7xxx_reg.h
  CC [M]  drivers/gpu/drm/vmwgfx/vmwgfx_bo.o
  COPY    drivers/scsi/aic7xxx/aic7xxx_reg_print.c
  CC [M]  drivers/gpu/drm/i915/i915_sw_fence_work.o
  CC [M]  drivers/gpu/drm/radeon/radeon_benchmark.o
  CC [M]  drivers/scsi/aic7xxx/aic7xxx_osm.o
  GEN     kernel/kheaders_data.tar.xz
  CC [M]  drivers/regulator/wm831x-isink.o
  HOSTCC  drivers/gpu/drm/radeon/mkregtable
  CC [M]  drivers/gpu/drm/nouveau/nvif/conn.o
  CC [M]  sound/soc/sof/intel/hda-trace.o
  CC [M]  drivers/misc/vmw_vmci/vmci_route.o
  CC [M]  net/ax25/ax25_subr.o
  CC [M]  fs/smb/server/ksmbd_work.o
  CC [M]  drivers/auxdisplay/cfag12864bfb.o
  CC [M]  drivers/gpu/drm/i915/i915_syncmap.o
  CC [M]  drivers/vfio/mdev/mdev_sysfs.o
  LD [M]  drivers/net/pcs/pcs_xpcs.o
  CC [M]  drivers/spi/spi-zynqmp-gqspi.o
  CC [M]  drivers/acpi/acpi_configfs.o
  LD [M]  drivers/misc/vmw_vmci/vmw_vmci.o
  CC [M]  fs/nfsd/blocklayoutxdr.o
  CC [M]  drivers/auxdisplay/img-ascii-lcd.o
  CC [M]  drivers/misc/genwqe/card_base.o
  CC [M]  net/bridge/br_mst.o
  CC [M]  sound/soc/codecs/rt1308-sdw.o
  CC      drivers/vfio/pci/vfio_pci.o
  CC [M]  fs/nfs/nfs3acl.o
  CC [M]  drivers/ata/sata_sx4.o
  CC [M]  net/bluetooth/rfcomm/tty.o
  CC [M]  drivers/mfd/arizona-irq.o
  CC [M]  drivers/misc/genwqe/card_dev.o
  CC [M]  drivers/regulator/wm831x-ldo.o
  CC [M]  drivers/gpu/drm/nouveau/nvif/device.o
  CC [M]  net/can/isotp.o
  CC [M]  fs/smb/client/smbencrypt.o
  CC [M]  drivers/gpu/drm/i915/i915_user_extensions.o
  CC [M]  drivers/gpu/drm/vmwgfx/vmwgfx_scrn.o
  CC [M]  drivers/gpu/drm/radeon/rs400.o
  CC [M]  drivers/vfio/mdev/mdev_driver.o
  CC [M]  drivers/net/phy/sfp.o
  CC [M]  sound/soc/sof/intel/hda-dsp.o
  CC [M]  net/ipv4/udp_diag.o
  CC [M]  drivers/misc/genwqe/card_ddcb.o
  CC [M]  net/ax25/ax25_timer.o
  CC [M]  drivers/auxdisplay/hd44780.o
  LD [M]  drivers/acpi/video.o
  AR      drivers/acpi/built-in.a
  CC [M]  drivers/gpu/drm/i915/i915_ioc32.o
  CC [M]  fs/smb/client/transport.o
  CC [M]  drivers/misc/genwqe/card_sysfs.o
  CC [M]  drivers/gpu/drm/amd/amdgpu/amdgpu_sa.o
  CC      drivers/vfio/pci/vfio_pci_igd.o
  CC [M]  drivers/scsi/aic7xxx/aic7xxx_proc.o
  CC [M]  drivers/spi/spi-amd.o
  CC [M]  fs/smb/server/crypto_ctx.o
  CC [M]  drivers/gpu/drm/vmwgfx/vmwgfx_context.o
  CC [M]  sound/soc/codecs/rt1316-sdw.o
  CC [M]  fs/nfsd/flexfilelayout.o
  CC [M]  drivers/gpu/drm/nouveau/nvif/disp.o
  CC [M]  drivers/regulator/wm8350-regulator.o
  CC [M]  net/netfilter/nft_rt.o
  CC [M]  drivers/auxdisplay/panel.o
  CC [M]  drivers/ata/sata_mv.o
  CC [M]  net/bridge/br_switchdev.o
  CC [M]  fs/nfs/nfs4proc.o
  MKREG   drivers/gpu/drm/radeon/rs600_reg_safe.h
  CC [M]  drivers/gpu/drm/radeon/rs690.o
  LD [M]  drivers/vfio/mdev/mdev.o
  CC [M]  fs/smb/client/cached_dir.o
  CC [M]  drivers/mfd/wm5102-tables.o
  CC [M]  drivers/scsi/aic7xxx/aic7xxx_osm_pci.o
  CC [M]  net/ipv4/raw_diag.o
  CC [M]  drivers/net/phy/adin.o
  CC [M]  drivers/misc/genwqe/card_debugfs.o
  CC [M]  drivers/net/phy/amd.o
  CC [M]  fs/smb/server/mgmt/ksmbd_ida.o
  CC [M]  drivers/gpu/drm/i915/i915_debugfs.o
  AR      drivers/vfio/pci/built-in.a
  LD [M]  net/bluetooth/rfcomm/rfcomm.o
  CC      drivers/vfio/vfio_main.o
  CC [M]  drivers/gpu/drm/nouveau/nvif/driver.o
  CC [M]  sound/soc/sof/intel/hda-ipc.o
  CC [M]  drivers/spi/spi-slave-time.o
  CC [M]  net/bluetooth/bnep/core.o
  CC [M]  net/bluetooth/bnep/sock.o
  CC [M]  drivers/gpu/drm/amd/amdgpu/atombios_i2c.o
  CC [M]  net/bluetooth/bnep/netdev.o
  CC [M]  sound/soc/codecs/rt1318-sdw.o
  LD [M]  net/can/can.o
  LD [M]  net/can/can-raw.o
  LD [M]  net/can/can-bcm.o
  LD [M]  net/can/can-gw.o
  CC [M]  drivers/gpu/drm/vmwgfx/vmwgfx_surface.o
  CC [M]  fs/nfsd/flexfilelayoutxdr.o
  LD [M]  net/can/can-isotp.o
  CC [M]  fs/smb/server/mgmt/user_config.o
  CC [M]  net/ax25/ax25_uid.o
  AR      drivers/net/ethernet/3com/built-in.a
  CC [M]  drivers/net/ethernet/3com/3c589_cs.o
  CC [M]  drivers/auxdisplay/lcd2s.o
  CC [M]  drivers/net/fddi/skfp/skfddi.o
  COPY    drivers/scsi/aic7xxx/aic79xx_seq.h
  COPY    drivers/scsi/aic7xxx/aic79xx_reg.h
  COPY    drivers/scsi/aic7xxx/aic79xx_reg_print.c
  CC [M]  drivers/scsi/aic7xxx/aic79xx_osm.o
  CC [M]  net/netfilter/nft_exthdr.o
  AR      drivers/net/hamradio/built-in.a
  CC [M]  drivers/net/hamradio/mkiss.o
  CC [M]  drivers/misc/genwqe/card_utils.o
  CC [M]  drivers/gpu/drm/nouveau/nvif/event.o
  CC [M]  drivers/spi/spi-slave-system-control.o
  MKREG   drivers/gpu/drm/radeon/rv515_reg_safe.h
  CC [M]  drivers/gpu/drm/radeon/r520.o
  CC [M]  net/ipv4/tcp_bbr.o
  CC [M]  drivers/net/phy/aquantia_main.o
  CC [M]  sound/soc/sof/intel/hda-ctrl.o
  CC [M]  drivers/regulator/wm8400-regulator.o
  CC [M]  drivers/mfd/wm5110-tables.o
  CC [M]  fs/smb/server/mgmt/share_config.o
  CC [M]  net/bridge/br_mrp_switchdev.o
  CC [M]  net/bridge/br_mrp.o
  CC [M]  sound/soc/codecs/rt286.o
  CC [M]  net/bridge/br_mrp_netlink.o
  CC [M]  net/bridge/br_cfm.o
  CC [M]  drivers/gpu/drm/i915/i915_debugfs_params.o
  CC [M]  fs/smb/client/cifs_unicode.o
  CC [M]  drivers/gpu/drm/amd/amdgpu/amdgpu_dma_buf.o
  CC [M]  drivers/auxdisplay/line-display.o
  LD [M]  fs/nfsd/nfsd.o
  LD [M]  net/bluetooth/bnep/bnep.o
  CC [M]  drivers/gpu/drm/nouveau/nvif/fifo.o
  CC [M]  net/bluetooth/cmtp/core.o
  CC [M]  drivers/net/ethernet/3com/3c574_cs.o
  CC [M]  fs/smb/client/nterr.o
  CC [M]  drivers/ata/sata_nv.o
  CC [M]  drivers/gpu/drm/vmwgfx/vmwgfx_prime.o
  CC [M]  fs/smb/server/mgmt/tree_connect.o
  LD [M]  drivers/spi/spi-dw.o
  LD [M]  drivers/misc/genwqe/genwqe_card.o
  LD [M]  drivers/spi/spi-pxa2xx-platform.o
  CC      drivers/vfio/iova_bitmap.o
  CC [M]  drivers/net/fddi/skfp/hwmtm.o
  CC [M]  sound/soc/sof/intel/hda-pcm.o
  AR      drivers/spi/built-in.a
  CC [M]  drivers/net/fddi/skfp/fplustm.o
  CC [M]  drivers/misc/echo/echo.o
  CC [M]  drivers/net/hamradio/6pack.o
  CC [M]  drivers/net/phy/aquantia_hwmon.o
  CC [M]  drivers/gpu/drm/radeon/r600.o
  CC [M]  net/ax25/af_ax25.o
  CC [M]  net/netfilter/nft_last.o
  CC [M]  net/ax25/ax25_ds_in.o
  CC [M]  drivers/net/phy/at803x.o
  CC [M]  drivers/regulator/wm8994-regulator.o
  CC [M]  drivers/gpu/drm/i915/display/intel_display_debugfs.o
  CC [M]  sound/soc/codecs/rt298.o
  CC [M]  drivers/net/hamradio/yam.o
  CC [M]  drivers/scsi/aic7xxx/aic79xx_proc.o
  CC [M]  net/ipv4/tcp_bic.o
  CC [M]  drivers/mfd/wm8997-tables.o
  CC [M]  drivers/gpu/drm/nouveau/nvif/head.o
  CC [M]  drivers/gpu/drm/amd/amdgpu/amdgpu_vm.o
  CC [M]  fs/smb/client/cifsencrypt.o
  CC      drivers/vfio/group.o
  CC [M]  drivers/gpu/drm/vmwgfx/vmwgfx_mob.o
  CC [M]  fs/nfs/nfs4xdr.o
  CC [M]  net/bridge/br_cfm_netlink.o
  CC [M]  net/bluetooth/hidp/core.o
  CC [M]  net/bluetooth/cmtp/sock.o
  CC [M]  drivers/net/ethernet/3com/3c59x.o
  CC [M]  sound/soc/sof/intel/hda-dai.o
  CC [M]  drivers/misc/bcm-vk/bcm_vk_dev.o
  CC [M]  drivers/scsi/aic7xxx/aic79xx_osm_pci.o
  CC [M]  drivers/scsi/aic7xxx/aic7xxx_core.o
  CC [M]  drivers/net/fddi/skfp/smt.o
  CC [M]  fs/smb/server/mgmt/user_session.o
  CC [M]  net/netfilter/nft_counter.o
  CC [M]  drivers/gpu/drm/nouveau/nvif/mem.o
  CC [M]  drivers/misc/bcm-vk/bcm_vk_msg.o
  CC [M]  net/netfilter/nft_objref.o
  CC [M]  drivers/ata/sata_promise.o
  CC [M]  drivers/gpu/drm/i915/display/intel_pipe_crc.o
  CC [M]  sound/soc/codecs/rt5514.o
  CC [M]  net/ipv4/tcp_cdg.o
  CC [M]  drivers/mfd/wm8998-tables.o
  CC [M]  drivers/gpu/drm/vmwgfx/vmwgfx_shader.o
  CC [M]  drivers/net/hamradio/bpqether.o
  CC [M]  drivers/net/phy/ax88796b.o
  CC [M]  net/bluetooth/cmtp/capi.o
  CC [M]  drivers/net/phy/bcm54140.o
  CC      drivers/vfio/container.o
  CC [M]  drivers/gpu/drm/nouveau/nvif/mmu.o
  AR      drivers/regulator/built-in.a
  CC [M]  net/bridge/br_netfilter_hooks.o
  CC [M]  net/bluetooth/hidp/sock.o
  CC [M]  sound/soc/sof/xtensa/core.o
  CC [M]  fs/smb/client/readdir.o
  CC [M]  fs/smb/server/smb_common.o
  CC [M]  drivers/net/ethernet/3com/typhoon.o
  CC [M]  net/netfilter/nft_inner.o
  CC [M]  drivers/ata/sata_sil.o
  CC [M]  sound/soc/sof/intel/hda-dai-ops.o
  CC [M]  fs/nfs/nfs4state.o
  CC [M]  drivers/net/fddi/skfp/cfm.o
  CC [M]  drivers/gpu/drm/nouveau/nvif/outp.o
  CC [M]  net/ax25/ax25_ds_subr.o
  CC [M]  drivers/gpu/drm/nouveau/nvif/timer.o
  CC [M]  sound/soc/codecs/rt5514-spi.o
  CC [M]  drivers/misc/bcm-vk/bcm_vk_sg.o
  CC [M]  drivers/gpu/drm/vmwgfx/vmwgfx_cmdbuf_res.o
  CC [M]  drivers/gpu/drm/radeon/rv770.o
  CC [M]  drivers/net/hamradio/baycom_ser_fdx.o
  CC [M]  drivers/gpu/drm/i915/i915_pmu.o
  CC [M]  net/ax25/ax25_ds_timer.o
  CC [M]  drivers/net/phy/bcm7xxx.o
  CC [M]  drivers/mfd/cs47l24-tables.o
  CC [M]  drivers/gpu/drm/amd/amdgpu/amdgpu_vm_pt.o
  CC [M]  net/ipv4/tcp_dctcp.o
  CC [M]  drivers/gpu/drm/i915/gt/gen2_engine_cs.o
  LD [M]  net/bluetooth/cmtp/cmtp.o
  LD [M]  net/bluetooth/hidp/hidp.o
  CC      drivers/vfio/virqfd.o
  CC [M]  net/ax25/sysctl_net_ax25.o
  CC [M]  net/bluetooth/af_bluetooth.o
  CC [M]  drivers/gpu/drm/radeon/radeon_test.o
  CC [M]  drivers/misc/bcm-vk/bcm_vk_tty.o
  CC [M]  drivers/gpu/drm/nouveau/nvif/vmm.o
  CC [M]  sound/soc/sof/intel/hda-bus.o
  LD [M]  sound/soc/sof/xtensa/snd-sof-xtensa-dsp.o
  CC [M]  drivers/ata/sata_sis.o
  AR      drivers/net/ethernet/8390/built-in.a
  CC [M]  drivers/net/ethernet/8390/ne2k-pci.o
  CC [M]  drivers/net/fddi/skfp/ecm.o
  AR      drivers/net/ethernet/adaptec/built-in.a
  CC [M]  drivers/net/ethernet/adaptec/starfire.o
  CC [M]  drivers/gpu/drm/vmwgfx/vmwgfx_cmdbuf.o
  CC [M]  net/netfilter/nft_chain_route.o
  CC [M]  fs/smb/server/transport_tcp.o
  CC [M]  drivers/gpu/drm/amd/amdgpu/amdgpu_ib.o
  CC [M]  drivers/net/phy/bcm87xx.o
  CC [M]  drivers/net/hamradio/hdlcdrv.o
  CC [M]  net/bridge/br_netfilter_ipv6.o
  CC [M]  drivers/scsi/aic7xxx/aic7xxx_93cx6.o
  CC [M]  fs/smb/client/ioctl.o
  CC [M]  drivers/ata/sata_svw.o
  CC [M]  drivers/mfd/arizona-i2c.o
  CC [M]  fs/ntfs/aops.o
  CC [M]  sound/soc/codecs/rt5616.o
  CC      drivers/vfio/vfio_iommu_type1.o
  CC [M]  sound/soc/sof/intel/skl.o
  LD [M]  drivers/misc/bcm-vk/bcm_vk.o
  LD [M]  net/ax25/ax25.o
  CC [M]  drivers/gpu/drm/nouveau/nvif/user.o
  CC [M]  net/ipv4/tcp_westwood.o
  CC [M]  drivers/misc/uacce/uacce.o
  CC      drivers/misc/sram.o
  CC [M]  drivers/gpu/drm/i915/gt/gen6_engine_cs.o
  CC [M]  drivers/gpu/drm/nouveau/nvif/userc361.o
  LD [M]  net/bridge/bridge.o
  MKREG   drivers/gpu/drm/radeon/r200_reg_safe.h
  CC [M]  drivers/gpu/drm/radeon/radeon_legacy_tv.o
  CC [M]  drivers/scsi/aacraid/linit.o
  CC [M]  drivers/net/ethernet/8390/8390.o
  CC [M]  drivers/net/fddi/skfp/pcmplc.o
  CC [M]  fs/nfs/nfs4renewd.o
  CC [M]  drivers/scsi/aacraid/aachba.o
  CC [M]  drivers/net/phy/bcm-phy-lib.o
  CC [M]  drivers/scsi/aic7xxx/aic7xxx_pci.o
  CC [M]  drivers/gpu/drm/vmwgfx/vmwgfx_stdu.o
  CC [M]  drivers/net/fddi/skfp/pmf.o
  CC [M]  net/netfilter/nf_tables_offload.o
  CC [M]  drivers/mfd/arizona-spi.o
  CC [M]  drivers/ata/sata_uli.o
  CC [M]  fs/smb/server/transport_ipc.o
  CC [M]  fs/nfs/nfs4super.o
  CC [M]  drivers/gpu/drm/nouveau/nvkm/core/client.o
  CC [M]  drivers/gpu/drm/amd/amdgpu/amdgpu_pll.o
  CC [M]  net/bluetooth/hci_core.o
  CC [M]  drivers/gpu/drm/gma500/backlight.o
  LD [M]  net/bridge/br_netfilter.o
  AR      kernel/built-in.a
  CC [M]  sound/soc/codecs/rt5631.o
  CC [M]  fs/ntfs/attrib.o
  CC [M]  net/ipv4/tcp_highspeed.o
  CC [M]  drivers/gpu/drm/i915/gt/gen6_ppgtt.o
  CC [M]  fs/smb/client/sess.o
  CC [M]  sound/soc/sof/intel/hda-loader-skl.o
  CC [M]  drivers/net/fddi/skfp/queue.o
  MKREG   drivers/gpu/drm/radeon/r600_reg_safe.h
  CC [M]  drivers/gpu/drm/radeon/radeon_pm.o
  CC [M]  drivers/misc/ad525x_dpot.o
  CC [M]  drivers/net/hamradio/baycom_ser_hdx.o
  CC [M]  fs/smb/client/export.o
  CC [M]  drivers/mfd/wcd934x.o
  CC [M]  fs/ntfs/collate.o
  CC [M]  drivers/ata/sata_via.o
  CC [M]  drivers/gpu/drm/nouveau/nvkm/core/engine.o
  CC [M]  net/sunrpc/auth_gss/auth_gss.o
  CC [M]  net/sunrpc/xprtrdma/transport.o
  CC [M]  drivers/scsi/aic7xxx/aic7xxx_reg_print.o
  CC [M]  drivers/gpu/drm/vmwgfx/vmwgfx_cotable.o
  CC [M]  drivers/gpu/drm/gma500/cdv_device.o
  CC [M]  net/netfilter/nft_set_hash.o
  CC [M]  drivers/net/ethernet/8390/axnet_cs.o
  CC [M]  drivers/gpu/drm/amd/amdgpu/amdgpu_ucode.o
  CC [M]  drivers/gpu/drm/vmwgfx/vmwgfx_so.o
  CC [M]  drivers/gpu/drm/vmwgfx/vmwgfx_binding.o
  CC [M]  sound/soc/codecs/rt5640.o
  CC [M]  drivers/gpu/drm/udl/udl_drv.o
  CC [M]  drivers/net/fddi/skfp/rmt.o
  CC [M]  fs/smb/server/smbacl.o
  CC [M]  fs/ntfs/compress.o
  CC [M]  net/ipv4/tcp_hybla.o
  AR      drivers/vfio/built-in.a
  CC [M]  drivers/gpu/drm/i915/gt/gen7_renderclear.o
  CC [M]  drivers/net/phy/bcm-phy-ptp.o
  CC [M]  fs/smb/server/smb2pdu.o
  CC [M]  sound/soc/sof/intel/apl.o
  CC [M]  drivers/mfd/wm8994-core.o
  CC [M]  drivers/scsi/aacraid/commctrl.o
  CC [M]  drivers/scsi/aic7xxx/aic79xx_core.o
  CC [M]  drivers/gpu/drm/nouveau/nvkm/core/enum.o
  CC [M]  fs/smb/server/smb2ops.o
  CC [M]  fs/nfs/nfs4file.o
  CC [M]  drivers/net/hamradio/baycom_par.o
  CC [M]  drivers/ata/sata_vsc.o
  AR      drivers/net/fddi/built-in.a
  CC [M]  drivers/mfd/wm8994-irq.o
  CC [M]  drivers/misc/ad525x_dpot-i2c.o
  CC [M]  drivers/gpu/drm/radeon/atombios_dp.o
  CC [M]  drivers/gpu/drm/udl/udl_modeset.o
  CC [M]  drivers/misc/ad525x_dpot-spi.o
  CC [M]  drivers/gpu/drm/gma500/cdv_intel_crt.o
  CC [M]  drivers/net/fddi/skfp/smtdef.o
  CC [M]  drivers/gpu/drm/vmwgfx/vmwgfx_msg.o
  CC [M]  net/sunrpc/xprtrdma/rpc_rdma.o
  CC [M]  drivers/gpu/drm/nouveau/nvkm/core/event.o
  CC [M]  drivers/net/fddi/skfp/smtinit.o
  CC [M]  drivers/gpu/drm/amd/amdgpu/amdgpu_bo_list.o
  CC [M]  drivers/gpu/drm/i915/gt/gen8_engine_cs.o
  CC [M]  fs/smb/client/unc.o
  CC [M]  drivers/gpu/drm/vmwgfx/vmwgfx_simple_resource.o
  CC [M]  drivers/net/ethernet/8390/pcnet_cs.o
  CC [M]  drivers/ata/pata_ali.o
  CC [M]  drivers/ata/pata_amd.o
  CC [M]  net/netfilter/nft_set_bitmap.o
  CC [M]  fs/ntfs/debug.o
  CC [M]  net/ipv4/tcp_htcp.o
  CC [M]  sound/soc/sof/intel/cnl.o
  CC [M]  drivers/gpu/drm/vmwgfx/vmwgfx_va.o
  CC [M]  drivers/misc/dummy-irq.o
  CC [M]  fs/nfs/delegation.o
  CC [M]  drivers/scsi/aacraid/comminit.o
  CC [M]  sound/soc/sof/core.o
  CC [M]  drivers/gpu/drm/gma500/cdv_intel_display.o
  CC [M]  net/sunrpc/auth_gss/gss_generic_token.o
  CC [M]  drivers/gpu/drm/udl/udl_main.o
  CC [M]  drivers/mfd/wm8994-regmap.o
  CC [M]  drivers/gpu/drm/radeon/r600_hdmi.o
  CC [M]  fs/ntfs/dir.o
  CC [M]  sound/soc/codecs/rt5645.o
  CC [M]  net/bluetooth/hci_conn.o
  CC [M]  drivers/misc/ics932s401.o
  CC [M]  drivers/net/fddi/skfp/smttimer.o
  CC [M]  drivers/gpu/drm/gma500/cdv_intel_dp.o
  CC [M]  drivers/net/phy/broadcom.o
  CC [M]  drivers/gpu/drm/nouveau/nvkm/core/firmware.o
  CC [M]  drivers/gpu/drm/gma500/cdv_intel_hdmi.o
  CC [M]  drivers/gpu/drm/vmwgfx/vmwgfx_blit.o
  CC [M]  drivers/net/phy/cicada.o
  CC [M]  drivers/ata/pata_artop.o
  CC [M]  fs/smb/client/winucase.o
  CC [M]  net/netfilter/nft_set_rbtree.o
  CC [M]  drivers/gpu/drm/amd/amdgpu/amdgpu_ctx.o
  CC [M]  drivers/gpu/drm/i915/gt/gen8_ppgtt.o
  CC [M]  fs/smb/client/smb2ops.o
  CC [M]  drivers/scsi/aacraid/commsup.o
  CC [M]  drivers/gpu/drm/udl/udl_transfer.o
  CC [M]  net/sunrpc/clnt.o
  CC [M]  net/ipv4/tcp_vegas.o
  CC [M]  drivers/mfd/madera-core.o
  AR      drivers/net/ethernet/adi/built-in.a
  CC [M]  drivers/misc/tifm_core.o
  AR      drivers/net/ethernet/agere/built-in.a
  CC [M]  drivers/net/ethernet/agere/et131x.o
  CC [M]  net/sunrpc/auth_gss/gss_mech_switch.o
  CC [M]  net/ipv4/tcp_nv.o
  CC [M]  drivers/net/fddi/skfp/srf.o
  CC [M]  sound/soc/sof/intel/tgl.o
  CC [M]  net/sunrpc/xprtrdma/verbs.o
  CC [M]  drivers/gpu/drm/nouveau/nvkm/core/gpuobj.o
  CC [M]  drivers/gpu/drm/radeon/dce3_1_afmt.o
  CC [M]  sound/soc/sof/ops.o
  CC [M]  drivers/net/phy/cortina.o
  CC [M]  fs/ntfs/file.o
  CC [M]  fs/ntfs/index.o
  CC [M]  drivers/ata/pata_atiixp.o
  CC [M]  drivers/gpu/drm/vmwgfx/vmwgfx_validation.o
  CC [M]  drivers/gpu/drm/gma500/cdv_intel_lvds.o
  LD [M]  drivers/gpu/drm/udl/udl.o
  CC [M]  drivers/gpu/drm/nouveau/nvkm/core/intr.o
  CC [M]  fs/smb/server/smb2misc.o
  CC [M]  net/netfilter/nft_set_pipapo.o
  CC [M]  drivers/net/fddi/defxx.o
  CC [M]  drivers/net/fddi/skfp/hwt.o
  CC [M]  drivers/gpu/drm/amd/amdgpu/amdgpu_sync.o
  CC [M]  drivers/net/phy/davicom.o
  CC [M]  sound/soc/sof/loader.o
  CC [M]  sound/soc/codecs/rt5651.o
  CC [M]  drivers/gpu/drm/i915/gt/intel_breadcrumbs.o
  CC [M]  fs/ntfs/inode.o
  CC [M]  drivers/mfd/cs47l15-tables.o
  CC [M]  drivers/misc/tifm_7xx1.o
  CC [M]  drivers/ata/pata_atp867x.o
  CC [M]  drivers/scsi/aacraid/dpcsup.o
  CC [M]  drivers/gpu/drm/radeon/evergreen.o
  CC [M]  net/sunrpc/xprtrdma/frwr_ops.o
  CC [M]  sound/soc/sof/intel/icl.o
  CC [M]  fs/nfs/nfs4idmap.o
  CC [M]  drivers/gpu/drm/vmwgfx/vmwgfx_page_dirty.o
  CC [M]  drivers/scsi/aic7xxx/aic79xx_pci.o
  CC [M]  drivers/gpu/drm/gma500/framebuffer.o
  CC [M]  fs/smb/client/smb2maperror.o
  CC [M]  net/sunrpc/xprt.o
  CC [M]  drivers/gpu/drm/nouveau/nvkm/core/ioctl.o
  CC [M]  drivers/net/fddi/skfp/drvfbi.o
  CC [M]  net/ipv4/tcp_veno.o
  CC [M]  drivers/gpu/drm/nouveau/nvkm/core/memory.o
  AR      drivers/net/ethernet/alacritech/built-in.a
  CC [M]  drivers/net/phy/dp83640.o
  CC [M]  drivers/net/ethernet/alacritech/slicoss.o
  CC [M]  net/sunrpc/auth_gss/svcauth_gss.o
  ASN.1   fs/smb/server/ksmbd_spnego_negtokeninit.asn1.[ch]
  ASN.1   fs/smb/server/ksmbd_spnego_negtokentarg.asn1.[ch]
  CC [M]  fs/smb/server/transport_rdma.o
  CC [M]  drivers/misc/phantom.o
  CC [M]  net/bluetooth/hci_event.o
  CC [M]  drivers/ata/pata_cmd64x.o
  CC [M]  drivers/scsi/aacraid/rx.o
  CC [M]  drivers/gpu/drm/amd/amdgpu/amdgpu_gtt_mgr.o
  CC [M]  drivers/gpu/drm/vmwgfx/vmwgfx_streamoutput.o
  CC [M]  sound/soc/codecs/rt5659.o
  CC [M]  drivers/scsi/aic7xxx/aic79xx_reg_print.o
  CC [M]  drivers/gpu/drm/i915/gt/intel_context.o
  CC [M]  fs/ntfs/mft.o
  CC [M]  drivers/mfd/cs47l35-tables.o
  CC [M]  drivers/gpu/drm/gma500/gem.o
  CC      drivers/usb/common/common.o
  CC [M]  net/ipv4/tcp_scalable.o
  CC      drivers/usb/core/usb.o
  CC [M]  sound/soc/sof/intel/mtl.o
  CC [M]  drivers/gpu/drm/nouveau/nvkm/core/mm.o
  CC [M]  drivers/net/fddi/skfp/ess.o
  CC [M]  net/netfilter/nft_set_pipapo_avx2.o
  CC [M]  net/sunrpc/xprtrdma/svc_rdma.o
  CC      drivers/usb/phy/phy.o
  CC [M]  drivers/misc/bh1770glc.o
  CC [M]  drivers/ata/pata_cypress.o
  CC [M]  drivers/scsi/aacraid/sa.o
  CC [M]  net/sunrpc/xprtrdma/svc_rdma_backchannel.o
  LD [M]  drivers/scsi/aic7xxx/aic7xxx.o
  CC [M]  drivers/gpu/drm/vmwgfx/vmwgfx_devcaps.o
  LD [M]  drivers/scsi/aic7xxx/aic79xx.o
  CC [M]  drivers/mfd/cs47l85-tables.o
  CC [M]  fs/ntfs/mst.o
  CC [M]  drivers/gpu/drm/amd/amdgpu/amdgpu_preempt_mgr.o
  CC [M]  fs/ntfs3/attrib.o
  CC [M]  drivers/net/phy/dp83822.o
  CC [M]  drivers/gpu/drm/gma500/gma_device.o
  AR      drivers/net/ethernet/alteon/built-in.a
  CC [M]  drivers/net/ethernet/alteon/acenic.o
  CC [M]  drivers/gpu/drm/nouveau/nvkm/core/object.o
  CC      drivers/usb/common/debug.o
  CC [M]  fs/nfs/callback.o
  CC [M]  net/ipv4/tcp_lp.o
  CC [M]  drivers/gpu/drm/i915/gt/intel_context_sseu.o
  CC [M]  drivers/gpu/drm/gma500/gma_display.o
  CC [M]  fs/smb/client/smb2transport.o
  LD [M]  drivers/net/fddi/skfp/skfp.o
  CC [M]  drivers/scsi/aacraid/rkt.o
  CC [M]  drivers/ata/pata_efar.o
  CC [M]  fs/ntfs/namei.o
  CC      drivers/usb/common/led.o
  CC [M]  drivers/usb/phy/phy-generic.o
  CC [M]  drivers/gpu/drm/vmwgfx/ttm_object.o
  CC [M]  fs/nfs/callback_xdr.o
  CC [M]  drivers/net/phy/dp83848.o
  CC [M]  fs/smb/server/ksmbd_spnego_negtokeninit.asn1.o
  CC [M]  sound/soc/codecs/rt5660.o
  CC [M]  drivers/misc/apds990x.o
  CC [M]  fs/smb/server/ksmbd_spnego_negtokentarg.asn1.o
  CC [M]  fs/smb/server/asn1.o
  CC      drivers/usb/core/hub.o
  MKREG   drivers/gpu/drm/radeon/evergreen_reg_safe.h
  MKREG   drivers/gpu/drm/radeon/cayman_reg_safe.h
  CC [M]  drivers/gpu/drm/radeon/evergreen_hdmi.o
  CC [M]  net/netfilter/nft_ct_fast.o
  CC [M]  drivers/mfd/cs47l90-tables.o
  CC [M]  drivers/gpu/drm/amd/amdgpu/amdgpu_vram_mgr.o
  CC [M]  drivers/gpu/drm/radeon/radeon_trace_points.o
  CC [M]  net/sunrpc/xprtrdma/svc_rdma_transport.o
  CC [M]  drivers/misc/enclosure.o
  CC [M]  net/sunrpc/auth_gss/gss_rpc_upcall.o
  CC [M]  fs/ntfs/runlist.o
  CC [M]  sound/soc/sof/intel/lnl.o
  CC [M]  drivers/scsi/aacraid/nark.o
  CC [M]  drivers/gpu/drm/nouveau/nvkm/core/oproxy.o
  CC [M]  drivers/ata/pata_hpt366.o
  CC [M]  drivers/gpu/drm/nouveau/nvkm/core/option.o
  CC [M]  drivers/gpu/drm/i915/gt/intel_engine_cs.o
  CC [M]  drivers/net/phy/dp83867.o
  CC [M]  drivers/usb/common/usb-conn-gpio.o
  CC [M]  net/ipv4/tcp_yeah.o
  CC [M]  drivers/net/phy/dp83869.o
  CC [M]  drivers/gpu/drm/gma500/gtt.o
  CC [M]  drivers/gpu/drm/vmwgfx/vmwgfx_system_manager.o
  CC [M]  sound/soc/codecs/rt5663.o
  CC [M]  drivers/usb/phy/phy-tahvo.o
  CC [M]  fs/ntfs3/attrlist.o
  CC [M]  drivers/scsi/aacraid/src.o
  CC      drivers/input/serio/serio.o
  CC [M]  fs/smb/client/smb2misc.o
  CC [M]  drivers/misc/hpilo.o
  CC [M]  fs/ntfs/super.o
  CC [M]  fs/smb/client/smb2pdu.o
  CC [M]  sound/soc/sof/intel/hda-common-ops.o
  LD [M]  fs/smb/server/ksmbd.o
  CC [M]  drivers/gpu/drm/nouveau/nvkm/core/ramht.o
  CC [M]  drivers/net/ethernet/amazon/ena/ena_netdev.o
  CC [M]  net/sunrpc/auth_gss/gss_rpc_xdr.o
  CC [M]  drivers/ata/pata_hpt37x.o
  CC [M]  drivers/mfd/cs47l92-tables.o
  AR      drivers/net/ethernet/amazon/built-in.a
  CC [M]  drivers/ata/pata_hpt3x2n.o
  CC [M]  drivers/usb/common/ulpi.o
  CC [M]  fs/nfs/callback_proc.o
  CC [M]  drivers/gpu/drm/radeon/ni.o
  CC [M]  drivers/gpu/drm/vmwgfx/vmwgfx_gem.o
  CC [M]  drivers/gpu/drm/amd/amdgpu/amdgpu_virt.o
  CC [M]  fs/ntfs/sysctl.o
  CC [M]  fs/ufs/balloc.o
  CC [M]  net/netfilter/nft_compat.o
  CC [M]  drivers/net/phy/dp83tc811.o
  CC [M]  fs/ntfs3/bitfunc.o
  CC [M]  drivers/gpu/drm/gma500/intel_bios.o
  CC [M]  net/sunrpc/xprtrdma/svc_rdma_sendto.o
  CC [M]  drivers/net/ethernet/amazon/ena/ena_com.o
  CC [M]  drivers/usb/phy/phy-gpio-vbus-usb.o
  CC [M]  net/ipv4/tcp_illinois.o
  CC [M]  sound/soc/sof/intel/hda-probes.o
  CC [M]  drivers/misc/apds9802als.o
  LD [M]  drivers/scsi/aacraid/aacraid.o
  CC      drivers/input/serio/i8042.o
  CC [M]  drivers/gpu/drm/nouveau/nvkm/core/subdev.o
  CC [M]  drivers/scsi/aic94xx/aic94xx_init.o
  CC [M]  drivers/ata/pata_hpt3x3.o
  CC [M]  fs/ntfs3/bitmap.o
  CC [M]  drivers/net/ethernet/amazon/ena/ena_eth_com.o
  CC [M]  net/sunrpc/auth_gss/trace.o
  CC [M]  fs/ntfs/unistr.o
  CC [M]  net/bluetooth/mgmt.o
  AR      drivers/usb/common/built-in.a
  CC [M]  drivers/net/ethernet/amazon/ena/ena_ethtool.o
  LD [M]  drivers/gpu/drm/vmwgfx/vmwgfx.o
  CC [M]  drivers/mfd/madera-i2c.o
  CC [M]  drivers/net/phy/icplus.o
  CC [M]  drivers/usb/phy/phy-isp1301.o
  CC [M]  sound/soc/codecs/rt5670.o
  CC [M]  drivers/gpu/drm/i915/gt/intel_engine_heartbeat.o
  CC [M]  sound/soc/sof/ipc.o
  CC [M]  sound/soc/sof/pcm.o
  CC [M]  drivers/gpu/drm/gma500/intel_gmbus.o
  CC [M]  sound/soc/sof/intel/hda-mlink.o
  CC [M]  drivers/gpu/drm/amd/amdgpu/amdgpu_atomfirmware.o
  CC [M]  drivers/misc/isl29003.o
  CC [M]  fs/nfs/nfs4namespace.o
  CC [M]  drivers/ata/pata_it8213.o
  CC [M]  fs/ntfs/upcase.o
  CC [M]  drivers/gpu/drm/nouveau/nvkm/core/uevent.o
  CC [M]  net/netfilter/nft_connlimit.o
  CC [M]  fs/ufs/cylinder.o
  LD [M]  net/ipv4/fou.o
  LD [M]  net/ipv4/gre.o
  LD [M]  net/ipv4/udp_tunnel.o
  AR      net/ipv4/built-in.a
  CC [M]  drivers/gpu/drm/radeon/atombios_encoders.o
  CC [M]  drivers/mfd/madera-spi.o
  CC [M]  drivers/scsi/aic94xx/aic94xx_hwi.o
  CC [M]  drivers/net/phy/intel-xway.o
  CC [M]  net/sunrpc/xprtrdma/svc_rdma_recvfrom.o
  CC [M]  drivers/mfd/tps6105x.o
  CC [M]  drivers/gpu/drm/i915/gt/intel_engine_pm.o
  CC      drivers/usb/core/hcd.o
  CC [M]  net/sunrpc/socklib.o
  CC [M]  fs/ntfs3/dir.o
  LD [M]  fs/ntfs/ntfs.o
  CC [M]  drivers/net/phy/et1011c.o
  CC [M]  drivers/gpu/drm/gma500/intel_i2c.o
  CC [M]  fs/nfs/nfs4getroot.o
  CC [M]  drivers/gpu/drm/radeon/radeon_semaphore.o
  CC [M]  fs/ufs/dir.o
  CC [M]  drivers/misc/isl29020.o
  CC [M]  drivers/gpu/drm/nouveau/nvkm/nvfw/fw.o
  CC [M]  drivers/ata/pata_it821x.o
  CC      drivers/input/serio/libps2.o
  AR      drivers/usb/phy/built-in.a
  CC [M]  fs/ufs/file.o
  CC [M]  fs/ufs/ialloc.o
  CC [M]  drivers/gpu/drm/nouveau/nvkm/nvfw/hs.o
  CC [M]  drivers/gpu/drm/gma500/mid_bios.o
  CC [M]  drivers/input/serio/parkbd.o
  CC [M]  drivers/gpu/drm/amd/amdgpu/amdgpu_vf_error.o
  CC [M]  drivers/mfd/tps65010.o
  CC [M]  net/sunrpc/xprtrdma/svc_rdma_rw.o
  CC [M]  net/netfilter/nft_numgen.o
  CC [M]  sound/soc/sof/intel/hda-codec.o
  CC [M]  sound/soc/codecs/rt5677.o
  CC [M]  drivers/scsi/aic94xx/aic94xx_reg.o
  CC [M]  net/netfilter/nft_ct.o
  CC [M]  drivers/gpu/drm/i915/gt/intel_engine_user.o
  CC [M]  fs/ntfs3/fsntfs.o
  LD [M]  drivers/net/ethernet/amazon/ena/ena.o
  CC [M]  net/sunrpc/auth_gss/gss_krb5_mech.o
  CC [M]  drivers/misc/tsl2550.o
  CC [M]  net/sunrpc/xprtrdma/svc_rdma_pcl.o
  CC [M]  drivers/net/phy/lxt.o
  CC [M]  drivers/net/ethernet/amd/xgbe/xgbe-main.o
  CC      drivers/input/keyboard/atkbd.o
  AR      drivers/input/mouse/built-in.a
  CC [M]  drivers/input/mouse/appletouch.o
  CC [M]  drivers/gpu/drm/nouveau/nvkm/nvfw/ls.o
  CC [M]  drivers/input/mouse/bcm5974.o
  CC [M]  fs/nfs/nfs4client.o
  CC [M]  net/netfilter/nft_flow_offload.o
  CC [M]  drivers/ata/pata_jmicron.o
  CC [M]  sound/soc/sof/pm.o
  CC [M]  drivers/gpu/drm/gma500/mmu.o
  CC [M]  drivers/gpu/drm/radeon/radeon_sa.o
  CC [M]  fs/ufs/inode.o
  CC [M]  drivers/input/serio/serport.o
  CC [M]  fs/smb/client/smb2inode.o
  CC [M]  drivers/gpu/drm/amd/amdgpu/amdgpu_sched.o
  CC [M]  drivers/ata/pata_marvell.o
  CC [M]  drivers/input/serio/ct82c710.o
  CC [M]  drivers/scsi/aic94xx/aic94xx_sds.o
  CC [M]  drivers/misc/ds1682.o
  CC [M]  net/sunrpc/auth_gss/gss_krb5_seal.o
  CC [M]  drivers/gpu/drm/i915/gt/intel_execlists_submission.o
  CC [M]  drivers/net/phy/marvell10g.o
  CC [M]  drivers/net/ethernet/amd/xgbe/xgbe-drv.o
  CC [M]  drivers/gpu/drm/nouveau/nvkm/nvfw/acr.o
  CC [M]  drivers/ata/pata_netcell.o
  CC      drivers/usb/core/urb.o
  CC [M]  drivers/net/ethernet/aquantia/atlantic/aq_main.o
  AR      drivers/net/ethernet/aquantia/built-in.a
  CC [M]  drivers/input/mouse/cyapa.o
  AR      drivers/net/ethernet/amd/built-in.a
  CC [M]  drivers/mfd/tps6507x.o
  CC [M]  fs/efs/super.o
  CC [M]  drivers/input/keyboard/adc-keys.o
  CC [M]  sound/soc/sof/intel/pci-tng.o
  CC [M]  drivers/gpu/drm/radeon/atombios_i2c.o
  CC [M]  drivers/input/serio/pcips2.o
  CC      drivers/usb/dwc2/core.o
  CC [M]  net/sunrpc/xprtrdma/module.o
  CC [M]  net/bluetooth/hci_sock.o
  CC [M]  drivers/gpu/drm/gma500/oaktrail_device.o
  CC [M]  drivers/net/ethernet/amd/xgbe/xgbe-dev.o
  CC [M]  fs/ntfs3/frecord.o
  CC [M]  net/sunrpc/auth_gss/gss_krb5_unseal.o
  CC [M]  drivers/misc/hmc6352.o
  CC [M]  drivers/gpu/drm/amd/amdgpu/amdgpu_debugfs.o
  CC [M]  net/netfilter/nft_limit.o
  CC [M]  net/bluetooth/hci_sysfs.o
  CC [M]  drivers/ata/pata_ninja32.o
  CC [M]  drivers/scsi/aic94xx/aic94xx_seq.o
  CC [M]  fs/ufs/namei.o
  CC [M]  drivers/mfd/tps65086.o
  CC [M]  drivers/gpu/drm/nouveau/nvkm/nvfw/flcn.o
  CC [M]  drivers/input/keyboard/adp5520-keys.o
  CC [M]  fs/efs/inode.o
  CC [M]  drivers/input/serio/ps2mult.o
  CC [M]  sound/soc/sof/intel/pci-skl.o
  CC [M]  sound/soc/codecs/rt5677-spi.o
  CC [M]  drivers/net/phy/marvell.o
  CC [M]  fs/smb/client/smb2file.o
  CC [M]  drivers/gpu/drm/radeon/si.o
  CC [M]  net/sunrpc/auth_gss/gss_krb5_wrap.o
  CC [M]  drivers/input/mouse/cyapa_gen3.o
  CC [M]  fs/nfs/nfs4session.o
  CC [M]  drivers/gpu/drm/gma500/oaktrail_crtc.o
  CC [M]  drivers/misc/vmw_balloon.o
  CC      drivers/usb/core/message.o
  CC [M]  drivers/input/serio/serio_raw.o
  CC [M]  drivers/input/keyboard/adp5588-keys.o
  CC [M]  drivers/ata/pata_ns87415.o
  CC [M]  fs/ufs/super.o
  CC [M]  drivers/mfd/mc13xxx-core.o
  CC      drivers/usb/dwc2/core_intr.o
  CC [M]  fs/efs/namei.o
  CC [M]  fs/nfs/dns_resolve.o
  CC [M]  net/netfilter/nft_nat.o
  CC [M]  drivers/gpu/drm/nouveau/nvkm/falcon/base.o
  CC [M]  sound/soc/sof/intel/pci-apl.o
  CC [M]  net/sunrpc/auth_gss/gss_krb5_crypto.o
  CC [M]  drivers/net/ethernet/aquantia/atlantic/aq_nic.o
  CC [M]  drivers/scsi/aic94xx/aic94xx_dump.o
  CC [M]  drivers/ata/pata_oldpiix.o
  CC [M]  drivers/gpu/drm/i915/gt/intel_ggtt.o
  CC [M]  drivers/input/serio/altera_ps2.o
  CC [M]  drivers/input/mouse/cyapa_gen5.o
  CC [M]  fs/efs/dir.o
  CC [M]  drivers/gpu/drm/amd/amdgpu/amdgpu_ids.o
  CC [M]  fs/ntfs3/file.o
  CC [M]  fs/ufs/util.o
  CC [M]  sound/soc/codecs/rt5682.o
  CC      drivers/net/ppp/ppp_generic.o
  CC [M]  fs/smb/client/cifsacl.o
  CC [M]  drivers/input/keyboard/adp5589-keys.o
  CC      drivers/usb/dwc2/platform.o
  CC [M]  drivers/mfd/mc13xxx-spi.o
  CC [M]  drivers/gpu/drm/gma500/oaktrail_hdmi.o
  CC [M]  drivers/misc/lattice-ecp3-config.o
  CC [M]  drivers/net/phy/marvell-88x2222.o
  CC [M]  drivers/scsi/aic94xx/aic94xx_scb.o
  CC [M]  drivers/gpu/drm/nouveau/nvkm/falcon/cmdq.o
  CC [M]  sound/soc/sof/intel/pci-cnl.o
  CC [M]  net/bluetooth/l2cap_core.o
  CC [M]  drivers/net/ethernet/amd/xgbe/xgbe-desc.o
  CC [M]  net/netfilter/nft_queue.o
  CC [M]  drivers/ata/pata_optidma.o
  CC [M]  drivers/input/serio/arc_ps2.o
  CC [M]  drivers/ata/pata_pdc2027x.o
  CC [M]  drivers/net/phy/mxl-gpy.o
  CC [M]  fs/efs/file.o
  CC [M]  net/sunrpc/auth_gss/gss_krb5_keys.o
  CC [M]  fs/nfs/nfs4trace.o
  CC [M]  drivers/mfd/mc13xxx-i2c.o
  LD [M]  fs/ufs/ufs.o
  CC [M]  sound/soc/sof/debug.o
  CC [M]  drivers/misc/dw-xdata-pcie.o
  CC [M]  drivers/gpu/drm/i915/gt/intel_ggtt_fencing.o
  CC [M]  drivers/input/serio/hyperv-keyboard.o
  CC      drivers/usb/core/driver.o
  CC      drivers/usb/dwc2/drd.o
  CC [M]  sound/soc/sof/intel/pci-icl.o
  CC [M]  drivers/gpu/drm/nouveau/nvkm/falcon/fw.o
  CC [M]  drivers/gpu/drm/gma500/oaktrail_hdmi_i2c.o
  CC [M]  fs/efs/symlink.o
  CC [M]  drivers/gpu/drm/amd/amdgpu/amdgpu_gmc.o
  CC [M]  drivers/scsi/aic94xx/aic94xx_dev.o
  CC [M]  drivers/input/mouse/cyapa_gen6.o
  CC [M]  drivers/scsi/aic94xx/aic94xx_tmf.o
  CC [M]  drivers/input/joystick/iforce/iforce-ff.o
  CC [M]  fs/ntfs3/fslog.o
  CC [M]  drivers/input/keyboard/applespi.o
  CC [M]  drivers/ata/pata_pdc202xx_old.o
  CC [M]  drivers/net/ethernet/aquantia/atlantic/aq_pci_func.o
  CC [M]  drivers/net/ethernet/amd/xgbe/xgbe-ethtool.o
  CC [M]  net/netfilter/nft_quota.o
  LD [M]  net/sunrpc/auth_gss/auth_rpcgss.o
  CC [M]  drivers/net/phy/mediatek-ge.o
  CC [M]  drivers/mfd/axp20x.o
  LD [M]  net/sunrpc/auth_gss/rpcsec_gss_krb5.o
  AR      drivers/input/joystick/built-in.a
  CC [M]  drivers/input/keyboard/cros_ec_keyb.o
  CC [M]  drivers/misc/xilinx_sdfec.o
  CC [M]  drivers/input/serio/ps2-gpio.o
  CC [M]  drivers/gpu/drm/radeon/radeon_prime.o
  CC [M]  sound/soc/sof/intel/pci-tgl.o
  LD [M]  fs/efs/efs.o
  CC [M]  drivers/gpu/drm/gma500/oaktrail_lvds.o
  CC      drivers/usb/dwc2/params.o
  CC [M]  sound/soc/codecs/rt5682-i2c.o
  CC [M]  drivers/input/joystick/iforce/iforce-main.o
  CC [M]  fs/smb/client/fs_context.o
  CC [M]  drivers/gpu/drm/nouveau/nvkm/falcon/msgq.o
  CC [M]  drivers/net/phy/spi_ks8995.o
  CC [M]  drivers/gpu/drm/i915/gt/intel_gt.o
  CC [M]  drivers/input/mouse/elan_i2c_core.o
  CC [M]  drivers/ata/pata_radisys.o
  CC [M]  drivers/net/phy/micrel.o
  CC [M]  drivers/ata/pata_rdc.o
  CC [M]  drivers/scsi/aic94xx/aic94xx_task.o
  CC [M]  drivers/ata/pata_sch.o
  CC [M]  drivers/input/serio/userio.o
  CC [M]  drivers/gpu/drm/amd/amdgpu/amdgpu_mmhub.o
  CC [M]  net/netfilter/nft_reject.o
  CC [M]  drivers/net/ethernet/amd/xgbe/xgbe-mdio.o
  CC [M]  drivers/net/ethernet/aquantia/atlantic/aq_vec.o
  CC [M]  sound/soc/sof/intel/pci-mtl.o
  CC      drivers/usb/core/config.o
  AR      drivers/misc/built-in.a
  CC [M]  drivers/gpu/drm/nouveau/nvkm/falcon/qmgr.o
  CC [M]  drivers/gpu/drm/radeon/cik.o
  CC [M]  net/netfilter/nft_reject_inet.o
  CC [M]  drivers/mfd/axp20x-i2c.o
  CC [M]  sound/soc/codecs/rt5682-sdw.o
  CC [M]  drivers/input/keyboard/dlink-dir685-touchkeys.o
  CC [M]  drivers/net/ppp/ppp_async.o
  CC [M]  drivers/gpu/drm/gma500/oaktrail_lvds_i2c.o
  CC      drivers/rtc/lib.o
  CC [M]  net/sunrpc/xprtrdma/backchannel.o
  CC [M]  drivers/input/joystick/iforce/iforce-packets.o
  AR      drivers/i2c/algos/built-in.a
  CC [M]  drivers/i2c/algos/i2c-algo-bit.o
  CC [M]  drivers/i3c/master/mipi-i3c-hci/core.o
  CC      drivers/usb/core/file.o
  CC [M]  drivers/ata/pata_serverworks.o
  AR      drivers/input/serio/built-in.a
  CC [M]  drivers/input/keyboard/gpio_keys.o
  LD [M]  drivers/scsi/aic94xx/aic94xx.o
  CC [M]  drivers/input/mouse/elan_i2c_i2c.o
  CC [M]  drivers/scsi/pm8001/pm8001_init.o
  CC [M]  sound/soc/sof/intel/pci-lnl.o
  CC [M]  drivers/gpu/drm/amd/amdgpu/amdgpu_hdp.o
  CC [M]  drivers/gpu/drm/i915/gt/intel_gt_buffer_pool.o
  CC [M]  drivers/gpu/drm/nouveau/nvkm/falcon/v1.o
  CC      drivers/usb/dwc2/hcd.o
  CC [M]  drivers/mfd/lp3943.o
  CC [M]  drivers/net/ethernet/aquantia/atlantic/aq_ring.o
  CC [M]  drivers/i3c/master/i3c-master-cdns.o
  CC [M]  drivers/gpu/drm/radeon/r600_dpm.o
  CC [M]  drivers/i3c/master/mipi-i3c-hci/ext_caps.o
  CC [M]  drivers/gpu/drm/gma500/power.o
  CC [M]  fs/smb/client/dns_resolve.o
  CC      drivers/rtc/class.o
  CC [M]  drivers/net/ethernet/amd/xgbe/xgbe-ptp.o
  CC [M]  sound/soc/codecs/rt5682s.o
  CC [M]  net/netfilter/nft_reject_netdev.o
  CC [M]  drivers/input/joystick/iforce/iforce-serio.o
  CC [M]  drivers/ata/pata_sil680.o
  CC [M]  drivers/net/ppp/bsd_comp.o
  CC [M]  drivers/i3c/master/mipi-i3c-hci/pio.o
  CC [M]  drivers/input/keyboard/gpio_keys_polled.o
  CC      drivers/usb/core/buffer.o
  LD [M]  sound/soc/sof/intel/snd-sof-intel-atom.o
  LD [M]  sound/soc/sof/intel/snd-sof-acpi-intel-byt.o
  LD [M]  sound/soc/sof/intel/snd-sof-acpi-intel-bdw.o
  LD [M]  sound/soc/sof/intel/snd-sof-intel-hda-common.o
  CC [M]  drivers/input/mouse/elan_i2c_smbus.o
  CC [M]  drivers/net/phy/microchip.o
  LD [M]  net/sunrpc/xprtrdma/rpcrdma.o
  LD [M]  sound/soc/sof/intel/snd-sof-intel-hda-mlink.o
  LD [M]  sound/soc/sof/intel/snd-sof-intel-hda.o
  LD [M]  sound/soc/sof/intel/snd-sof-pci-intel-tng.o
  CC [M]  drivers/gpu/drm/amd/amdgpu/amdgpu_xgmi.o
  LD [M]  sound/soc/sof/intel/snd-sof-pci-intel-skl.o
  CC [M]  drivers/gpu/drm/nouveau/nvkm/falcon/gm200.o
  LD [M]  sound/soc/sof/intel/snd-sof-pci-intel-apl.o
  CC [M]  net/sunrpc/xprtsock.o
  CC [M]  drivers/i2c/algos/i2c-algo-pca.o
  LD [M]  sound/soc/sof/intel/snd-sof-pci-intel-cnl.o
  CC [M]  fs/ntfs3/inode.o
  LD [M]  sound/soc/sof/intel/snd-sof-pci-intel-icl.o
  CC [M]  drivers/gpu/drm/i915/gt/intel_gt_clock_utils.o
  CC [M]  drivers/net/phy/microchip_t1.o
  LD [M]  sound/soc/sof/intel/snd-sof-pci-intel-tgl.o
  LD [M]  sound/soc/sof/intel/snd-sof-pci-intel-mtl.o
  LD [M]  sound/soc/sof/intel/snd-sof-pci-intel-lnl.o
  CC [M]  sound/soc/sof/topology.o
  CC [M]  drivers/gpu/drm/gma500/psb_device.o
  CC [M]  drivers/scsi/pm8001/pm8001_sas.o
  CC [M]  drivers/scsi/pm8001/pm8001_ctl.o
  CC [M]  drivers/input/joystick/iforce/iforce-usb.o
  CC [M]  drivers/net/ppp/ppp_deflate.o
  CC [M]  drivers/net/ethernet/amd/xgbe/xgbe-i2c.o
  CC      drivers/usb/core/sysfs.o
  CC [M]  drivers/mfd/ti-lmu.o
  CC [M]  drivers/ata/pata_piccolo.o
  CC      drivers/rtc/interface.o
  CC [M]  drivers/input/keyboard/tca6416-keypad.o
  ASN.1   fs/smb/client/cifs_spnego_negtokeninit.asn1.[ch]
  CC [M]  fs/smb/client/namespace.o
  CC [M]  net/netfilter/nft_tunnel.o
  CC [M]  drivers/input/mouse/gpio_mouse.o
  CC [M]  drivers/input/keyboard/tca8418_keypad.o
  CC [M]  drivers/net/ethernet/aquantia/atlantic/aq_hw_utils.o
  CC [M]  drivers/i3c/master/mipi-i3c-hci/dma.o
  CC [M]  drivers/ata/pata_triflex.o
  CC [M]  drivers/net/ppp/ppp_mppe.o
  LD [M]  drivers/input/joystick/iforce/iforce.o
  CC [M]  drivers/gpu/drm/i915/gt/intel_gt_debugfs.o
  CC [M]  drivers/gpu/drm/nouveau/nvkm/falcon/gp102.o
  CC [M]  drivers/input/joystick/a3d.o
  CC [M]  drivers/net/phy/motorcomm.o
  CC [M]  net/bluetooth/l2cap_sock.o
  CC [M]  drivers/gpu/drm/gma500/psb_drv.o
  CC [M]  drivers/mfd/da9062-core.o
  CC [M]  drivers/input/mouse/psmouse-base.o
  CC [M]  drivers/gpu/drm/amd/amdgpu/amdgpu_csa.o
  CC [M]  fs/nfs/nfs4sysctl.o
  CC [M]  drivers/i3c/master/mipi-i3c-hci/cmd_v1.o
  CC [M]  drivers/net/ppp/ppp_synctty.o
  CC [M]  drivers/net/ethernet/amd/xgbe/xgbe-phy-v1.o
  CC [M]  drivers/scsi/pm8001/pm8001_hwi.o
  CC      drivers/usb/core/endpoint.o
  CC      drivers/i2c/busses/i2c-designware-common.o
  CC [M]  drivers/input/keyboard/iqs62x-keys.o
  CC [M]  sound/soc/codecs/rt700.o
  CC [M]  drivers/net/ethernet/aquantia/atlantic/aq_ethtool.o
  CC [M]  drivers/ata/pata_via.o
  CC [M]  fs/ntfs3/index.o
  CC [M]  drivers/input/keyboard/lkkbd.o
  CC [M]  drivers/input/joystick/adc-joystick.o
  CC [M]  fs/smb/client/xattr.o
  CC [M]  drivers/gpu/drm/nouveau/nvkm/falcon/ga100.o
  CC [M]  drivers/gpu/drm/nouveau/nvkm/falcon/ga102.o
  CC [M]  drivers/gpu/drm/i915/gt/intel_gt_engines_debugfs.o
  CC [M]  net/netfilter/nft_log.o
  CC [M]  drivers/gpu/drm/radeon/rs780_dpm.o
  CC [M]  drivers/mfd/da9150-core.o
  CC [M]  drivers/gpu/drm/gma500/psb_intel_display.o
  CC      drivers/usb/core/devio.o
  CC [M]  sound/soc/sof/control.o
  CC      drivers/usb/dwc2/hcd_intr.o
  CC [M]  drivers/net/ppp/pppox.o
  CC [M]  drivers/ata/pata_sl82c105.o
  CC [M]  drivers/gpu/drm/amd/amdgpu/amdgpu_ras.o
  CC [M]  drivers/i3c/master/mipi-i3c-hci/cmd_v2.o
  CC [M]  fs/nfs/pnfs.o
  CC [M]  drivers/input/mouse/synaptics.o
  CC      drivers/rtc/nvmem.o
  CC [M]  drivers/input/joystick/adi.o
  CC [M]  drivers/input/keyboard/lm8323.o
  AR      drivers/net/ethernet/arc/built-in.a
  CC [M]  drivers/net/ethernet/aquantia/atlantic/aq_drvinfo.o
  CC [M]  drivers/net/ethernet/amd/xgbe/xgbe-phy-v2.o
  CC [M]  drivers/net/phy/national.o
  CC [M]  sound/soc/codecs/rt700-sdw.o
  AR      drivers/i3c/built-in.a
  CC [M]  drivers/mfd/max8907.o
  CC [M]  net/sunrpc/sched.o
  CC [M]  drivers/net/ethernet/amd/xgbe/xgbe-platform.o
  CC [M]  drivers/gpu/drm/nouveau/nvkm/subdev/acr/base.o
  CC      drivers/i2c/busses/i2c-designware-master.o
  CC [M]  drivers/gpu/drm/i915/gt/intel_gt_irq.o
  CC [M]  drivers/net/phy/nxp-c45-tja11xx.o
  CC [M]  sound/soc/sof/trace.o
  CC [M]  drivers/ata/pata_cmd640.o
  CC [M]  drivers/gpu/drm/gma500/psb_intel_lvds.o
  CC [M]  fs/smb/client/cifs_spnego.o
  CC [M]  net/netfilter/nft_masq.o
  CC [M]  drivers/gpu/drm/radeon/rv6xx_dpm.o
  CC [M]  drivers/input/joystick/as5011.o
  CC [M]  drivers/i3c/master/mipi-i3c-hci/dat_v1.o
  CC      drivers/rtc/dev.o
  CC [M]  drivers/net/phy/nxp-tja11xx.o
  CC [M]  drivers/net/ethernet/aquantia/atlantic/aq_filters.o
  CC [M]  drivers/input/keyboard/lm8333.o
  CC [M]  fs/ntfs3/lznt.o
  CC [M]  drivers/net/ppp/pppoe.o
  CC [M]  drivers/mfd/mp2629.o
  CC [M]  sound/soc/codecs/rt711.o
  CC [M]  net/bluetooth/smp.o
  CC      drivers/usb/dwc2/hcd_queue.o
  CC [M]  drivers/input/mouse/focaltech.o
  CC [M]  drivers/ata/pata_mpiix.o
  CC [M]  drivers/gpu/drm/radeon/rv770_dpm.o
  CC [M]  drivers/gpu/drm/nouveau/nvkm/subdev/acr/lsfw.o
  CC [M]  sound/soc/sof/iomem-utils.o
  CC      drivers/rtc/proc.o
  CC [M]  fs/nfs/pnfs_dev.o
  CC [M]  drivers/gpu/drm/i915/gt/intel_gt_mcr.o
  CC [M]  drivers/i3c/master/mipi-i3c-hci/dct_v1.o
  CC [M]  drivers/input/joystick/analog.o
  CC [M]  drivers/gpu/drm/gma500/psb_intel_modes.o
  CC [M]  drivers/scsi/pm8001/pm80xx_hwi.o
  CC [M]  net/netfilter/nft_redir.o
  CC      drivers/usb/core/notify.o
  CC [M]  fs/ntfs3/namei.o
  CC [M]  drivers/input/keyboard/matrix_keypad.o
  CC [M]  fs/smb/client/dfs_cache.o
  CC [M]  drivers/mfd/mt6360-core.o
  CC [M]  drivers/net/ethernet/amd/xgbe/xgbe-pci.o
  CC [M]  drivers/input/mouse/alps.o
  CC [M]  drivers/input/keyboard/max7359_keypad.o
  CC      drivers/i2c/busses/i2c-designware-platdrv.o
  CC      drivers/rtc/sysfs.o
  CC [M]  drivers/net/phy/qsemi.o
  CC [M]  drivers/gpu/drm/amd/amdgpu/amdgpu_vm_cpu.o
  CC [M]  drivers/ata/pata_ns87410.o
  CC [M]  sound/soc/codecs/rt711-sdw.o
  CC [M]  drivers/gpu/drm/nouveau/nvkm/subdev/acr/gm200.o
  CC [M]  drivers/net/ethernet/aquantia/atlantic/aq_phy.o
  CC [M]  drivers/net/ethernet/aquantia/atlantic/hw_atl/hw_atl_a0.o
  CC      drivers/usb/dwc2/hcd_ddma.o
  LD [M]  drivers/i3c/master/mipi-i3c-hci/mipi-i3c-hci.o
  CC [M]  drivers/net/ppp/pptp.o
  CC [M]  drivers/i3c/master/dw-i3c-master.o
  CC [M]  drivers/gpu/drm/gma500/psb_intel_sdvo.o
  CC [M]  drivers/input/joystick/cobra.o
  CC [M]  fs/ntfs3/record.o
  CC [M]  sound/soc/sof/sof-audio.o
  CC [M]  drivers/gpu/drm/gma500/psb_lid.o
  CC [M]  drivers/mfd/mt6397-core.o
  CC [M]  drivers/gpu/drm/i915/gt/intel_gt_pm.o
  CC [M]  drivers/input/keyboard/mcs_touchkey.o
  CC      drivers/usb/core/generic.o
  CC      drivers/i2c/busses/i2c-designware-baytrail.o
  CC [M]  drivers/net/phy/realtek.o
  CC [M]  net/netfilter/nft_hash.o
  CC [M]  drivers/net/ethernet/amd/xgbe/xgbe-dcb.o
  CC [M]  drivers/ata/pata_opti.o
  CC      drivers/rtc/rtc-mc146818-lib.o
  CC [M]  sound/soc/codecs/rt711-sdca.o
  CC [M]  drivers/gpu/drm/amd/amdgpu/amdgpu_vm_sdma.o
  CC [M]  drivers/gpu/drm/radeon/rv730_dpm.o
  CC [M]  drivers/i3c/master/svc-i3c-master.o
  CC [M]  drivers/mfd/mt6397-irq.o
  CC [M]  drivers/gpu/drm/nouveau/nvkm/subdev/acr/gm20b.o
  CC [M]  drivers/input/joystick/db9.o
  CC [M]  fs/ntfs3/run.o
  CC      drivers/usb/dwc2/debugfs.o
  CC [M]  drivers/input/joystick/fsia6b.o
  CC [M]  drivers/input/mouse/byd.o
  CC [M]  net/bluetooth/lib.o
  CC [M]  drivers/net/ethernet/aquantia/atlantic/hw_atl/hw_atl_b0.o
  CC [M]  drivers/i2c/busses/i2c-scmi.o
  CC [M]  drivers/ata/pata_pcmcia.o
  CC [M]  fs/smb/client/dfs.o
  CC [M]  drivers/input/keyboard/mpr121_touchkey.o
  CC [M]  drivers/net/ethernet/amd/amd8111e.o
  CC [M]  drivers/net/ethernet/amd/xgbe/xgbe-debugfs.o
  CC [M]  fs/nfs/pnfs_nfs.o
  CC [M]  drivers/net/phy/uPD60620.o
  CC [M]  drivers/gpu/drm/i915/gt/intel_gt_pm_debugfs.o
  CC      drivers/usb/core/quirks.o
  AR      drivers/net/ppp/built-in.a
  CC [M]  sound/soc/sof/stream-ipc.o
  CC [M]  net/netfilter/nft_fib.o
  CC [M]  drivers/mfd/mt6358-irq.o
  CC      drivers/rtc/rtc-cmos.o
  CC [M]  drivers/rtc/rtc-88pm80x.o
  CC [M]  drivers/gpu/drm/nouveau/nvkm/subdev/acr/gp102.o
  CC [M]  drivers/gpu/drm/gma500/psb_irq.o
  CC [M]  drivers/input/mouse/elantech.o
  CC [M]  drivers/gpu/drm/radeon/rv740_dpm.o
  CC [M]  drivers/net/ethernet/amd/nmclan_cs.o
  CC [M]  drivers/gpu/drm/amd/amdgpu/amdgpu_discovery.o
  CC [M]  drivers/input/joystick/gamecon.o
  CC [M]  sound/soc/codecs/rt711-sdca-sdw.o
  CC [M]  drivers/usb/dwc2/pci.o
  CC [M]  drivers/gpu/drm/ast/ast_drv.o
  CC [M]  drivers/i2c/busses/i2c-ccgx-ucsi.o
  CC [M]  fs/ntfs3/super.o
  CC [M]  drivers/ata/pata_rz1000.o
  CC [M]  drivers/mfd/pcf50633-core.o
  CC [M]  drivers/input/keyboard/mtk-pmic-keys.o
  CC [M]  drivers/i3c/device.o
  CC [M]  drivers/scsi/pm8001/pm80xx_tracepoints.o
  CC [M]  drivers/net/phy/rockchip.o
  CC      drivers/usb/core/devices.o
  AR      drivers/net/ethernet/asix/built-in.a
  CC [M]  drivers/gpu/drm/qxl/qxl_drv.o
  LD [M]  drivers/net/ethernet/amd/xgbe/amd-xgbe.o
  CC [M]  drivers/rtc/rtc-88pm860x.o
  CC [M]  net/bluetooth/ecdh_helper.o
  CC [M]  drivers/net/ethernet/aquantia/atlantic/hw_atl/hw_atl_utils.o
  CC [M]  fs/jffs2/compr.o
  CC [M]  drivers/gpu/drm/i915/gt/intel_gt_pm_irq.o
  CC [M]  drivers/gpu/drm/nouveau/nvkm/subdev/acr/gp108.o
  CC [M]  fs/jffs2/dir.o
  CC [M]  drivers/gpu/drm/gma500/opregion.o
  CC [M]  sound/soc/codecs/rt712-sdca.o
  AR      drivers/usb/dwc2/built-in.a
  CC [M]  drivers/input/keyboard/newtonkbd.o
  LD [M]  drivers/usb/dwc2/dwc2_pci.o
  CC [M]  drivers/gpu/drm/radeon/rv770_smc.o
  CC [M]  fs/smb/client/netlink.o
  CC [M]  drivers/gpu/drm/ast/ast_i2c.o
  CC [M]  fs/ubifs/shrinker.o
  CC [M]  drivers/ata/pata_acpi.o
  CC [M]  sound/soc/sof/ipc3.o
  CC [M]  drivers/input/joystick/gf2k.o
  CC [M]  drivers/net/ethernet/amd/pcnet32.o
  CC [M]  net/netfilter/nft_fib_inet.o
  CC [M]  drivers/net/phy/smsc.o
  CC      drivers/usb/core/phy.o
  CC [M]  drivers/input/mouse/logips2pp.o
  LD [M]  drivers/scsi/pm8001/pm80xx.o
  CC [M]  drivers/gpu/drm/qxl/qxl_kms.o
  CC [M]  drivers/rtc/rtc-ab-b5ze-s3.o
  CC [M]  drivers/i2c/busses/i2c-ali1535.o
  CC [M]  drivers/scsi/isci/init.o
  CC [M]  net/bluetooth/hci_request.o
  CC [M]  drivers/input/keyboard/opencores-kbd.o
  CC [M]  drivers/scsi/isci/phy.o
  CC [M]  drivers/mfd/pcf50633-irq.o
  CC [M]  drivers/i3c/master.o
  CC [M]  fs/ntfs3/upcase.o
  CC [M]  drivers/gpu/drm/nouveau/nvkm/subdev/acr/gv100.o
  CC [M]  fs/jffs2/file.o
  CC [M]  drivers/gpu/drm/amd/amdgpu/amdgpu_ras_eeprom.o
  CC [M]  fs/ubifs/journal.o
  CC [M]  drivers/gpu/drm/i915/gt/intel_gt_requests.o
  CC [M]  drivers/gpu/drm/gma500/fbdev.o
  CC [M]  drivers/gpu/drm/ast/ast_main.o
  CC [M]  drivers/ata/pata_legacy.o
  CC [M]  fs/nfs/nfs42proc.o
  CC [M]  drivers/input/joystick/grip.o
  CC [M]  fs/smb/client/cifs_swn.o
  CC [M]  drivers/gpu/drm/radeon/cypress_dpm.o
  CC [M]  drivers/net/ethernet/aquantia/atlantic/hw_atl/hw_atl_utils_fw2x.o
  CC [M]  sound/soc/codecs/rt712-sdca-sdw.o
  CC [M]  drivers/input/mouse/lifebook.o
  CC [M]  drivers/input/keyboard/qt1050.o
  CC [M]  drivers/gpu/drm/qxl/qxl_display.o
  CC [M]  net/netfilter/nft_fib_netdev.o
  CC [M]  drivers/rtc/rtc-ab-eoz9.o
  CC [M]  fs/ntfs3/xattr.o
  CC [M]  drivers/i2c/busses/i2c-ali1563.o
  CC [M]  drivers/i2c/busses/i2c-ali15x3.o
  CC [M]  fs/jffs2/ioctl.o
  CC      drivers/usb/core/port.o
  CC [M]  drivers/gpu/drm/nouveau/nvkm/subdev/acr/gp10b.o
  CC [M]  drivers/input/mouse/sentelic.o
  CC [M]  drivers/scsi/isci/request.o
  CC [M]  drivers/input/joystick/grip_mp.o
  LD [M]  drivers/gpu/drm/gma500/gma500_gfx.o
  CC [M]  drivers/gpu/drm/i915/gt/intel_gt_sysfs.o
  CC [M]  net/bluetooth/mgmt_util.o
  CC [M]  sound/soc/codecs/rt712-sdca-dmic.o
  CC [M]  sound/soc/sof/ipc3-loader.o
  CC [M]  drivers/net/phy/ste10Xp.o
  CC [M]  drivers/mfd/pcf50633-adc.o
  CC      drivers/usb/core/hcd-pci.o
  CC [M]  drivers/gpu/drm/ast/ast_mm.o
  CC [M]  drivers/input/keyboard/qt1070.o
  CC [M]  fs/jffs2/nodelist.o
  CC [M]  drivers/net/ethernet/aquantia/atlantic/hw_atl/hw_atl_llh.o
  CC [M]  drivers/net/ethernet/aquantia/atlantic/hw_atl2/hw_atl2.o
  CC [M]  drivers/gpu/drm/amd/amdgpu/amdgpu_nbio.o
  CC [M]  drivers/rtc/rtc-abx80x.o
  CC [M]  net/netfilter/nft_socket.o
  CC [M]  fs/ubifs/file.o
  CC [M]  drivers/gpu/drm/qxl/qxl_ttm.o
  CC [M]  drivers/gpu/drm/nouveau/nvkm/subdev/acr/tu102.o
  CC [M]  net/sunrpc/auth.o
  CC [M]  fs/smb/client/fscache.o
  CC [M]  fs/ntfs3/lib/decompress_common.o
  CC [M]  drivers/rtc/rtc-bq32k.o
  CC [M]  drivers/i2c/busses/i2c-amd756.o
  CC [M]  drivers/input/mouse/trackpoint.o
  CC [M]  drivers/input/joystick/guillemot.o
  AR      drivers/ata/built-in.a
  LD [M]  drivers/i3c/i3c.o
  CC [M]  net/netfilter/nft_osf.o
  CC [M]  fs/affs/super.o
  AR      drivers/input/tablet/built-in.a
  CC [M]  drivers/gpu/drm/radeon/btc_dpm.o
  CC [M]  drivers/input/tablet/acecad.o
  CC [M]  drivers/gpu/drm/ast/ast_mode.o
  CC [M]  drivers/net/phy/teranetics.o
  CC [M]  sound/soc/sof/ipc3-topology.o
  CC [M]  drivers/gpu/drm/i915/gt/intel_gt_sysfs_pm.o
  CC [M]  fs/ntfs3/lib/lzx_decompress.o
  CC [M]  sound/soc/codecs/rt715.o
  CC [M]  drivers/input/keyboard/qt2160.o
  CC [M]  fs/jffs2/malloc.o
  CC [M]  net/bluetooth/mgmt_config.o
  CC [M]  drivers/gpu/drm/qxl/qxl_object.o
  CC [M]  drivers/mfd/pcf50633-gpio.o
  CC [M]  drivers/gpu/drm/amd/amdgpu/amdgpu_umc.o
  CC [M]  drivers/input/tablet/aiptek.o
  CC [M]  drivers/input/mouse/touchkit_ps2.o
  CC [M]  drivers/gpu/drm/nouveau/nvkm/subdev/acr/ga100.o
  CC [M]  drivers/rtc/rtc-cros-ec.o
  CC [M]  drivers/input/joystick/interact.o
  CC      drivers/usb/core/usb-acpi.o
  CC [M]  drivers/input/tablet/hanwang.o
  CC [M]  drivers/net/ethernet/aquantia/atlantic/hw_atl2/hw_atl2_utils.o
  CC [M]  drivers/gpu/drm/amd/amdgpu/smu_v11_0_i2c.o
  CC [M]  drivers/scsi/isci/remote_device.o
  CC [M]  fs/ntfs3/lib/xpress_decompress.o
  CC      drivers/net/slip/slhc.o
  CC [M]  drivers/net/phy/vitesse.o
  CC [M]  fs/jffs2/read.o
  CC [M]  fs/affs/namei.o
  CC [M]  fs/ubifs/dir.o
  CC [M]  fs/smb/client/smb1ops.o
  CC [M]  drivers/input/mouse/cypress_ps2.o
  CC [M]  fs/nfs/nfs42xattr.o
  CC [M]  drivers/input/keyboard/samsung-keypad.o
  CC [M]  drivers/i2c/busses/i2c-amd756-s4882.o
  LD [M]  fs/ntfs3/ntfs3.o
  CC [M]  drivers/gpu/drm/qxl/qxl_gem.o
  CC [M]  drivers/rtc/rtc-da9052.o
  CC [M]  net/netfilter/nft_tproxy.o
  CC [M]  drivers/input/joystick/joydump.o
  CC [M]  sound/soc/codecs/rt715-sdw.o
  CC [M]  drivers/net/phy/xilinx_gmii2rgmii.o
  CC [M]  net/bluetooth/hci_codec.o
  CC [M]  drivers/input/mouse/vmmouse.o
  CC [M]  drivers/gpu/drm/nouveau/nvkm/subdev/acr/ga102.o
  CC [M]  drivers/net/ethernet/aquantia/atlantic/hw_atl2/hw_atl2_utils_fw.o
  CC [M]  drivers/gpu/drm/i915/gt/intel_gtt.o
  CC [M]  drivers/input/tablet/kbtab.o
  CC [M]  sound/soc/sof/ipc3-control.o
  CC [M]  drivers/gpu/drm/radeon/sumo_dpm.o
  CC [M]  fs/jffs2/nodemgmt.o
  CC [M]  drivers/gpu/drm/ast/ast_post.o
  CC [M]  fs/affs/inode.o
  CC [M]  drivers/input/mouse/psmouse-smbus.o
  CC [M]  drivers/input/joystick/magellan.o
  CC [M]  drivers/mfd/kempld-core.o
  CC [M]  drivers/usb/core/ledtrig-usbport.o
  CC [M]  drivers/gpu/drm/radeon/sumo_smc.o
  CC [M]  drivers/gpu/drm/qxl/qxl_cmd.o
  CC [M]  drivers/input/keyboard/stowaway.o
  CC [M]  drivers/gpu/drm/amd/amdgpu/amdgpu_fru_eeprom.o
  CC [M]  fs/romfs/storage.o
  CC [M]  drivers/i2c/busses/i2c-amd8111.o
  CC [M]  drivers/rtc/rtc-da9055.o
  AR      drivers/net/wan/built-in.a
  CC [M]  drivers/net/wan/hdlc.o
  CC [M]  net/sunrpc/auth_null.o
  CC [M]  drivers/scsi/isci/port.o
  CC [M]  fs/ubifs/super.o
  CC [M]  drivers/input/tablet/pegasus_notetaker.o
  CC [M]  drivers/input/joystick/psxpad-spi.o
  CC [M]  drivers/gpu/drm/nouveau/nvkm/subdev/bar/base.o
  CC [M]  net/bluetooth/eir.o
  CC [M]  fs/jffs2/readinode.o
  CC [M]  fs/affs/file.o
  CC [M]  drivers/input/mouse/sermouse.o
  LD [M]  drivers/net/phy/aquantia.o
  CC [M]  net/netfilter/nft_xfrm.o
  CC [M]  sound/soc/sof/ipc3-pcm.o
  AR      drivers/net/phy/built-in.a
  LD [M]  fs/nfs/nfs.o
  CC [M]  drivers/input/keyboard/sunkbd.o
  CC [M]  drivers/input/joystick/pxrc.o
  CC [M]  drivers/net/ethernet/aquantia/atlantic/hw_atl2/hw_atl2_llh.o
  CC [M]  fs/romfs/super.o
  AR      drivers/usb/core/built-in.a
  CC [M]  sound/soc/codecs/rt715-sdca.o
  CC [M]  drivers/rtc/rtc-da9063.o
  CC [M]  fs/smb/client/cifssmb.o
  CC      drivers/usb/host/pci-quirks.o
  CC [M]  drivers/mfd/intel_quark_i2c_gpio.o
  LD [M]  fs/nfs/nfsv2.o
  LD [M]  fs/nfs/nfsv3.o
  CC [M]  drivers/gpu/drm/i915/gt/intel_llc.o
  CC [M]  drivers/net/slip/slip.o
  CC [M]  drivers/gpu/drm/i915/gt/intel_lrc.o
  LD [M]  fs/nfs/nfsv4.o
  CC [M]  drivers/i2c/busses/i2c-cht-wc.o
  CC [M]  drivers/gpu/drm/qxl/qxl_image.o
  CC [M]  drivers/input/tablet/wacom_serial4.o
  CC [M]  drivers/gpu/drm/amd/amdgpu/amdgpu_rap.o
  CC [M]  net/sunrpc/auth_tls.o
  CC [M]  drivers/gpu/drm/i915/gt/intel_migrate.o
  CC [M]  drivers/gpu/drm/ast/ast_dp501.o
  CC [M]  drivers/input/mouse/synaptics_i2c.o
  CC [M]  drivers/gpu/drm/nouveau/nvkm/subdev/bar/nv50.o
  CC [M]  drivers/gpu/drm/radeon/trinity_dpm.o
  CC [M]  drivers/net/wan/hdlc_raw.o
  CC [M]  drivers/input/joystick/qwiic-joystick.o
  CC [M]  drivers/input/keyboard/tm2-touchkey.o
  CC [M]  drivers/rtc/rtc-ds1286.o
  CC [M]  drivers/net/ethernet/aquantia/atlantic/macsec/macsec_api.o
  LD [M]  fs/romfs/romfs.o
  CC [M]  sound/soc/sof/ipc3-dtrace.o
  CC [M]  net/rxrpc/af_rxrpc.o
  CC [M]  kernel/kheaders.o
  CC [M]  fs/jffs2/write.o
  CC [M]  drivers/mfd/lpc_sch.o
  CC [M]  net/bluetooth/hci_sync.o
  CC [M]  drivers/scsi/isci/host.o
  CC [M]  drivers/net/ethernet/atheros/atlx/atl1.o
  CC [M]  drivers/gpu/drm/qxl/qxl_draw.o
  CC [M]  fs/ubifs/sb.o
  CC [M]  fs/affs/dir.o
  CC [M]  drivers/i2c/busses/i2c-i801.o
  CC [M]  net/netfilter/nft_synproxy.o
  CC [M]  sound/soc/codecs/rt715-sdca-sdw.o
  AR      drivers/net/ethernet/cadence/built-in.a
  CC [M]  drivers/net/ethernet/cadence/macb_main.o
  CC [M]  drivers/net/ethernet/broadcom/genet/bcmgenet.o
  CC [M]  fs/ubifs/io.o
  CC [M]  drivers/input/mouse/synaptics_usb.o
  CC [M]  drivers/gpu/drm/ast/ast_dp.o
  CC [M]  drivers/gpu/drm/amd/amdgpu/amdgpu_fw_attestation.o
  CC [M]  drivers/rtc/rtc-ds1302.o
  CC [M]  drivers/input/joystick/sidewinder.o
  CC [M]  drivers/gpu/drm/nouveau/nvkm/subdev/bar/g84.o
  CC      drivers/usb/host/ehci-hcd.o
  CC [M]  drivers/net/wan/hdlc_raw_eth.o
  CC [M]  net/sunrpc/auth_unix.o
  CC [M]  drivers/input/keyboard/twl4030_keypad.o
  CC [M]  drivers/net/ethernet/cadence/macb_ptp.o
  AR      drivers/net/slip/built-in.a
  CC [M]  drivers/scsi/qla2xxx/qla_os.o
  CC [M]  drivers/mfd/lpc_ich.o
  CC [M]  drivers/gpu/drm/i915/gt/intel_mocs.o
  CC [M]  fs/jffs2/scan.o
  CC [M]  drivers/gpu/drm/qxl/qxl_debugfs.o
  CC [M]  fs/affs/amigaffs.o
  CC [M]  sound/soc/sof/ipc4.o
  CC [M]  sound/soc/codecs/sdw-mockup.o
  CC [M]  drivers/i2c/busses/i2c-isch.o
  CC [M]  drivers/gpu/drm/radeon/trinity_smc.o
  CC [M]  drivers/input/mouse/vsxxxaa.o
  CC [M]  drivers/rtc/rtc-ds1305.o
  CC [M]  drivers/gpu/drm/nouveau/nvkm/subdev/bar/gf100.o
  CC [M]  drivers/input/keyboard/xtkbd.o
  LD [M]  drivers/gpu/drm/ast/ast.o
  CC [M]  drivers/net/wan/hdlc_cisco.o
  CC [M]  net/netfilter/nft_chain_nat.o
  CC [M]  drivers/i2c/busses/i2c-ismt.o
  CC [M]  drivers/gpu/drm/amd/amdgpu/amdgpu_securedisplay.o
  CC [M]  drivers/gpu/drm/qxl/qxl_irq.o
  CC [M]  fs/ubifs/tnc.o
  CC [M]  drivers/net/ethernet/aquantia/atlantic/aq_ptp.o
  CC [M]  drivers/mfd/rdc321x-southbridge.o
  CC [M]  drivers/gpu/drm/i915/gt/intel_ppgtt.o
  CC [M]  drivers/scsi/isci/task.o
  CC [M]  net/sunrpc/svc.o
  CC [M]  fs/affs/bitmap.o
  CC [M]  drivers/gpu/drm/nouveau/nvkm/subdev/bar/gk20a.o
  CC [M]  sound/soc/codecs/sgtl5000.o
  CC [M]  fs/jffs2/gc.o
  CC [M]  drivers/net/ethernet/cadence/macb_pci.o
  CC [M]  drivers/input/joystick/spaceball.o
  CC [M]  sound/soc/sof/ipc4-loader.o
  CC [M]  drivers/scsi/isci/probe_roms.o
  CC [M]  drivers/scsi/isci/remote_node_context.o
  LD [M]  drivers/input/mouse/cyapatp.o
  CC [M]  drivers/gpu/drm/radeon/ni_dpm.o
  LD [M]  drivers/input/mouse/elan_i2c.o
  LD [M]  drivers/input/mouse/psmouse.o
  CC [M]  drivers/net/ethernet/atheros/atlx/atl2.o
  CC [M]  drivers/mfd/janz-cmodio.o
  CC [M]  drivers/rtc/rtc-ds1307.o
  CC [M]  drivers/scsi/isci/remote_node_table.o
  CC [M]  drivers/gpu/drm/qxl/qxl_dumb.o
  AR      drivers/input/keyboard/built-in.a
  CC [M]  drivers/net/ethernet/broadcom/genet/bcmmii.o
  CC [M]  drivers/net/wan/hdlc_fr.o
  CC [M]  drivers/input/joystick/spaceorb.o
  CC [M]  fs/affs/symlink.o
  CC [M]  drivers/gpu/drm/nouveau/nvkm/subdev/bar/gm107.o
  CC [M]  drivers/gpu/drm/amd/amdgpu/amdgpu_eeprom.o
  CC [M]  drivers/i2c/busses/i2c-nforce2.o
  CC [M]  net/netfilter/nft_dup_netdev.o
  CC [M]  drivers/net/ethernet/broadcom/genet/bcmgenet_wol.o
  CC [M]  drivers/gpu/drm/i915/gt/intel_rc6.o
  CC [M]  drivers/net/wan/hdlc_ppp.o
  CC [M]  fs/smb/client/cifs_spnego_negtokeninit.asn1.o
  CC [M]  drivers/net/wan/hdlc_x25.o
  CC [M]  fs/smb/client/asn1.o
  CC [M]  drivers/net/ethernet/brocade/bna/bnad.o
  CC [M]  fs/jffs2/symlink.o
  CC [M]  net/rxrpc/call_accept.o
  CC [M]  drivers/mfd/vx855.o
  CC [M]  drivers/gpu/drm/qxl/qxl_ioctl.o
  LD [M]  drivers/net/ethernet/cadence/macb.o
  CC [M]  sound/soc/codecs/sigmadsp.o
  CC [M]  net/rxrpc/call_event.o
  CC [M]  drivers/net/ethernet/aquantia/atlantic/aq_macsec.o
  CC [M]  sound/soc/sof/ipc4-topology.o
  CC [M]  drivers/scsi/isci/unsolicited_frame_control.o
  CC [M]  drivers/input/joystick/stinger.o
  LD [M]  fs/affs/affs.o
  CC [M]  drivers/gpu/drm/virtio/virtgpu_drv.o
  CC [M]  drivers/gpu/drm/nouveau/nvkm/subdev/bar/gm20b.o
  CC [M]  net/rxrpc/call_object.o
  CC [M]  fs/jffs2/build.o
  CC [M]  drivers/rtc/rtc-ds1343.o
  CC [M]  fs/ubifs/master.o
  CC [M]  net/netfilter/nft_fwd_netdev.o
  CC [M]  drivers/gpu/drm/amd/amdgpu/amdgpu_mca.o
  CC [M]  drivers/mfd/wl1273-core.o
  LD [M]  drivers/net/ethernet/broadcom/genet/genet.o
  CC      drivers/usb/host/ehci-pci.o
  CC [M]  drivers/input/joystick/tmdc.o
  CC [M]  drivers/gpu/drm/qxl/qxl_release.o
  CC [M]  drivers/net/ethernet/broadcom/bnx2x/bnx2x_main.o
  CC [M]  drivers/net/wan/farsync.o
  CC [M]  drivers/media/i2c/ccs/ccs-core.o
  CC [M]  drivers/scsi/isci/port_config.o
  CC [M]  drivers/gpu/drm/i915/gt/intel_region_lmem.o
  CC [M]  drivers/i2c/busses/i2c-nforce2-s4985.o
  LD [M]  fs/smb/client/cifs.o
  CC [M]  drivers/gpu/drm/virtio/virtgpu_kms.o
  CC [M]  drivers/net/ethernet/atheros/atl1e/atl1e_main.o
  CC [M]  drivers/gpu/drm/nouveau/nvkm/subdev/bar/tu102.o
  CC [M]  fs/jffs2/erase.o
  CC [M]  drivers/rtc/rtc-ds1347.o
  CC [M]  drivers/scsi/qla2xxx/qla_init.o
  CC [M]  net/bluetooth/coredump.o
  CC [M]  fs/ubifs/scan.o
  CC [M]  drivers/net/ethernet/broadcom/bnx2x/bnx2x_link.o
  CC [M]  drivers/net/ethernet/broadcom/bnx2x/bnx2x_cmn.o
  CC      drivers/usb/host/ehci-platform.o
  CC [M]  drivers/net/ethernet/atheros/atl1e/atl1e_hw.o
  CC [M]  drivers/mfd/si476x-cmd.o
  CC [M]  drivers/input/joystick/turbografx.o
  CC [M]  sound/soc/codecs/sigmadsp-i2c.o
  CC [M]  net/netfilter/nf_flow_table_core.o
  CC [M]  net/sunrpc/svcsock.o
  CC [M]  drivers/gpu/drm/qxl/qxl_prime.o
  CC [M]  sound/soc/sof/ipc4-control.o
  CC [M]  drivers/gpu/drm/amd/amdgpu/amdgpu_psp_ta.o
  CC [M]  drivers/gpu/drm/virtio/virtgpu_gem.o
  CC [M]  drivers/i2c/busses/i2c-nvidia-gpu.o
  LD [M]  drivers/scsi/isci/isci.o
  CC [M]  drivers/gpu/drm/radeon/si_smc.o
  CC [M]  drivers/net/ethernet/broadcom/bnx2x/bnx2x_ethtool.o
  CC [M]  drivers/gpu/drm/i915/gt/intel_renderstate.o
  CC [M]  net/rxrpc/call_state.o
  LD [M]  drivers/net/ethernet/aquantia/atlantic/atlantic.o
  CC [M]  drivers/net/ethernet/broadcom/bnx2x/bnx2x_stats.o
  CC [M]  drivers/media/i2c/ccs/ccs-reg-access.o
  CC [M]  fs/jffs2/background.o
  CC [M]  drivers/gpu/drm/nouveau/nvkm/subdev/bios/base.o
  CC [M]  drivers/rtc/rtc-ds1374.o
  CC [M]  drivers/net/ethernet/atheros/atl1c/atl1c_main.o
  CC [M]  fs/ubifs/replay.o
  CC [M]  drivers/input/joystick/twidjoy.o
  CC [M]  drivers/net/wan/lapbether.o
  LD [M]  drivers/gpu/drm/qxl/qxl.o
  CC      drivers/usb/host/ohci-hcd.o
  CC [M]  drivers/net/ethernet/atheros/atl1c/atl1c_hw.o
  CC [M]  drivers/net/ethernet/brocade/bna/bnad_ethtool.o
  CC [M]  drivers/mfd/si476x-prop.o
  CC [M]  sound/soc/sof/ipc4-pcm.o
  CC [M]  drivers/gpu/drm/virtio/virtgpu_vram.o
  CC [M]  fs/jffs2/fs.o
  CC [M]  drivers/i2c/busses/i2c-piix4.o
  CC [M]  drivers/gpu/drm/amd/amdgpu/amdgpu_lsdma.o
  CC [M]  drivers/gpu/drm/radeon/si_dpm.o
  CC [M]  drivers/input/joystick/warrior.o
  CC [M]  sound/soc/codecs/sigmadsp-regmap.o
  CC [M]  drivers/gpu/drm/nouveau/nvkm/subdev/bios/bit.o
  CC [M]  drivers/rtc/rtc-ds1390.o
  CC [M]  drivers/net/ethernet/atheros/atl1e/atl1e_ethtool.o
  CC [M]  drivers/media/i2c/ccs/ccs-quirk.o
  CC [M]  drivers/gpu/drm/i915/gt/intel_reset.o
  CC [M]  net/rxrpc/conn_client.o
  CC [M]  drivers/gpu/drm/vboxvideo/hgsmi_base.o
  CC [M]  drivers/gpu/drm/vboxvideo/modesetting.o
  CC [M]  net/bluetooth/sco.o
  CC [M]  fs/ubifs/log.o
  COPY    drivers/net/wan/wanxlfw.inc
  CC [M]  drivers/net/wan/pci200syn.o
  CC [M]  drivers/gpu/drm/virtio/virtgpu_display.o
  CC [M]  drivers/input/joystick/walkera0701.o
  CC [M]  fs/jffs2/writev.o
  CC [M]  drivers/rtc/rtc-ds1511.o
  CC [M]  drivers/gpu/drm/nouveau/nvkm/subdev/bios/boost.o
  CC [M]  drivers/media/i2c/ccs/ccs-limits.o
  CC [M]  drivers/media/i2c/ccs/ccs-data.o
  CC [M]  fs/ubifs/commit.o
  CC [M]  drivers/gpu/drm/amd/amdgpu/amdgpu_ring_mux.o
  CC [M]  drivers/mfd/si476x-i2c.o
  CC [M]  fs/ubifs/gc.o
  CC [M]  drivers/i2c/busses/i2c-sis5595.o
  CC [M]  drivers/gpu/drm/vboxvideo/vbva_base.o
  CC [M]  net/netfilter/nf_flow_table_ip.o
  CC [M]  sound/soc/codecs/si476x.o
  CC [M]  sound/soc/sof/ipc4-mtrace.o
  CC [M]  fs/jffs2/super.o
  CC [M]  drivers/input/joystick/xpad.o
  CC [M]  drivers/net/ethernet/atheros/atl1e/atl1e_param.o
  CC [M]  drivers/gpu/drm/virtio/virtgpu_vq.o
  CC [M]  drivers/gpu/drm/virtio/virtgpu_fence.o
  CC [M]  drivers/net/ethernet/brocade/bna/bnad_debugfs.o
  CC [M]  drivers/gpu/drm/radeon/kv_smc.o
  CC [M]  drivers/rtc/rtc-ds1553.o
  CC [M]  drivers/net/ethernet/atheros/atl1c/atl1c_ethtool.o
  CC [M]  drivers/gpu/drm/nouveau/nvkm/subdev/bios/conn.o
  CC [M]  net/rxrpc/conn_event.o
  CC [M]  drivers/gpu/drm/i915/gt/intel_ring.o
  CC [M]  net/sunrpc/svcauth.o
  CC [M]  drivers/net/wan/pc300too.o
  CC [M]  drivers/gpu/drm/radeon/kv_dpm.o
  CC [M]  drivers/gpu/drm/vboxvideo/vbox_drv.o
  LD [M]  drivers/media/i2c/ccs/ccs.o
  CC [M]  drivers/net/ethernet/brocade/bna/bna_enet.o
  CC [M]  drivers/i2c/busses/i2c-sis630.o
  CC [M]  net/bluetooth/iso.o
  CC [M]  drivers/media/i2c/cx25840/cx25840-core.o
  CC [M]  sound/soc/codecs/spdif_receiver.o
  CC [M]  fs/jffs2/debug.o
  CC [M]  fs/ubifs/orphan.o
  CC [M]  drivers/media/i2c/et8ek8/et8ek8_mode.o
  CC [M]  drivers/rtc/rtc-ds1672.o
  CC [M]  sound/soc/sof/sof-client.o
  CC [M]  drivers/gpu/drm/amd/amdgpu/amdgpu_xcp.o
  CC      drivers/usb/host/ohci-pci.o
  LD [M]  drivers/net/ethernet/atheros/atl1e/atl1e.o
  CC [M]  drivers/input/joystick/zhenhua.o
  CC      drivers/usb/host/ohci-platform.o
  CC      drivers/usb/host/uhci-hcd.o
  CC [M]  drivers/gpu/drm/nouveau/nvkm/subdev/bios/cstep.o
  CC [M]  drivers/mfd/intel-lpss.o
  CC [M]  drivers/gpu/drm/vboxvideo/vbox_hgsmi.o
  CC [M]  drivers/gpu/drm/virtio/virtgpu_object.o
  CC [M]  sound/soc/codecs/spdif_transmitter.o
  CC [M]  fs/jffs2/wbuf.o
  CC [M]  drivers/rtc/rtc-ds1685.o
  LD [M]  drivers/net/ethernet/atheros/atl1c/atl1c.o
  CC [M]  drivers/gpu/drm/i915/gt/intel_ring_submission.o
  CC [M]  drivers/media/i2c/cx25840/cx25840-audio.o
  CC [M]  drivers/net/ethernet/atheros/alx/main.o
  CC [M]  drivers/media/i2c/et8ek8/et8ek8_driver.o
  CC [M]  net/rxrpc/conn_object.o
  CC [M]  net/netfilter/nf_flow_table_offload.o
  CC [M]  drivers/i2c/busses/i2c-sis96x.o
  CC [M]  net/netfilter/nf_flow_table_procfs.o
  CC [M]  fs/ubifs/budget.o
  CC [M]  drivers/net/wan/wanxl.o
  AR      drivers/net/ethernet/cavium/common/built-in.a
  CC [M]  drivers/net/ethernet/cavium/common/cavium_ptp.o
  CC [M]  drivers/i2c/busses/i2c-via.o
  CC [M]  drivers/gpu/drm/vboxvideo/vbox_irq.o
  CC [M]  drivers/scsi/qla2xxx/qla_mbx.o
  CC [M]  drivers/gpu/drm/nouveau/nvkm/subdev/bios/dcb.o
  CC [M]  drivers/net/ethernet/brocade/bna/bna_tx_rx.o
  CC [M]  sound/soc/codecs/ssm2305.o
  CC      drivers/input/touchscreen/elants_i2c.o
  CC [M]  drivers/gpu/drm/amd/amdgpu/amdgpu_fdinfo.o
  CC [M]  drivers/gpu/drm/virtio/virtgpu_debugfs.o
  CC [M]  drivers/mfd/intel-lpss-pci.o
  CC [M]  drivers/gpu/drm/vboxvideo/vbox_main.o
  CC [M]  sound/soc/sof/sof-utils.o
  CC [M]  drivers/i2c/busses/i2c-viapro.o
  CC [M]  drivers/gpu/drm/radeon/ci_smc.o
  CC [M]  net/bluetooth/leds.o
  CC [M]  drivers/rtc/rtc-ds1742.o
  CC [M]  net/sunrpc/svcauth_unix.o
  CC [M]  fs/jffs2/xattr.o
  LD [M]  drivers/media/i2c/et8ek8/et8ek8.o
  CC      drivers/i2c/i2c-boardinfo.o
  AR      drivers/i2c/muxes/built-in.a
  CC [M]  drivers/i2c/muxes/i2c-mux-gpio.o
  CC [M]  drivers/input/touchscreen/88pm860x-ts.o
  CC [M]  fs/ubifs/find.o
  CC [M]  fs/jffs2/xattr_trusted.o
  CC [M]  sound/soc/codecs/ssm2518.o
  CC [M]  drivers/gpu/drm/nouveau/nvkm/subdev/bios/disp.o
  CC [M]  drivers/gpu/drm/virtio/virtgpu_plane.o
  CC [M]  drivers/gpu/drm/i915/gt/intel_rps.o
  CC [M]  fs/qnx4/inode.o
  CC [M]  net/rxrpc/conn_service.o
  CC [M]  fs/qnx4/dir.o
  CC [M]  sound/soc/sof/sof-acpi-dev.o
  CC [M]  drivers/mfd/intel-lpss-acpi.o
  CC [M]  drivers/gpu/drm/vboxvideo/vbox_mode.o
  AR      drivers/net/ethernet/cavium/thunder/built-in.a
  CC [M]  drivers/net/ethernet/cavium/thunder/thunder_xcv.o
  CC [M]  drivers/gpu/drm/amd/amdgpu/amdgpu_pmu.o
  CC      drivers/usb/host/xhci.o
  CC [M]  drivers/rtc/rtc-ds2404.o
  AR      drivers/net/ethernet/cavium/liquidio/built-in.a
  CC [M]  drivers/net/ethernet/cavium/liquidio/lio_ethtool.o
  CC [M]  drivers/media/i2c/cx25840/cx25840-firmware.o
  CC [M]  drivers/i2c/busses/i2c-amd-mp2-pci.o
  CC [M]  drivers/net/ethernet/atheros/alx/ethtool.o
  CC [M]  drivers/gpu/drm/i915/gt/intel_sa_media.o
  CC [M]  drivers/gpu/drm/radeon/ci_dpm.o
  CC [M]  drivers/gpu/drm/i915/gt/intel_sseu.o
  CC [M]  drivers/i2c/muxes/i2c-mux-ltc4306.o
  CC [M]  drivers/input/touchscreen/ad7877.o
  CC [M]  net/bluetooth/msft.o
  CC [M]  drivers/mfd/intel_pmc_bxt.o
  CC [M]  net/sunrpc/addr.o
  CC [M]  drivers/gpu/drm/nouveau/nvkm/subdev/bios/dp.o
  CC [M]  fs/ubifs/tnc_commit.o
  CC [M]  drivers/gpu/drm/virtio/virtgpu_ioctl.o
  CC [M]  fs/qnx4/namei.o
  CC [M]  sound/soc/codecs/ssm2602.o
  CC [M]  net/netfilter/nf_flow_table_inet.o
  CC [M]  drivers/rtc/rtc-ds3232.o
  CC [M]  fs/jffs2/xattr_user.o
  CC [M]  fs/jffs2/security.o
  CC [M]  drivers/net/ethernet/brocade/bna/bfa_msgq.o
  CC [M]  net/rxrpc/input.o
  CC [M]  drivers/media/i2c/cx25840/cx25840-vbi.o
  CC [M]  drivers/gpu/drm/vboxvideo/vbox_ttm.o
  AR      drivers/usb/storage/built-in.a
  CC [M]  sound/soc/sof/sof-pci-dev.o
  CC [M]  drivers/usb/storage/uas.o
  CC [M]  drivers/net/ethernet/atheros/alx/hw.o
  CC [M]  drivers/gpu/drm/amd/amdgpu/cik.o
  CC [M]  drivers/i2c/muxes/i2c-mux-mlxcpld.o
  CC [M]  drivers/input/touchscreen/ad7879.o
  CC [M]  drivers/mfd/viperboard.o
  CC [M]  fs/qnx4/bitmap.o
  CC [M]  fs/jffs2/acl.o
  CC [M]  drivers/i2c/busses/i2c-amd-mp2-plat.o
  CC [M]  drivers/net/ethernet/cavium/thunder/thunder_bgx.o
  CC [M]  drivers/input/touchscreen/ad7879-i2c.o
  CC [M]  drivers/gpu/drm/nouveau/nvkm/subdev/bios/extdev.o
  CC [M]  drivers/gpu/drm/virtio/virtgpu_prime.o
  CC [M]  drivers/rtc/rtc-em3027.o
  CC [M]  net/netfilter/x_tables.o
  CC [M]  net/bluetooth/aosp.o
  CC [M]  fs/ubifs/compress.o
  CC [M]  drivers/gpu/drm/amd/amdgpu/cik_ih.o
  LD [M]  drivers/gpu/drm/vboxvideo/vboxvideo.o
  CC [M]  drivers/scsi/qla2xxx/qla_iocb.o
  CC [M]  drivers/gpu/drm/nouveau/nvkm/subdev/bios/fan.o
  CC [M]  sound/soc/codecs/ssm2602-spi.o
  CC [M]  drivers/media/i2c/cx25840/cx25840-ir.o
  CC [M]  drivers/mfd/lm3533-core.o
  CC [M]  drivers/net/ethernet/brocade/bna/bfa_ioc.o
  CC [M]  drivers/i2c/muxes/i2c-mux-pca9541.o
  LD [M]  fs/qnx4/qnx4.o
  CC [M]  drivers/net/ethernet/cavium/liquidio/lio_core.o
  AR      drivers/pps/clients/built-in.a
  CC [M]  drivers/pps/clients/pps-ldisc.o
  CC [M]  net/sunrpc/rpcb_clnt.o
  CC [M]  fs/jffs2/compr_rtime.o
  CC [M]  drivers/gpu/drm/virtio/virtgpu_trace_points.o
  CC [M]  fs/ubifs/lpt.o
  CC [M]  drivers/scsi/qla4xxx/ql4_os.o
  CC [M]  drivers/i2c/busses/i2c-cbus-gpio.o
  CC [M]  drivers/usb/storage/scsiglue.o
  CC [M]  drivers/input/touchscreen/ad7879-spi.o
  CC [M]  drivers/rtc/rtc-fm3130.o
  LD [M]  drivers/net/ethernet/atheros/alx/alx.o
  CC [M]  net/rxrpc/insecure.o
  CC [M]  drivers/scsi/qla4xxx/ql4_init.o
  AR      drivers/net/ethernet/atheros/built-in.a
  CC [M]  drivers/scsi/lpfc/lpfc_mem.o
  CC [M]  sound/soc/sof/sof-client-probes.o
  CC [M]  drivers/gpu/drm/i915/gt/intel_sseu_debugfs.o
  CC [M]  sound/soc/codecs/ssm2602-i2c.o
  CC [M]  drivers/gpu/drm/nouveau/nvkm/subdev/bios/gpio.o
  CC [M]  drivers/net/ethernet/broadcom/bnxt/bnxt.o
  CC [M]  drivers/pps/clients/pps_parport.o
  CC [M]  fs/jffs2/compr_zlib.o
  CC [M]  drivers/net/ethernet/broadcom/bnxt/bnxt_hwrm.o
  CC [M]  net/bluetooth/hci_debugfs.o
  CC [M]  drivers/i2c/muxes/i2c-mux-pca954x.o
  CC [M]  drivers/net/ethernet/broadcom/bnx2x/bnx2x_dcb.o
  CC [M]  drivers/gpu/drm/amd/amdgpu/dce_v8_0.o
  LD [M]  drivers/media/i2c/cx25840/cx25840.o
  CC [M]  drivers/gpu/drm/virtio/virtgpu_submit.o
  CC [M]  drivers/input/touchscreen/resistive-adc-touch.o
  CC [M]  drivers/i2c/busses/i2c-designware-pcidrv.o
  CC [M]  drivers/media/i2c/s5c73m3/s5c73m3-core.o
  CC [M]  fs/jffs2/compr_lzo.o
  CC [M]  drivers/mfd/lm3533-ctrlbank.o
  CC [M]  drivers/pps/clients/pps-gpio.o
  CC [M]  drivers/rtc/rtc-ftrtc010.o
  CC [M]  sound/soc/codecs/ssm4567.o
  CC [M]  sound/soc/sof/sof-client-probes-ipc3.o
  CC [M]  drivers/gpu/drm/nouveau/nvkm/subdev/bios/i2c.o
  CC [M]  drivers/net/ethernet/cavium/thunder/nic_main.o
  CC [M]  drivers/usb/storage/protocol.o
  CC      drivers/usb/host/xhci-mem.o
  CC [M]  drivers/net/ethernet/brocade/bna/bfa_ioc_ct.o
  CC [M]  drivers/gpu/drm/i915/gt/intel_timeline.o
  CC [M]  drivers/scsi/lpfc/lpfc_sli.o
  CC [M]  net/rxrpc/io_thread.o
  CC [M]  drivers/i2c/muxes/i2c-mux-reg.o
  CC [M]  drivers/input/touchscreen/ads7846.o
  LD [M]  fs/jffs2/jffs2.o
  AR      drivers/pps/generators/built-in.a
  CC      drivers/pps/pps.o
  CC      drivers/pps/kapi.o
  CC [M]  drivers/gpu/drm/radeon/dce6_afmt.o
  LD [M]  drivers/gpu/drm/virtio/virtio-gpu.o
  CC [M]  fs/ubifs/lprops.o
  CC [M]  drivers/i2c/busses/i2c-gpio.o
  CC [M]  drivers/rtc/rtc-goldfish.o
  CC [M]  drivers/mfd/retu-mfd.o
  CC      drivers/i2c/i2c-core-base.o
  CC [M]  net/bluetooth/6lowpan.o
  CC [M]  net/sunrpc/timer.o
  CC [M]  drivers/net/ethernet/broadcom/bnx2x/bnx2x_sp.o
  CC [M]  drivers/net/ethernet/cavium/liquidio/request_manager.o
  CC [M]  drivers/gpu/drm/nouveau/nvkm/subdev/bios/iccsense.o
  CC [M]  drivers/usb/storage/transport.o
  CC [M]  sound/soc/sof/sof-client-probes-ipc4.o
  CC [M]  sound/soc/codecs/sta32x.o
  CC [M]  drivers/scsi/qla2xxx/qla_isr.o
  CC [M]  drivers/media/i2c/s5c73m3/s5c73m3-spi.o
  CC [M]  drivers/rtc/rtc-hid-sensor-time.o
  AR      drivers/net/wireless/admtek/built-in.a
  CC [M]  drivers/net/wireless/admtek/adm8211.o
  CC [M]  drivers/net/ethernet/brocade/bna/bfa_cee.o
  CC [M]  drivers/net/bonding/bond_main.o
  CC [M]  net/netfilter/xt_tcpudp.o
  CC [M]  drivers/net/ethernet/cavium/thunder/nicvf_main.o
  CC [M]  drivers/gpu/drm/i915/gt/intel_tlb.o
  CC [M]  drivers/gpu/drm/radeon/radeon_vm.o
  CC [M]  drivers/net/bonding/bond_3ad.o
  CC [M]  drivers/input/touchscreen/atmel_mxt_ts.o
  CC [M]  drivers/net/ipvlan/ipvlan_core.o
  CC [M]  drivers/i2c/busses/i2c-kempld.o
  CC [M]  drivers/gpu/drm/amd/amdgpu/gfx_v7_0.o
  CC      drivers/pps/sysfs.o
  CC [M]  net/rxrpc/key.o
  LD [M]  sound/soc/sof/snd-sof.o
  CC [M]  fs/ubifs/recovery.o
  CC [M]  drivers/gpu/drm/nouveau/nvkm/subdev/bios/image.o
  LD [M]  sound/soc/sof/snd-sof-utils.o
  LD [M]  sound/soc/sof/snd-sof-acpi.o
  LD [M]  sound/soc/sof/snd-sof-pci.o
  LD [M]  sound/soc/sof/snd-sof-probes.o
  CC [M]  drivers/net/bonding/bond_alb.o
  CC [M]  drivers/mfd/iqs62x.o
  CC [M]  sound/soc/codecs/sta350.o
  CC [M]  drivers/media/i2c/s5c73m3/s5c73m3-ctrls.o
  AR      drivers/pps/built-in.a
  CC [M]  drivers/net/bonding/bond_sysfs.o
  CC [M]  drivers/rtc/rtc-isl12022.o
  CC [M]  drivers/net/ethernet/brocade/bna/cna_fwimg.o
  CC [M]  net/sunrpc/xdr.o
  LD [M]  net/bluetooth/bluetooth.o
  CC [M]  drivers/usb/storage/usb.o
  CC [M]  drivers/i2c/busses/i2c-ocores.o
  CC [M]  drivers/gpu/drm/i915/gt/intel_wopcm.o
  LD [M]  net/bluetooth/bluetooth_6lowpan.o
  CC [M]  drivers/gpu/drm/nouveau/nvkm/subdev/bios/init.o
  CC [M]  drivers/net/ethernet/cavium/liquidio/response_manager.o
  CC [M]  net/netfilter/xt_mark.o
  CC [M]  drivers/scsi/elx/efct/efct_driver.o
  CC      drivers/usb/host/xhci-ext-caps.o
  CC [M]  drivers/gpu/drm/radeon/radeon_ucode.o
  CC [M]  fs/ubifs/ioctl.o
  LD [M]  drivers/media/i2c/s5c73m3/s5c73m3.o
  CC [M]  drivers/rtc/rtc-isl1208.o
  AR      drivers/media/i2c/built-in.a
  CC [M]  drivers/media/i2c/max2175.o
  CC [M]  sound/soc/codecs/sti-sas.o
  CC [M]  drivers/net/wireless/ath/ath5k/caps.o
  CC [M]  drivers/scsi/qla4xxx/ql4_mbx.o
  CC [M]  drivers/rtc/rtc-lp8788.o
  CC [M]  drivers/i2c/busses/i2c-pca-platform.o
  LD [M]  drivers/net/ethernet/brocade/bna/bna.o
  CC [M]  drivers/rtc/rtc-m41t80.o
  CC [M]  net/netfilter/xt_connmark.o
  CC [M]  drivers/input/touchscreen/auo-pixcir-ts.o
  CC [M]  drivers/mfd/menf21bmc.o
  AR      drivers/net/ethernet/brocade/built-in.a
  CC [M]  net/netfilter/xt_set.o
  CC [M]  drivers/gpu/drm/i915/gt/intel_workarounds.o
  CC [M]  drivers/net/ethernet/cavium/thunder/nicvf_queues.o
  CC [M]  drivers/net/ethernet/cavium/thunder/nicvf_ethtool.o
  CC [M]  drivers/i2c/busses/i2c-simtec.o
  CC [M]  drivers/net/ipvlan/ipvlan_main.o
  CC [M]  drivers/scsi/qla2xxx/qla_gs.o
  CC [M]  drivers/usb/storage/initializers.o
  CC [M]  fs/ubifs/lpt_commit.o
  CC [M]  net/rxrpc/local_event.o
  CC [M]  drivers/gpu/drm/radeon/radeon_ib.o
  CC [M]  drivers/scsi/elx/efct/efct_io.o
  CC [M]  sound/soc/codecs/tas2552.o
  CC      drivers/usb/host/xhci-ring.o
  CC [M]  drivers/input/touchscreen/bu21013_ts.o
  CC [M]  drivers/input/touchscreen/bu21029_ts.o
  CC [M]  drivers/scsi/lpfc/lpfc_ct.o
  CC [M]  drivers/net/ethernet/cavium/liquidio/octeon_device.o
  CC [M]  drivers/net/ethernet/broadcom/bnx2x/bnx2x_self_test.o
  CC [M]  drivers/net/wireless/ath/ath5k/initvals.o
  CC [M]  drivers/mfd/dln2.o
  CC [M]  drivers/media/i2c/ad5820.o
  CC [M]  drivers/scsi/elx/efct/efct_scsi.o
  CC [M]  drivers/rtc/rtc-m41t93.o
  CC [M]  drivers/usb/storage/sierra_ms.o
  CC [M]  drivers/i2c/busses/i2c-xiic.o
  CC [M]  drivers/gpu/drm/amd/amdgpu/cik_sdma.o
  CC [M]  drivers/scsi/qla2xxx/qla_dbg.o
  CC [M]  net/netfilter/xt_nat.o
  CC [M]  drivers/gpu/drm/radeon/radeon_sync.o
  CC [M]  drivers/gpu/drm/radeon/radeon_audio.o
  CC [M]  drivers/gpu/drm/nouveau/nvkm/subdev/bios/mxm.o
  CC [M]  net/netfilter/xt_AUDIT.o
  CC [M]  net/rxrpc/local_object.o
  CC [M]  drivers/input/touchscreen/chipone_icn8505.o
  CC [M]  sound/soc/codecs/tas2562.o
  CC [M]  net/netfilter/xt_CHECKSUM.o
  CC [M]  drivers/rtc/rtc-m41t94.o
  CC [M]  drivers/usb/storage/option_ms.o
  CC [M]  drivers/scsi/qla4xxx/ql4_iocb.o
  CC [M]  drivers/media/i2c/adp1653.o
  CC [M]  drivers/net/ethernet/broadcom/bnx2x/bnx2x_vfpf.o
  CC [M]  drivers/net/wireless/ath/ath5k/eeprom.o
  CC [M]  fs/ubifs/tnc_misc.o
  CC [M]  drivers/net/bonding/bond_sysfs_slave.o
  CC [M]  drivers/mfd/rt4831.o
  CC [M]  drivers/scsi/elx/efct/efct_xport.o
  CC [M]  net/sunrpc/sunrpc_syms.o
  LD [M]  drivers/net/ethernet/cavium/thunder/nicpf.o
  LD [M]  drivers/net/ethernet/cavium/thunder/nicvf.o
  CC [M]  drivers/gpu/drm/nouveau/nvkm/subdev/bios/npde.o
  CC [M]  fs/ubifs/debug.o
  CC [M]  fs/ubifs/misc.o
  CC [M]  drivers/net/ipvlan/ipvlan_l3s.o
  CC [M]  drivers/net/wireless/ath/ath5k/gpio.o
  CC [M]  drivers/i2c/busses/i2c-diolan-u2c.o
  CC [M]  drivers/net/ethernet/cavium/liquidio/cn66xx_device.o
  CC [M]  drivers/input/touchscreen/cy8ctma140.o
  CC [M]  drivers/gpu/drm/radeon/radeon_dp_auxch.o
  CC [M]  drivers/rtc/rtc-m48t35.o
  CC [M]  drivers/usb/storage/usual-tables.o
  CC [M]  drivers/net/wireless/ath/ath5k/desc.o
  CC [M]  sound/soc/codecs/tas2764.o
  CC [M]  drivers/input/touchscreen/cy8ctmg110_ts.o
  CC [M]  drivers/gpu/drm/amd/amdgpu/uvd_v4_2.o
  CC [M]  drivers/gpu/drm/i915/gt/shmem_utils.o
  CC [M]  drivers/media/i2c/adv7170.o
  CC [M]  net/netfilter/xt_CLASSIFY.o
  CC [M]  drivers/mfd/rt5033.o
  CC [M]  net/rxrpc/misc.o
  CC [M]  drivers/net/bonding/bond_debugfs.o
  CC [M]  drivers/net/ethernet/broadcom/bnxt/bnxt_sriov.o
  CC [M]  drivers/net/ethernet/broadcom/bnxt/bnxt_ethtool.o
  CC [M]  drivers/scsi/elx/efct/efct_hw.o
  CC [M]  drivers/gpu/drm/nouveau/nvkm/subdev/bios/pcir.o
  CC      drivers/usb/host/xhci-hub.o
  CC [M]  drivers/i2c/busses/i2c-dln2.o
  CC [M]  drivers/usb/storage/alauda.o
  CC [M]  drivers/rtc/rtc-m48t59.o
  CC [M]  drivers/scsi/qla4xxx/ql4_isr.o
  CC [M]  drivers/net/ipvlan/ipvtap.o
  CC [M]  drivers/gpu/drm/radeon/radeon_mn.o
  CC      drivers/usb/host/xhci-dbg.o
  CC [M]  drivers/input/touchscreen/cyttsp_core.o
  CC [M]  drivers/net/ethernet/chelsio/inline_crypto/ch_ipsec/chcr_ipsec.o
  CC [M]  sound/soc/codecs/tas5086.o
  CC [M]  drivers/net/ethernet/chelsio/cxgb/cxgb2.o
  CC [M]  drivers/media/i2c/adv7175.o
  CC [M]  drivers/mfd/sky81452.o
  CC [M]  drivers/net/wireless/ath/ath5k/dma.o
  CC [M]  net/sunrpc/cache.o
  CC [M]  drivers/net/wireless/ath/ath5k/qcu.o
  CC [M]  drivers/net/ethernet/broadcom/bnx2x/bnx2x_sriov.o
  CC [M]  drivers/gpu/drm/nouveau/nvkm/subdev/bios/perf.o
  CC [M]  drivers/rtc/rtc-m48t86.o
  CC [M]  drivers/net/bonding/bond_netlink.o
  CC [M]  drivers/gpu/drm/i915/gt/sysfs_engines.o
  CC [M]  net/rxrpc/net_ns.o
  CC [M]  drivers/i2c/busses/i2c-cp2615.o
  CC [M]  fs/ubifs/sysfs.o
  CC [M]  fs/ubifs/crypto.o
  CC [M]  net/netfilter/xt_CONNSECMARK.o
  CC [M]  drivers/gpu/drm/amd/amdgpu/vce_v2_0.o
  CC [M]  drivers/net/ethernet/cavium/liquidio/cn68xx_device.o
  CC [M]  drivers/gpu/drm/radeon/r600_dma.o
  CC [M]  drivers/usb/storage/cypress_atacb.o
  CC [M]  drivers/input/touchscreen/cyttsp_i2c.o
  CC [M]  drivers/media/i2c/adv7180.o
  CC [M]  drivers/mfd/intel_soc_pmic_bxtwc.o
  LD [M]  drivers/net/ipvlan/ipvlan.o
  CC [M]  drivers/mfd/intel_soc_pmic_chtdc_ti.o
  CC [M]  drivers/rtc/rtc-max6900.o
  CC [M]  sound/soc/codecs/tas571x.o
  CC [M]  drivers/media/i2c/adv7183.o
  CC [M]  drivers/gpu/drm/nouveau/nvkm/subdev/bios/pll.o
  CC [M]  drivers/gpu/drm/amd/amdgpu/si.o
  CC [M]  fs/ubifs/xattr.o
  CC      drivers/input/misc/uinput.o
  CC [M]  drivers/net/ethernet/chelsio/cxgb/espi.o
  CC [M]  drivers/i2c/busses/i2c-parport.o
  CC [M]  drivers/input/rmi4/rmi_bus.o
  CC [M]  drivers/scsi/qla4xxx/ql4_nx.o
  CC [M]  drivers/gpu/drm/i915/gt/intel_ggtt_gmch.o
  CC [M]  drivers/net/wireless/ath/ath5k/pcu.o
  CC [M]  drivers/input/rmi4/rmi_driver.o
  CC [M]  net/rxrpc/output.o
  LD [M]  drivers/net/ethernet/chelsio/inline_crypto/ch_ipsec/ch_ipsec.o
  CC [M]  drivers/scsi/elx/efct/efct_hw_queues.o
  CC [M]  net/netfilter/xt_CT.o
  CC [M]  drivers/usb/storage/datafab.o
  CC [M]  drivers/net/ethernet/chelsio/inline_crypto/ch_ktls/chcr_ktls.o
  CC [M]  drivers/scsi/lpfc/lpfc_els.o
  CC [M]  drivers/input/touchscreen/cyttsp_i2c_common.o
  AR      drivers/net/ethernet/chelsio/inline_crypto/built-in.a
  CC [M]  drivers/net/bonding/bond_options.o
  CC [M]  drivers/gpu/drm/hyperv/hyperv_drm_drv.o
  CC [M]  drivers/gpu/drm/radeon/rv770_dma.o
  CC [M]  drivers/mfd/intel_soc_pmic_mrfld.o
  CC [M]  drivers/rtc/rtc-max6902.o
  CC      drivers/usb/host/xhci-trace.o
  CC [M]  drivers/net/ethernet/cavium/liquidio/cn23xx_pf_device.o
  CC [M]  sound/soc/codecs/tas5720.o
  CC [M]  drivers/gpu/drm/nouveau/nvkm/subdev/bios/pmu.o
  CC [M]  fs/ubifs/auth.o
  CC [M]  drivers/net/ethernet/cavium/liquidio/cn23xx_vf_device.o
  CC [M]  drivers/i2c/busses/i2c-robotfuzz-osif.o
  CC [M]  drivers/net/ethernet/broadcom/bnxt/bnxt_dcb.o
  CC [M]  drivers/media/i2c/adv7343.o
  CC [M]  drivers/input/misc/88pm860x_onkey.o
  CC [M]  drivers/net/ethernet/chelsio/cxgb/tp.o
  CC [M]  drivers/gpu/drm/i915/gt/gen6_renderstate.o
  CC [M]  drivers/mfd/rave-sp.o
  CC [M]  drivers/rtc/rtc-max6916.o
  CC [M]  drivers/usb/storage/ene_ub6250.o
  CC [M]  drivers/gpu/drm/hyperv/hyperv_drm_modeset.o
  CC [M]  drivers/net/wireless/ath/ath5k/phy.o
  CC [M]  drivers/mfd/atc260x-core.o
  LD [M]  drivers/net/ethernet/broadcom/bnx2x/bnx2x.o
  CC [M]  drivers/gpu/drm/radeon/evergreen_dma.o
  CC [M]  drivers/scsi/elx/efct/efct_lio.o
  CC [M]  drivers/gpu/drm/i915/gt/gen7_renderstate.o
  CC [M]  drivers/gpu/drm/amd/amdgpu/gmc_v6_0.o
  CC [M]  drivers/net/bonding/bond_procfs.o
  CC [M]  drivers/gpu/drm/nouveau/nvkm/subdev/bios/power_budget.o
  LD [M]  fs/ubifs/ubifs.o
  CC [M]  drivers/input/touchscreen/cyttsp_spi.o
  CC [M]  net/netfilter/xt_DSCP.o
  CC [M]  drivers/i2c/busses/i2c-taos-evm.o
  CC [M]  net/rxrpc/peer_event.o
  CC [M]  drivers/scsi/qla2xxx/qla_sup.o
  CC [M]  sound/soc/codecs/tas6424.o
  CC [M]  drivers/input/misc/88pm80x_onkey.o
  CC [M]  drivers/input/rmi4/rmi_f01.o
  CC [M]  drivers/rtc/rtc-max8907.o
  CC [M]  fs/qnx6/inode.o
  CC [M]  drivers/media/i2c/adv7393.o
  CC [M]  drivers/gpu/drm/i915/gt/gen8_renderstate.o
  CC [M]  drivers/net/ethernet/chelsio/cxgb/pm3393.o
  CC [M]  drivers/input/rmi4/rmi_2d_sensor.o
  CC [M]  drivers/gpu/drm/hyperv/hyperv_drm_proto.o
  CC      drivers/input/input.o
  CC [M]  net/sunrpc/rpc_pipe.o
  CC [M]  drivers/mfd/atc260x-i2c.o
  CC [M]  drivers/gpu/drm/i915/gt/gen9_renderstate.o
  CC [M]  drivers/input/misc/ad714x.o
  CC [M]  drivers/gpu/drm/radeon/ni_dma.o
  CC [M]  drivers/net/ethernet/chelsio/cxgb3/cxgb3_main.o
  CC [M]  drivers/input/touchscreen/cyttsp4_core.o
  CC [M]  drivers/usb/storage/freecom.o
  LD [M]  drivers/net/ethernet/chelsio/inline_crypto/ch_ktls/ch_ktls.o
  CC [M]  drivers/gpu/drm/nouveau/nvkm/subdev/bios/ramcfg.o
  CC [M]  drivers/net/ethernet/broadcom/bnxt/bnxt_ulp.o
  CC [M]  drivers/i2c/busses/i2c-tiny-usb.o
  AR      drivers/net/ethernet/cavium/octeon/built-in.a
  CC [M]  drivers/rtc/rtc-max8925.o
  CC [M]  drivers/input/misc/ad714x-i2c.o
  CC [M]  drivers/net/ethernet/cavium/liquidio/octeon_mailbox.o
  CC [M]  drivers/input/misc/ad714x-spi.o
  CC [M]  net/netfilter/xt_HL.o
  LD [M]  drivers/net/bonding/bonding.o
  CC [M]  drivers/gpu/drm/amd/amdgpu/gfx_v6_0.o
  CC [M]  drivers/gpu/drm/i915/gem/i915_gem_busy.o
  LD [M]  drivers/gpu/drm/hyperv/hyperv_drm.o
  CC [M]  fs/qnx6/dir.o
  CC [M]  drivers/scsi/qla4xxx/ql4_nvram.o
  CC [M]  drivers/scsi/qla4xxx/ql4_dbg.o
  CC [M]  drivers/input/misc/adxl34x.o
  CC [M]  sound/soc/codecs/tda7419.o
  CC [M]  drivers/media/i2c/adv7511-v4l2.o
  CC [M]  net/rxrpc/peer_object.o
  CC [M]  drivers/scsi/elx/efct/efct_unsol.o
  CC [M]  drivers/input/rmi4/rmi_f03.o
  CC [M]  drivers/net/ethernet/chelsio/cxgb/sge.o
  CC      drivers/usb/host/xhci-dbgcap.o
  CC [M]  drivers/usb/storage/isd200.o
  CC [M]  drivers/gpu/drm/nouveau/nvkm/subdev/bios/rammap.o
  CC [M]  drivers/i2c/busses/i2c-viperboard.o
  CC [M]  drivers/net/wireless/ath/ath5k/reset.o
  CC [M]  drivers/rtc/rtc-max8997.o
  CC      drivers/usb/host/xhci-dbgtty.o
  CC      drivers/usb/host/xhci-debugfs.o
  LD [M]  drivers/mfd/arizona.o
  CC [M]  drivers/gpu/drm/radeon/si_dma.o
  LD [M]  drivers/mfd/wm8994.o
  LD [M]  drivers/mfd/madera.o
  CC [M]  drivers/net/ethernet/cavium/liquidio/octeon_mem_ops.o
  CC [M]  fs/qnx6/namei.o
  LD [M]  drivers/mfd/mt6397.o
  LD [M]  drivers/mfd/pcf50633.o
  CC [M]  drivers/gpu/drm/i915/gem/i915_gem_clflush.o
  LD [M]  drivers/mfd/si476x-core.o
  CC [M]  net/netfilter/xt_HMARK.o
  AR      drivers/mfd/built-in.a
  CC [M]  sound/soc/codecs/tas2770.o
  CC [M]  drivers/input/misc/adxl34x-i2c.o
  CC [M]  drivers/scsi/qla2xxx/qla_attr.o
  CC [M]  drivers/net/ethernet/cavium/liquidio/octeon_droq.o
  CC [M]  drivers/input/rmi4/rmi_f11.o
  CC [M]  drivers/scsi/elx/libefc/efc_cmds.o
  CC [M]  drivers/scsi/lpfc/lpfc_hbadisc.o
  CC [M]  drivers/scsi/qla4xxx/ql4_attr.o
  CC [M]  drivers/net/ethernet/chelsio/cxgb4/cxgb4_main.o
  CC [M]  drivers/input/touchscreen/cyttsp4_i2c.o
  CC [M]  drivers/usb/storage/jumpshot.o
  CC [M]  fs/qnx6/super_mmi.o
  CC [M]  drivers/i2c/busses/i2c-cros-ec-tunnel.o
  CC [M]  drivers/gpu/drm/nouveau/nvkm/subdev/bios/shadow.o
  CC [M]  drivers/media/i2c/adv7604.o
  CC [M]  drivers/net/ethernet/chelsio/cxgb3/ael1002.o
  CC [M]  drivers/rtc/rtc-max8998.o
  CC [M]  net/sunrpc/sysfs.o
  CC [M]  drivers/net/ethernet/chelsio/cxgb3/vsc8211.o
  CC [M]  drivers/gpu/drm/radeon/cik_sdma.o
  CC [M]  drivers/usb/host/oxu210hp-hcd.o
  CC [M]  drivers/input/misc/adxl34x-spi.o
  CC [M]  drivers/net/ethernet/broadcom/bnxt/bnxt_xdp.o
  CC [M]  drivers/net/wireless/ath/ath5k/attach.o
  CC [M]  drivers/scsi/qla4xxx/ql4_bsg.o
  CC [M]  sound/soc/codecs/tfa9879.o
  CC [M]  drivers/gpu/drm/i915/gem/i915_gem_context.o
  CC [M]  drivers/input/rmi4/rmi_f12.o
  CC [M]  drivers/net/ethernet/chelsio/cxgb/subr.o
  LD [M]  fs/qnx6/qnx6.o
  CC [M]  drivers/scsi/bfa/bfad.o
  CC [M]  fs/autofs/init.o
  CC [M]  drivers/gpu/drm/amd/amdgpu/si_ih.o
  CC [M]  drivers/scsi/elx/libefc/efc_domain.o
  CC [M]  drivers/input/touchscreen/cyttsp4_spi.o
  CC [M]  drivers/scsi/elx/libefc/efc_fabric.o
  CC [M]  drivers/usb/storage/karma.o
  CC [M]  net/netfilter/xt_LED.o
  CC [M]  net/rxrpc/recvmsg.o
  CC [M]  drivers/gpu/drm/i915/gem/i915_gem_create.o
  CC [M]  drivers/i2c/busses/i2c-mlxcpld.o
  CC [M]  drivers/gpu/drm/nouveau/nvkm/subdev/bios/shadowacpi.o
  CC [M]  drivers/rtc/rtc-mc13xxx.o
  CC [M]  drivers/input/misc/apanel.o
  CC [M]  drivers/gpu/drm/i915/gem/i915_gem_dmabuf.o
  CC [M]  fs/autofs/inode.o
  CC [M]  drivers/input/misc/arizona-haptics.o
  CC [M]  sound/soc/codecs/tfa989x.o
  CC [M]  net/sunrpc/svc_xprt.o
  CC [M]  drivers/input/rmi4/rmi_f30.o
  CC [M]  drivers/net/ethernet/chelsio/cxgb3/t3_hw.o
  CC [M]  drivers/net/ethernet/cavium/liquidio/octeon_nic.o
  CC [M]  drivers/net/wireless/ath/ath5k/base.o
  CC [M]  drivers/input/touchscreen/da9034-ts.o
  CC [M]  drivers/scsi/qla2xxx/qla_mid.o
  CC [M]  drivers/usb/storage/onetouch.o
  CC [M]  drivers/rtc/rtc-mcp795.o
  CC [M]  drivers/gpu/drm/radeon/radeon_uvd.o
  CC [M]  net/netfilter/xt_LOG.o
  CC [M]  drivers/gpu/drm/amd/amdgpu/si_dma.o
  CC [M]  drivers/gpu/drm/nouveau/nvkm/subdev/bios/shadowof.o
  CC [M]  drivers/i2c/busses/i2c-virtio.o
  CC [M]  drivers/net/ethernet/chelsio/cxgb/mv88x201x.o
  CC [M]  fs/autofs/root.o
  CC      drivers/gpu/drm/drm_panel_orientation_quirks.o
  CC [M]  drivers/usb/misc/sisusbvga/sisusbvga.o
  CC [M]  drivers/net/ethernet/broadcom/bnxt/bnxt_ptp.o
  CC [M]  drivers/scsi/qla4xxx/ql4_83xx.o
  CC      drivers/usb/early/ehci-dbgp.o
  CC [M]  drivers/scsi/bfa/bfad_im.o
  CC [M]  drivers/input/misc/atc260x-onkey.o
  CC [M]  drivers/input/rmi4/rmi_f34.o
  CC [M]  drivers/scsi/elx/libefc/efc_node.o
  CC [M]  sound/soc/codecs/tlv320aic23.o
  CC [M]  drivers/input/touchscreen/da9052_tsi.o
  CC [M]  drivers/media/i2c/adv7842.o
  CC [M]  drivers/net/ethernet/chelsio/cxgb/my3126.o
  CC [M]  drivers/usb/host/isp116x-hcd.o
  CC [M]  drivers/usb/storage/realtek_cr.o
  CC [M]  drivers/rtc/rtc-msm6242.o
  CC [M]  drivers/gpu/drm/nouveau/nvkm/subdev/bios/shadowpci.o
  CC [M]  drivers/gpu/drm/i915/gem/i915_gem_domain.o
  CC [M]  drivers/input/misc/ati_remote2.o
  CC [M]  fs/autofs/symlink.o
  CC [M]  drivers/net/ethernet/cisco/enic/enic_main.o
  CC [M]  drivers/input/rmi4/rmi_f34v7.o
  CC [M]  net/netfilter/xt_NETMAP.o
  CC [M]  drivers/scsi/qla2xxx/qla_dfs.o
  CC      drivers/usb/early/xhci-dbc.o
  CC [M]  drivers/input/touchscreen/dynapro.o
  CC [M]  net/rxrpc/rtt.o
  CC [M]  drivers/gpu/drm/radeon/uvd_v1_0.o
  LD [M]  drivers/i2c/busses/i2c-designware-pci.o
  CC [M]  drivers/net/ethernet/cavium/liquidio/lio_main.o
  AR      drivers/i2c/busses/built-in.a
  CC      drivers/i2c/i2c-core-smbus.o
  CC [M]  drivers/rtc/rtc-mt6397.o
  CC [M]  drivers/scsi/bfa/bfad_attr.o
  CC [M]  drivers/scsi/lpfc/lpfc_init.o
  CC [M]  drivers/gpu/drm/amd/amdgpu/dce_v6_0.o
  CC [M]  drivers/net/ethernet/chelsio/cxgb/mv88e1xxx.o
  CC [M]  drivers/scsi/elx/libefc/efc_nport.o
  CC [M]  sound/soc/codecs/tlv320aic23-i2c.o
  CC [M]  fs/autofs/waitq.o
  CC [M]  net/sunrpc/xprtmultipath.o
  CC [M]  drivers/gpu/drm/nouveau/nvkm/subdev/bios/shadowramin.o
  CC [M]  drivers/usb/storage/sddr09.o
  CC [M]  drivers/net/wireless/ath/ath5k/led.o
  CC [M]  drivers/net/ethernet/broadcom/bnxt/bnxt_vfr.o
  LD [M]  drivers/scsi/qla4xxx/qla4xxx.o
  CC [M]  drivers/input/touchscreen/edt-ft5x06.o
  CC [M]  drivers/input/misc/atlas_btns.o
  AR      drivers/usb/misc/built-in.a
  CC [M]  drivers/input/rmi4/rmi_f3a.o
  CC [M]  drivers/usb/misc/adutux.o
  CC [M]  drivers/usb/host/xhci-pci.o
  CC [M]  drivers/gpu/drm/i915/gem/i915_gem_execbuffer.o
  CC [M]  drivers/net/ethernet/chelsio/cxgb3/mc5.o
  CC [M]  drivers/gpu/drm/nouveau/nvkm/subdev/bios/shadowrom.o
  CC [M]  drivers/rtc/rtc-palmas.o
  AR      drivers/usb/early/built-in.a
  CC [M]  drivers/net/ethernet/chelsio/cxgb4/l2t.o
  CC [M]  drivers/scsi/qla2xxx/qla_bsg.o
  CC [M]  fs/autofs/expire.o
  CC [M]  sound/soc/codecs/tlv320aic23-spi.o
  CC [M]  net/netfilter/xt_NFLOG.o
  CC [M]  net/rxrpc/security.o
  CC [M]  drivers/gpu/drm/radeon/uvd_v2_2.o
  AR      drivers/net/ethernet/cortina/built-in.a
  CC [M]  drivers/net/ethernet/broadcom/bnxt/bnxt_devlink.o
  CC [M]  drivers/net/ethernet/cisco/enic/vnic_cq.o
  CC [M]  drivers/net/ethernet/chelsio/cxgb/vsc7326.o
  CC [M]  drivers/scsi/bfa/bfad_debugfs.o
  CC [M]  drivers/scsi/elx/libefc/efc_device.o
  CC [M]  drivers/input/misc/bma150.o
  CC [M]  drivers/input/rmi4/rmi_f54.o
  CC [M]  drivers/net/wireless/ath/ath5k/rfkill.o
  CC [M]  drivers/media/i2c/ak7375.o
  CC [M]  net/sunrpc/debugfs.o
  CC [M]  drivers/usb/storage/sddr55.o
  CC [M]  drivers/usb/misc/appledisplay.o
  CC [M]  drivers/gpu/drm/nouveau/nvkm/subdev/bios/timing.o
  CC [M]  fs/autofs/dev-ioctl.o
  CC [M]  drivers/net/ethernet/chelsio/cxgb3/xgmac.o
  CC [M]  drivers/rtc/rtc-pcap.o
  CC [M]  drivers/input/touchscreen/hampshire.o
  CC [M]  drivers/net/wireless/ath/ath9k/beacon.o
  CC [M]  sound/soc/codecs/tlv320aic31xx.o
  CC [M]  net/netfilter/xt_NFQUEUE.o
  CC [M]  drivers/usb/host/xhci-pci-renesas.o
  CC [M]  drivers/net/wireless/ath/ath9k/gpio.o
  CC [M]  drivers/net/wireless/ath/ath9k/init.o
  CC [M]  drivers/gpu/drm/radeon/uvd_v3_1.o
  CC      drivers/i2c/i2c-core-acpi.o
  CC [M]  net/rxrpc/sendmsg.o
  CC [M]  drivers/input/misc/cm109.o
  CC [M]  drivers/net/wireless/ath/ath5k/ani.o
  CC [M]  drivers/scsi/bfa/bfad_bsg.o
  CC [M]  drivers/media/i2c/ak881x.o
  CC [M]  drivers/input/rmi4/rmi_f55.o
  CC [M]  drivers/gpu/drm/amd/amdgpu/uvd_v3_1.o
  LD [M]  drivers/net/ethernet/chelsio/cxgb/cxgb.o
  LD [M]  fs/autofs/autofs4.o
  CC [M]  drivers/gpu/drm/radeon/uvd_v4_2.o
  CC [M]  drivers/rtc/rtc-pcf2123.o
  CC [M]  fs/adfs/dir.o
  CC [M]  drivers/input/touchscreen/hycon-hy46xx.o
  CC [M]  drivers/net/ethernet/cisco/enic/vnic_intr.o
  CC [M]  drivers/gpu/drm/nouveau/nvkm/subdev/bios/therm.o
  CC [M]  drivers/usb/misc/cypress_cy7c63.o
  CC [M]  drivers/usb/storage/shuttle_usbat.o
  CC [M]  drivers/scsi/elx/libefc/efclib.o
  CC [M]  net/sunrpc/backchannel_rqst.o
  CC [M]  drivers/net/ethernet/cavium/liquidio/octeon_console.o
  CC [M]  drivers/net/ethernet/broadcom/bnxt/bnxt_dim.o
  CC [M]  drivers/net/ethernet/chelsio/cxgb3/sge.o
  CC [M]  drivers/scsi/qla2xxx/qla_nx.o
  CC [M]  net/netfilter/xt_RATEEST.o
  CC [M]  drivers/input/rmi4/rmi_i2c.o
  CC [M]  drivers/scsi/elx/libefc/efc_sm.o
  CC [M]  drivers/input/misc/cma3000_d0x.o
  CC [M]  sound/soc/codecs/tlv320aic32x4.o
  CC [M]  drivers/input/rmi4/rmi_spi.o
  CC [M]  drivers/net/ethernet/broadcom/bnxt/bnxt_coredump.o
  CC [M]  drivers/usb/misc/cytherm.o
  CC [M]  drivers/net/ethernet/chelsio/cxgb4/smt.o
  CC [M]  drivers/media/i2c/aptina-pll.o
  CC [M]  fs/adfs/dir_f.o
  CC [M]  drivers/rtc/rtc-pcf2127.o
  CC [M]  drivers/gpu/drm/nouveau/nvkm/subdev/bios/vmap.o
  CC [M]  drivers/input/touchscreen/gunze.o
  CC [M]  drivers/net/wireless/ath/ath9k/main.o
  CC [M]  drivers/net/ethernet/cisco/enic/vnic_wq.o
  CC [M]  drivers/gpu/drm/radeon/radeon_vce.o
  CC      drivers/ptp/ptp_clock.o
  CC [M]  drivers/net/wireless/ath/ath5k/sysfs.o
  CC [M]  drivers/usb/host/xhci-plat.o
  LD [M]  drivers/usb/storage/usb-storage.o
  LD [M]  drivers/usb/storage/ums-alauda.o
  CC      drivers/i2c/i2c-dev.o
  CC [M]  drivers/gpu/drm/amd/amdgpu/vi.o
  LD [M]  drivers/usb/storage/ums-cypress.o
  LD [M]  drivers/usb/storage/ums-datafab.o
  CC [M]  drivers/gpu/drm/i915/gem/i915_gem_internal.o
  LD [M]  drivers/usb/storage/ums-eneub6250.o
  LD [M]  drivers/usb/storage/ums-freecom.o
  LD [M]  drivers/usb/storage/ums-isd200.o
  LD [M]  drivers/usb/storage/ums-jumpshot.o
  LD [M]  drivers/usb/storage/ums-karma.o
  CC [M]  drivers/net/ethernet/cavium/liquidio/lio_vf_rep.o
  CC [M]  drivers/scsi/elx/libefc/efc_els.o
  LD [M]  drivers/usb/storage/ums-onetouch.o
  LD [M]  drivers/usb/storage/ums-realtek.o
  LD [M]  drivers/usb/storage/ums-sddr09.o
  LD [M]  drivers/usb/storage/ums-sddr55.o
  LD [M]  drivers/usb/storage/ums-usbat.o
  CC      drivers/ptp/ptp_chardev.o
  CC [M]  drivers/usb/misc/emi26.o
  CC [M]  drivers/usb/misc/emi62.o
  CC [M]  drivers/input/rmi4/rmi_smbus.o
  CC [M]  drivers/media/i2c/bt819.o
  CC [M]  drivers/input/touchscreen/eeti_ts.o
  CC [M]  fs/adfs/dir_fplus.o
  CC [M]  drivers/input/misc/cma3000_d0x_i2c.o
  CC [M]  fs/adfs/file.o
  CC [M]  drivers/gpu/drm/nouveau/nvkm/subdev/bios/volt.o
  CC [M]  net/rxrpc/server_key.o
  CC [M]  net/sunrpc/stats.o
  CC [M]  net/netfilter/xt_REDIRECT.o
  CC [M]  drivers/scsi/bfa/bfa_ioc.o
  CC [M]  drivers/net/ethernet/cisco/enic/enic_res.o
  CC [M]  drivers/net/wireless/ath/ath5k/mac80211-ops.o
  CC [M]  drivers/net/ethernet/broadcom/bnxt/bnxt_tc.o
  CC [M]  drivers/rtc/rtc-pcf50633.o
  CC [M]  drivers/scsi/elx/libefc_sli/sli4.o
  CC [M]  drivers/i2c/i2c-smbus.o
  CC [M]  sound/soc/codecs/tlv320aic32x4-clk.o
  CC [M]  drivers/gpu/drm/radeon/vce_v1_0.o
  CC      drivers/ptp/ptp_sysfs.o
  CC [M]  drivers/usb/misc/ezusb.o
  CC [M]  fs/adfs/inode.o
  CC [M]  drivers/gpu/drm/i915/gem/i915_gem_object.o
  CC [M]  fs/overlayfs/super.o
  LD [M]  drivers/input/rmi4/rmi_core.o
  CC [M]  drivers/input/touchscreen/ektf2127.o
  CC [M]  drivers/input/misc/da7280.o
  CC [M]  fs/overlayfs/namei.o
  CC [M]  drivers/media/i2c/bt856.o
  CC [M]  drivers/net/wireless/ath/ath9k/recv.o
  CC [M]  drivers/usb/misc/apple-mfi-fastcharge.o
  CC [M]  drivers/net/ethernet/cavium/liquidio/lio_vf_main.o
  CC [M]  drivers/gpu/drm/nouveau/nvkm/subdev/bios/vpstate.o
  CC [M]  drivers/net/ethernet/chelsio/cxgb3/l2t.o
  CC [M]  drivers/scsi/qla2xxx/qla_mr.o
  CC [M]  drivers/usb/host/sl811-hcd.o
  AR      drivers/media/tuners/built-in.a
  CC [M]  drivers/media/tuners/e4000.o
  CC [M]  drivers/net/ethernet/chelsio/cxgb4/t4_hw.o
  CC [M]  drivers/gpu/drm/amd/amdgpu/mxgpu_vi.o
  CC [M]  drivers/rtc/rtc-pcf85063.o
  CC [M]  drivers/net/ethernet/cisco/enic/enic_dev.o
  CC [M]  net/netfilter/xt_MASQUERADE.o
  CC [M]  fs/adfs/map.o
  CC [M]  sound/soc/codecs/tlv320aic32x4-i2c.o
  CC      drivers/ptp/ptp_vclock.o
  CC [M]  drivers/net/wireless/ath/ath5k/pci.o
  CC [M]  drivers/i2c/i2c-mux.o
  CC [M]  drivers/input/touchscreen/elo.o
  CC [M]  drivers/gpu/drm/radeon/vce_v2_0.o
  CC [M]  drivers/usb/misc/idmouse.o
  CC [M]  drivers/media/i2c/bt866.o
  CC [M]  drivers/gpu/drm/nouveau/nvkm/subdev/bios/xpio.o
  CC [M]  drivers/usb/misc/iowarrior.o
  CC [M]  drivers/input/misc/da9052_onkey.o
  AR      drivers/net/ethernet/cisco/built-in.a
  CC [M]  drivers/gpu/drm/i915/gem/i915_gem_lmem.o
  CC [M]  drivers/scsi/lpfc/lpfc_mbox.o
  CC [M]  fs/overlayfs/util.o
  CC [M]  drivers/rtc/rtc-pcf8523.o
  CC [M]  net/rxrpc/skbuff.o
  CC [M]  drivers/net/ethernet/cisco/enic/enic_pp.o
  CC [M]  fs/adfs/super.o
  CC [M]  drivers/usb/host/sl811_cs.o
  CC [M]  sound/soc/codecs/tlv320aic32x4-spi.o
  CC [M]  drivers/media/tuners/fc0011.o
  CC [M]  drivers/input/touchscreen/egalax_ts_serial.o
  LD [M]  drivers/net/ethernet/cavium/liquidio/liquidio-core.o
  CC [M]  drivers/net/wireless/ath/ath9k/xmit.o
  CC [M]  net/netfilter/xt_SECMARK.o
  CC [M]  fs/overlayfs/inode.o
  CC [M]  drivers/gpu/drm/amd/amdgpu/nbio_v6_1.o
  LD [M]  drivers/net/wireless/ath/ath5k/ath5k.o
  CC [M]  net/sunrpc/sysctl.o
  CC [M]  drivers/gpu/drm/radeon/radeon_fbdev.o
  CC [M]  drivers/ptp/ptp_ines.o
  CC [M]  drivers/media/i2c/ccs-pll.o
  CC [M]  net/netfilter/xt_TPROXY.o
  CC [M]  drivers/input/misc/da9055_onkey.o
  CC [M]  drivers/gpu/drm/nouveau/nvkm/subdev/bios/M0203.o
  CC [M]  drivers/net/wireless/ath/carl9170/main.o
  CC [M]  drivers/usb/misc/isight_firmware.o
  LD [M]  drivers/scsi/elx/efct.o
  CC [M]  drivers/usb/host/r8a66597-hcd.o
  CC [M]  drivers/input/touchscreen/exc3000.o
  CC [M]  net/netfilter/xt_TCPMSS.o
  CC [M]  drivers/net/ethernet/broadcom/bnxt/bnxt_debugfs.o
  LD [M]  drivers/net/ethernet/cavium/liquidio/liquidio.o
  CC [M]  drivers/gpu/drm/i915/gem/i915_gem_mman.o
  LD [M]  fs/adfs/adfs.o
  LD [M]  drivers/net/ethernet/cavium/liquidio/liquidio_vf.o
  CC [M]  drivers/i2c/i2c-stub.o
  CC [M]  net/netfilter/xt_TCPOPTSTRIP.o
  CC [M]  sound/soc/codecs/tlv320aic3x.o
  CC [M]  drivers/rtc/rtc-pcf85363.o
  AR      drivers/net/ethernet/cavium/built-in.a
  CC [M]  drivers/net/wireless/ath/carl9170/usb.o
  CC [M]  drivers/scsi/qla2xxx/qla_nx2.o
  CC [M]  drivers/net/ethernet/chelsio/cxgb3/cxgb3_offload.o
  CC [M]  drivers/input/misc/da9063_onkey.o
  CC [M]  drivers/net/ethernet/cisco/enic/vnic_dev.o
  CC [M]  drivers/usb/misc/usblcd.o
  CC [M]  drivers/scsi/bfa/bfa_ioc_cb.o
  CC [M]  net/rxrpc/txbuf.o
  CC [M]  drivers/scsi/csiostor/csio_attr.o
  CC [M]  drivers/scsi/smartpqi/smartpqi_init.o
  CC [M]  drivers/gpu/drm/nouveau/nvkm/subdev/bios/M0205.o
  CC [M]  fs/overlayfs/file.o
  CC [M]  drivers/scsi/lpfc/lpfc_nportdisc.o
  CC [M]  drivers/gpu/drm/radeon/radeon_atpx_handler.o
  CC [M]  drivers/media/i2c/cs3308.o
  CC [M]  drivers/media/tuners/fc0012.o
  LD [M]  net/sunrpc/sunrpc.o
  CC [M]  drivers/input/touchscreen/fujitsu_ts.o
  CC [M]  drivers/ptp/ptp_kvm_x86.o
  CC [M]  drivers/input/misc/e3x0-button.o
  CC [M]  drivers/rtc/rtc-pcf8563.o
  CC [M]  drivers/scsi/bfa/bfa_ioc_ct.o
  AR      drivers/i2c/built-in.a
  CC [M]  drivers/scsi/lpfc/lpfc_scsi.o
  CC [M]  fs/overlayfs/dir.o
  CC [M]  drivers/gpu/drm/amd/amdgpu/soc15.o
  LD [M]  drivers/net/ethernet/broadcom/bnxt/bnxt_en.o
  CC [M]  drivers/usb/misc/ldusb.o
  CC [M]  fs/overlayfs/readdir.o
  CC [M]  net/netfilter/xt_TEE.o
  CC [M]  fs/overlayfs/copy_up.o
  AR      drivers/net/ethernet/broadcom/built-in.a
  CC [M]  drivers/net/ethernet/broadcom/b44.o
  CC [M]  drivers/gpu/drm/amd/amdgpu/emu_soc.o
  CC [M]  drivers/gpu/drm/nouveau/nvkm/subdev/bios/M0209.o
  CC [M]  drivers/scsi/csiostor/csio_init.o
  AR      drivers/net/wireless/atmel/built-in.a
  CC [M]  drivers/net/wireless/atmel/atmel.o
  CC [M]  drivers/gpu/drm/i915/gem/i915_gem_pages.o
  CC [M]  drivers/net/wireless/ath/carl9170/cmd.o
  CC [M]  drivers/input/touchscreen/goodix.o
  CC [M]  drivers/input/misc/drv260x.o
  CC [M]  drivers/gpu/drm/radeon/radeon_acpi.o
  CC [M]  drivers/ptp/ptp_kvm_common.o
  CC [M]  drivers/media/i2c/cs5345.o
  CC [M]  drivers/net/wireless/ath/ath9k/link.o
  CC [M]  sound/soc/codecs/tlv320aic3x-i2c.o
  CC [M]  net/rxrpc/utils.o
  CC [M]  drivers/rtc/rtc-pcf8583.o
  CC [M]  drivers/usb/host/fsl-mph-dr-of.o
  CC [M]  drivers/usb/misc/legousbtower.o
  CC [M]  drivers/scsi/bfa/bfa_hw_cb.o
  CC [M]  drivers/net/ethernet/cisco/enic/vnic_rq.o
  CC [M]  drivers/media/tuners/fc0013.o
  CC [M]  drivers/net/ethernet/chelsio/cxgb3/aq100x.o
  CC [M]  drivers/scsi/qla2xxx/qla_target.o
  CC [M]  drivers/usb/host/ehci-fsl.o
  CC [M]  drivers/gpu/drm/nouveau/nvkm/subdev/bios/P0260.o
  CC [M]  drivers/ptp/ptp_clockmatrix.o
  CC [M]  drivers/scsi/bfa/bfa_hw_ct.o
  CC [M]  drivers/rtc/rtc-r9701.o
  CC [M]  drivers/input/touchscreen/goodix_fwupload.o
  CC [M]  sound/soc/codecs/tlv320aic3x-spi.o
  CC [M]  drivers/input/misc/drv2665.o
  CC [M]  net/netfilter/xt_TRACE.o
  CC [M]  drivers/media/i2c/cs53l32a.o
  CC [M]  net/rxrpc/proc.o
  CC [M]  drivers/usb/misc/usbtest.o
  CC [M]  drivers/net/wireless/ath/carl9170/mac.o
  CC [M]  drivers/net/ethernet/cisco/enic/vnic_vic.o
  CC [M]  drivers/scsi/csiostor/csio_lnode.o
  MKREG   drivers/gpu/drm/radeon/r100_reg_safe.h
  CC [M]  drivers/usb/host/bcma-hcd.o
  CC [M]  fs/overlayfs/export.o
  MKREG   drivers/gpu/drm/radeon/rn50_reg_safe.h
  MKREG   drivers/gpu/drm/radeon/r300_reg_safe.h
  CC [M]  fs/orangefs/acl.o
  MKREG   drivers/gpu/drm/radeon/r420_reg_safe.h
  CC [M]  drivers/net/wireless/ath/ath9k/antenna.o
  CC [M]  drivers/gpu/drm/i915/gem/i915_gem_phys.o
  CC [M]  drivers/gpu/drm/radeon/rs600.o
  CC [M]  drivers/net/wireless/broadcom/b43/main.o
  CC [M]  fs/orangefs/file.o
  CC [M]  drivers/gpu/drm/amd/amdgpu/mxgpu_ai.o
  CC [M]  drivers/net/ethernet/broadcom/bnx2.o
  CC [M]  drivers/net/ethernet/chelsio/cxgb4/sge.o
  CC [M]  drivers/net/ethernet/cisco/enic/enic_ethtool.o
  LD [M]  drivers/net/ethernet/chelsio/cxgb3/cxgb3.o
  CC [M]  drivers/rtc/rtc-rc5t583.o
  CC [M]  drivers/net/ethernet/broadcom/cnic.o
  CC [M]  drivers/net/ethernet/broadcom/tg3.o
  CC [M]  sound/soc/codecs/tlv320adcx140.o
  CC [M]  drivers/media/tuners/fc2580.o
  CC [M]  drivers/gpu/drm/radeon/rv515.o
  CC [M]  drivers/usb/host/ssb-hcd.o
  CC [M]  drivers/scsi/bfa/bfa_fcs.o
  CC [M]  drivers/input/touchscreen/hideep.o
  CC [M]  drivers/gpu/drm/nouveau/nvkm/subdev/bus/base.o
  CC [M]  net/netfilter/xt_IDLETIMER.o
  CC [M]  drivers/input/misc/drv2667.o
  CC [M]  fs/overlayfs/params.o
  CC [M]  drivers/media/i2c/dw9714.o
  CC [M]  fs/orangefs/orangefs-cache.o
  CC [M]  drivers/net/wireless/ath/carl9170/phy.o
  CC [M]  drivers/net/wireless/ath/ath9k/channel.o
  CC [M]  drivers/scsi/lpfc/lpfc_attr.o
  CC [M]  drivers/gpu/drm/i915/gem/i915_gem_pm.o
  CC [M]  net/rxrpc/rxkad.o
  CC [M]  drivers/ptp/ptp_idt82p33.o
  CC [M]  drivers/rtc/rtc-rp5c01.o
  CC [M]  drivers/gpu/drm/radeon/r200.o
  CC [M]  drivers/usb/host/max3421-hcd.o
  CC [M]  drivers/scsi/csiostor/csio_scsi.o
  CC [M]  drivers/net/ethernet/cisco/enic/enic_api.o
  CC [M]  drivers/scsi/smartpqi/smartpqi_sis.o
  CC [M]  drivers/gpu/drm/nouveau/nvkm/subdev/bus/hwsq.o
  CC [M]  drivers/usb/misc/ehset.o
  CC [M]  drivers/input/misc/gpio-beeper.o
  CC [M]  fs/orangefs/orangefs-utils.o
  CC [M]  drivers/gpu/drm/amd/amdgpu/nbio_v7_0.o
  LD [M]  fs/overlayfs/overlay.o
  CC [M]  sound/soc/codecs/tscs42xx.o
  CC [M]  drivers/media/tuners/it913x.o
  CC [M]  drivers/media/i2c/dw9768.o
  CC [M]  drivers/net/ethernet/cisco/enic/enic_clsf.o
  CC [M]  drivers/net/wireless/atmel/atmel_pci.o
  CC [M]  net/netfilter/xt_addrtype.o
  CC [M]  drivers/input/touchscreen/ili210x.o
  CC [M]  drivers/rtc/rtc-rs5c348.o
  CC [M]  drivers/gpu/drm/i915/gem/i915_gem_region.o
  CC [M]  drivers/scsi/bfa/bfa_fcs_lport.o
  CC [M]  drivers/usb/misc/trancevibrator.o
  CC [M]  drivers/input/misc/gpio_decoder.o
  CC [M]  drivers/scsi/smartpqi/smartpqi_sas_transport.o
  CC [M]  drivers/gpu/drm/nouveau/nvkm/subdev/bus/nv04.o
  CC [M]  drivers/ptp/ptp_vmw.o
  CC [M]  fs/orangefs/xattr.o
  CC [M]  drivers/scsi/bfa/bfa_fcs_rport.o
  CC [M]  drivers/net/wireless/ath/carl9170/led.o
  CC [M]  drivers/net/wireless/ath/ath9k/mci.o
  CC [M]  drivers/net/wireless/broadcom/b43/bus.o
  LD [M]  drivers/usb/host/xhci-plat-hcd.o
  CC [M]  drivers/net/wireless/atmel/atmel_cs.o
  CC [M]  drivers/media/tuners/m88rs6000t.o
  AR      drivers/usb/host/built-in.a
  CC [M]  drivers/media/i2c/dw9807-vcm.o
  CC [M]  drivers/usb/misc/uss720.o
  CC [M]  net/rxrpc/sysctl.o
  CC [M]  drivers/input/misc/gpio-vibra.o
  CC [M]  drivers/scsi/bfa/bfa_fcs_fcpim.o
  CC [M]  drivers/net/ethernet/chelsio/cxgb4/clip_tbl.o
  CC [M]  sound/soc/codecs/tscs454.o
  LD [M]  drivers/net/ethernet/cisco/enic/enic.o
  CC [M]  drivers/rtc/rtc-rs5c372.o
  CC [M]  drivers/gpu/drm/radeon/r600_cs.o
  CC [M]  drivers/scsi/csiostor/csio_hw.o
  CC [M]  net/netfilter/xt_bpf.o
  CC [M]  drivers/input/touchscreen/ilitek_ts_i2c.o
  CC [M]  drivers/scsi/qla2xxx/qla_tmpl.o
  CC [M]  drivers/gpu/drm/amd/amdgpu/vega10_reg_init.o
  LD [M]  drivers/scsi/smartpqi/smartpqi.o
  CC [M]  drivers/ptp/ptp_ocp.o
  CC [M]  drivers/gpu/drm/nouveau/nvkm/subdev/bus/nv31.o
  CC [M]  drivers/gpu/drm/i915/gem/i915_gem_shmem.o
  CC [M]  fs/orangefs/dcache.o
  CC [M]  drivers/rtc/rtc-rv3028.o
  CC [M]  drivers/input/misc/ims-pcu.o
  CC [M]  drivers/gpu/drm/amd/amdgpu/vega20_reg_init.o
  CC [M]  drivers/net/wireless/ath/carl9170/fw.o
  CC [M]  drivers/media/tuners/max2165.o
  CC [M]  drivers/net/wireless/atmel/at76c50x-usb.o
  CC [M]  drivers/usb/misc/usbsevseg.o
  CC [M]  drivers/net/wireless/broadcom/b43/phy_g.o
  CC [M]  drivers/media/i2c/hi556.o
  CC [M]  drivers/net/wireless/ath/ath9k/pci.o
  LD [M]  net/rxrpc/rxrpc.o
  CC [M]  drivers/media/i2c/video-i2c.o
  CC [M]  drivers/media/i2c/imx208.o
  CC [M]  fs/orangefs/inode.o
  CC [M]  drivers/gpu/drm/nouveau/nvkm/subdev/bus/nv50.o
  CC [M]  drivers/net/wireless/ath/ath6kl/debug.o
  CC [M]  drivers/input/touchscreen/inexio.o
  CC [M]  drivers/net/wireless/ath/ar5523/ar5523.o
  CC [M]  net/netfilter/xt_cluster.o
  CC [M]  drivers/usb/misc/yurex.o
  CC [M]  drivers/gpu/drm/amd/amdgpu/nbio_v7_4.o
  CC [M]  drivers/gpu/drm/radeon/evergreen_cs.o
  CC [M]  drivers/input/touchscreen/max11801_ts.o
  CC [M]  drivers/rtc/rtc-rv3029c2.o
  AR      drivers/media/rc/keymaps/built-in.a
  CC [M]  drivers/media/rc/keymaps/rc-adstech-dvb-t-pci.o
  CC [M]  sound/soc/codecs/ts3a227e.o
  CC [M]  drivers/scsi/bfa/bfa_fcbuild.o
  CC [M]  drivers/net/wireless/ath/carl9170/tx.o
  CC [M]  drivers/input/misc/iqs269a.o
  CC [M]  drivers/scsi/qla2xxx/qla_nvme.o
  CC [M]  drivers/gpu/drm/i915/gem/i915_gem_shrinker.o
  CC [M]  drivers/media/i2c/imx214.o
  CC [M]  drivers/net/wireless/ath/ath9k/ahb.o
  CC [M]  fs/orangefs/orangefs-sysfs.o
  CC [M]  drivers/media/tuners/mc44s803.o
  CC [M]  drivers/gpu/drm/nouveau/nvkm/subdev/bus/g94.o
  CC [M]  drivers/scsi/lpfc/lpfc_vport.o
  CC [M]  drivers/net/ethernet/chelsio/cxgb4/cxgb4_ethtool.o
  CC [M]  fs/orangefs/orangefs-mod.o
  CC      drivers/gpu/drm/drm_mipi_dsi.o
  CC [M]  drivers/media/rc/keymaps/rc-alink-dtu-m.o
  AR      drivers/net/wireless/cisco/built-in.a
  CC [M]  drivers/input/touchscreen/mc13783_ts.o
  CC [M]  drivers/net/wireless/cisco/airo.o
  CC      drivers/usb/roles/class.o
  CC [M]  drivers/usb/misc/usb251xb.o
  CC [M]  drivers/scsi/csiostor/csio_hw_t5.o
  AR      drivers/net/ethernet/dec/tulip/built-in.a
  CC [M]  drivers/rtc/rtc-rv3032.o
  CC [M]  drivers/net/ethernet/dec/tulip/xircom_cb.o
  CC [M]  net/netfilter/xt_comment.o
  CC [M]  drivers/net/wireless/ath/ath6kl/hif.o
  CC [M]  drivers/media/rc/keymaps/rc-anysee.o
  CC [M]  drivers/media/rc/keymaps/rc-apac-viewcomp.o
  LD [M]  drivers/ptp/ptp_kvm.o
  AR      drivers/ptp/built-in.a
  CC [M]  drivers/net/wireless/broadcom/b43/tables.o
  CC [M]  drivers/gpu/drm/radeon/r100.o
  CC [M]  drivers/media/i2c/imx219.o
  CC [M]  drivers/gpu/drm/nouveau/nvkm/subdev/bus/gf100.o
  CC [M]  drivers/net/wireless/ath/ath9k/wow.o
  CC [M]  fs/orangefs/super.o
  CC [M]  drivers/scsi/bfa/bfa_port.o
  CC [M]  drivers/gpu/drm/amd/amdgpu/nbio_v2_3.o
  CC [M]  drivers/input/touchscreen/mcs5000_ts.o
  CC [M]  drivers/input/misc/iqs626a.o
  CC [M]  sound/soc/codecs/uda1334.o
  CC [M]  drivers/input/misc/keyspan_remote.o
  CC [M]  drivers/gpu/drm/i915/gem/i915_gem_stolen.o
  CC [M]  drivers/usb/roles/intel-xhci-usb-role-switch.o
  CC [M]  drivers/scsi/qla2xxx/qla_edif.o
  CC [M]  drivers/net/ethernet/chelsio/cxgb4/cxgb4_uld.o
  CC [M]  drivers/scsi/lpfc/lpfc_debugfs.o
  CC [M]  drivers/media/tuners/msi001.o
  CC [M]  drivers/net/wireless/ath/carl9170/rx.o
  CC [M]  drivers/media/rc/keymaps/rc-astrometa-t2hybrid.o
  CC [M]  fs/orangefs/devorangefs-req.o
  CC [M]  drivers/scsi/csiostor/csio_isr.o
  CC [M]  drivers/usb/misc/usb3503.o
  CC [M]  drivers/media/i2c/imx258.o
  CC [M]  net/netfilter/xt_connbytes.o
  CC [M]  drivers/gpu/drm/nouveau/nvkm/subdev/clk/base.o
  AR      drivers/usb/roles/built-in.a
  CC [M]  drivers/net/ethernet/dec/tulip/dmfe.o
  CC [M]  drivers/input/touchscreen/melfas_mip4.o
  CC [M]  drivers/rtc/rtc-rv8803.o
  CC [M]  drivers/net/wireless/broadcom/b43/lo.o
  CC [M]  drivers/media/i2c/imx274.o
  CC [M]  sound/soc/codecs/wcd-clsh-v2.o
  CC [M]  drivers/scsi/bfa/bfa_fcpim.o
  CC [M]  drivers/gpu/drm/nouveau/nvkm/subdev/clk/nv04.o
  CC [M]  drivers/media/rc/keymaps/rc-asus-pc39.o
  CC [M]  drivers/net/wireless/ath/ath9k/rng.o
  CC [M]  drivers/gpu/drm/nouveau/nvkm/subdev/clk/nv40.o
  CC [M]  drivers/scsi/csiostor/csio_mb.o
  CC [M]  fs/udf/balloc.o
  CC [M]  drivers/net/wireless/intel/ipw2x00/ipw2100.o
  CC [M]  fs/orangefs/namei.o
  CC [M]  drivers/usb/misc/usb4604.o
  CC [M]  drivers/input/misc/kxtj9.o
  CC [M]  drivers/net/wireless/ath/ath6kl/htc_mbox.o
  CC [M]  drivers/media/rc/keymaps/rc-asus-ps3-100.o
  CC [M]  drivers/net/wireless/intel/iwlegacy/common.o
  CC [M]  drivers/media/tuners/mt2060.o
  CC [M]  fs/orangefs/symlink.o
  CC [M]  drivers/gpu/drm/amd/amdgpu/nv.o
  CC [M]  drivers/gpu/drm/i915/gem/i915_gem_throttle.o
  LD [M]  drivers/net/wireless/ath/carl9170/carl9170.o
  CC [M]  net/netfilter/xt_connlabel.o
  CC [M]  fs/orangefs/dir.o
  CC [M]  drivers/media/tuners/mt2063.o
  CC [M]  drivers/net/wireless/cisco/airo_cs.o
  CC [M]  drivers/rtc/rtc-rx4581.o
  CC [M]  drivers/gpu/drm/nouveau/nvkm/subdev/clk/nv50.o
  CC [M]  drivers/input/touchscreen/mms114.o
  CC [M]  drivers/net/wireless/ath/ath9k/debug.o
  CC [M]  drivers/media/rc/keymaps/rc-ati-tv-wonder-hd-600.o
  CC [M]  fs/udf/dir.o
  CC [M]  drivers/media/i2c/imx290.o
  CC [M]  drivers/scsi/qla2xxx/tcm_qla2xxx.o
  CC [M]  drivers/usb/misc/chaoskey.o
  CC [M]  drivers/net/ethernet/dec/tulip/winbond-840.o
  CC [M]  sound/soc/codecs/wcd-mbhc-v2.o
  CC [M]  drivers/net/wireless/broadcom/b43/wa.o
  CC [M]  drivers/scsi/csiostor/csio_rnode.o
  CC [M]  drivers/usb/dwc3/core.o
  CC [M]  drivers/input/misc/max77693-haptic.o
  CC [M]  drivers/net/wireguard/main.o
  CC [M]  fs/orangefs/orangefs-bufmap.o
  CC [M]  drivers/gpu/drm/radeon/r300.o
  CC [M]  drivers/media/rc/keymaps/rc-ati-x10.o
  CC [M]  drivers/gpu/drm/i915/gem/i915_gem_tiling.o
  CC [M]  drivers/rtc/rtc-rx6110.o
  CC [M]  fs/udf/file.o
  CC [M]  drivers/net/team/team.o
  CC [M]  net/netfilter/xt_connlimit.o
  CC [M]  drivers/net/ethernet/chelsio/cxgb4/srq.o
  CC [M]  drivers/usb/misc/lvstest.o
  CC [M]  drivers/gpu/drm/amd/amdgpu/arct_reg_init.o
  CC [M]  drivers/input/touchscreen/msg2638.o
  CC [M]  drivers/net/team/team_mode_broadcast.o
  CC [M]  drivers/gpu/drm/nouveau/nvkm/subdev/clk/g84.o
  CC [M]  drivers/scsi/bfa/bfa_core.o
  CC [M]  drivers/net/wireless/ath/ath6kl/htc_pipe.o
  CC [M]  drivers/media/rc/keymaps/rc-avermedia-a16d.o
  CC [M]  drivers/media/i2c/imx319.o
  CC [M]  drivers/scsi/lpfc/lpfc_bsg.o
  CC [M]  drivers/scsi/csiostor/csio_wr.o
  CC [M]  drivers/input/misc/max8925_onkey.o
  CC [M]  drivers/net/wireless/broadcom/b43/tables_nphy.o
  CC [M]  fs/orangefs/orangefs-debugfs.o
  CC [M]  drivers/net/wireguard/noise.o
  CC [M]  fs/udf/ialloc.o
  CC [M]  drivers/rtc/rtc-rx8010.o
  CC [M]  drivers/media/tuners/mt20xx.o
  LD [M]  drivers/scsi/qla2xxx/qla2xxx.o
  CC [M]  drivers/net/ethernet/dec/tulip/de2104x.o
  CC [M]  drivers/net/wireless/ath/ath9k/debug_sta.o
  CC [M]  drivers/gpu/drm/i915/gem/i915_gem_ttm.o
  CC [M]  drivers/media/rc/keymaps/rc-avermedia-cardbus.o
  CC [M]  drivers/net/ethernet/broadcom/bcmsysport.o
  CC [M]  drivers/input/touchscreen/mtouch.o
  CC [M]  drivers/gpu/drm/nouveau/nvkm/subdev/clk/gt215.o
  CC [M]  drivers/net/vxlan/vxlan_core.o
  CC [M]  drivers/net/arcnet/arcnet.o
  CC [M]  drivers/gpu/drm/amd/amdgpu/mxgpu_nv.o
  CC [M]  net/netfilter/xt_conntrack.o
  CC [M]  fs/udf/inode.o
  CC [M]  drivers/net/wireless/intel/iwlegacy/debug.o
  CC [M]  sound/soc/codecs/wcd9335.o
  CC [M]  drivers/gpu/drm/radeon/r420.o
  CC [M]  drivers/input/misc/max8997_haptic.o
  CC [M]  drivers/usb/dwc3/trace.o
  CC [M]  drivers/input/misc/mc13783-pwrbutton.o
  CC [M]  drivers/media/rc/keymaps/rc-avermedia-dvbt.o
  CC [M]  drivers/media/i2c/imx355.o
  LD [M]  drivers/scsi/csiostor/csiostor.o
  CC [M]  fs/orangefs/waitqueue.o
  CC [M]  drivers/rtc/rtc-rx8025.o
  CC [M]  net/netfilter/xt_cpu.o
  CC [M]  drivers/input/touchscreen/usbtouchscreen.o
  CC [M]  drivers/net/wireless/ath/ath6kl/bmi.o
  CC [M]  drivers/scsi/bfa/bfa_svc.o
  CC [M]  drivers/net/wireless/broadcom/b43/radio_2055.o
  CC [M]  drivers/net/wireless/intel/ipw2x00/ipw2200.o
  CC [M]  drivers/net/wireless/ath/ath9k/ar9002_hw.o
  CC [M]  drivers/net/wireguard/device.o
  CC [M]  drivers/media/rc/keymaps/rc-avermedia-m135a.o
  CC [M]  drivers/gpu/drm/nouveau/nvkm/subdev/clk/mcp77.o
  CC [M]  drivers/input/misc/mma8450.o
  CC [M]  drivers/net/ethernet/chelsio/cxgb4/sched.o
  CC [M]  sound/soc/codecs/wcd934x.o
  CC      drivers/power/reset/mt6323-poweroff.o
  LD [M]  drivers/gpu/drm/radeon/radeon.o
  CC [M]  drivers/gpu/drm/i915/gem/i915_gem_ttm_move.o
  CC [M]  drivers/input/touchscreen/pcap_ts.o
  CC [M]  drivers/media/tuners/mt2131.o
  LD [M]  fs/orangefs/orangefs.o
  CC      drivers/power/reset/restart-poweroff.o
  CC [M]  net/kcm/kcmsock.o
  CC [M]  drivers/net/ethernet/dec/tulip/eeprom.o
  CC [M]  net/netfilter/xt_dccp.o
  CC [M]  drivers/net/team/team_mode_roundrobin.o
  CC [M]  drivers/media/rc/keymaps/rc-avermedia-m733a-rm-k6.o
  CC [M]  drivers/rtc/rtc-rx8581.o
  CC [M]  drivers/gpu/drm/amd/amdgpu/nbio_v7_2.o
  CC [M]  drivers/media/i2c/ir-kbd-i2c.o
  CC [M]  drivers/usb/dwc3/host.o
  CC [M]  drivers/net/wireless/broadcom/b43/radio_2056.o
  CC [M]  drivers/net/wireless/ath/ath6kl/cfg80211.o
  CC      drivers/power/reset/tps65086-restart.o
  CC [M]  drivers/hwmon/pmbus/pmbus_core.o
  AR      drivers/thermal/broadcom/built-in.a
  CC      drivers/power/supply/power_supply_core.o
  CC [M]  fs/udf/lowlevel.o
  AR      drivers/thermal/samsung/built-in.a
  CC [M]  drivers/net/arcnet/rfc1201.o
  CC [M]  drivers/input/misc/palmas-pwrbutton.o
  CC [M]  drivers/thermal/intel/int340x_thermal/int3400_thermal.o
  CC [M]  drivers/gpu/drm/nouveau/nvkm/subdev/clk/gf100.o
  CC [M]  drivers/net/wireless/ath/ath9k/ar9003_hw.o
  CC      drivers/thermal/intel/intel_tcc.o
  CC [M]  drivers/net/wireless/intel/iwlegacy/4965.o
  CC [M]  drivers/input/touchscreen/penmount.o
  CC [M]  drivers/media/rc/keymaps/rc-avermedia.o
  CC [M]  sound/soc/codecs/wcd938x.o
  CC [M]  drivers/net/wireguard/peer.o
  CC [M]  drivers/power/reset/atc260x-poweroff.o
  CC [M]  drivers/scsi/lpfc/lpfc_nvme.o
  CC [M]  drivers/media/rc/keymaps/rc-avermedia-rm-ks.o
  CC [M]  drivers/net/team/team_mode_random.o
  CC [M]  drivers/net/ethernet/dec/tulip/interrupt.o
  CC [M]  drivers/rtc/rtc-s35390a.o
  CC [M]  drivers/net/ethernet/chelsio/cxgb4/cxgb4_filter.o
  CC [M]  drivers/gpu/drm/i915/gem/i915_gem_ttm_pm.o
  CC [M]  drivers/usb/dwc3/gadget.o
  CC [M]  fs/udf/namei.o
  CC [M]  net/netfilter/xt_devgroup.o
  CC [M]  drivers/thermal/intel/int340x_thermal/int340x_thermal_zone.o
  CC [M]  drivers/input/misc/pcap_keys.o
  CC [M]  drivers/input/misc/pcf50633-input.o
  CC [M]  drivers/media/i2c/ks0127.o
  CC [M]  drivers/input/touchscreen/pixcir_i2c_ts.o
  CC [M]  drivers/media/tuners/mt2266.o
  AR      drivers/power/reset/built-in.a
  AR      drivers/thermal/st/built-in.a
  CC [M]  net/kcm/kcmproc.o
  CC [M]  drivers/media/rc/keymaps/rc-avertv-303.o
  CC [M]  drivers/net/arcnet/rfc1051.o
  CC [M]  drivers/gpu/drm/nouveau/nvkm/subdev/clk/gk104.o
  CC      drivers/power/supply/power_supply_sysfs.o
  CC [M]  drivers/net/wireless/broadcom/b43/radio_2057.o
  CC [M]  drivers/gpu/drm/amd/amdgpu/hdp_v4_0.o
  CC [M]  drivers/net/team/team_mode_activebackup.o
  CC [M]  drivers/net/wireguard/timers.o
  CC [M]  net/netfilter/xt_dscp.o
  CC [M]  drivers/net/wireless/intersil/hostap/hostap_80211_rx.o
  CC [M]  drivers/rtc/rtc-sd3078.o
  CC [M]  drivers/net/wireless/intel/iwlegacy/4965-mac.o
  CC [M]  drivers/net/wireless/ath/ath9k/hw.o
  CC [M]  drivers/net/wireless/intersil/orinoco/main.o
  CC [M]  drivers/media/rc/keymaps/rc-azurewave-ad-tu700.o
  CC [M]  drivers/input/misc/pcf8574_keypad.o
  CC [M]  drivers/net/ethernet/dec/tulip/media.o
  CC [M]  fs/udf/partition.o
  CC [M]  drivers/gpu/drm/i915/gem/i915_gem_userptr.o
  CC [M]  drivers/thermal/intel/int340x_thermal/int3402_thermal.o
  CC [M]  drivers/input/touchscreen/raydium_i2c_ts.o
  CC [M]  sound/soc/codecs/wcd938x-sdw.o
  LD [M]  drivers/scsi/bfa/bfa.o
  CC [M]  drivers/net/arcnet/arc-rawmode.o
  CC      drivers/power/supply/power_supply_leds.o
  CC [M]  drivers/media/i2c/lm3560.o
  CC [M]  drivers/scsi/lpfc/lpfc_nvmet.o
  CC [M]  drivers/net/wireless/intersil/p54/eeprom.o
  CC [M]  drivers/media/rc/keymaps/rc-beelink-gs1.o
  CC [M]  drivers/gpu/drm/nouveau/nvkm/subdev/clk/gk20a.o
  CC [M]  drivers/net/wireless/broadcom/b43/phy_common.o
  LD [M]  net/kcm/kcm.o
  CC [M]  drivers/net/team/team_mode_loadbalance.o
  CC [M]  drivers/rtc/rtc-stk17ta8.o
  CC [M]  drivers/thermal/intel/int340x_thermal/int3403_thermal.o
  AR      drivers/net/wireless/intersil/built-in.a
  CC [M]  drivers/net/wireless/intersil/hostap/hostap_80211_tx.o
  CC [M]  drivers/hwmon/pmbus/pmbus.o
  CC [M]  fs/udf/super.o
  CC [M]  net/netfilter/xt_ecn.o
  CC [M]  drivers/gpu/drm/amd/amdgpu/hdp_v5_0.o
  CC [M]  drivers/net/vxlan/vxlan_multicast.o
  CC [M]  drivers/media/tuners/mxl301rf.o
  CC [M]  drivers/input/misc/pcspkr.o
  CC      drivers/power/supply/power_supply_hwmon.o
  CC [M]  drivers/net/ethernet/chelsio/cxgb4/cxgb4_tc_u32.o
  CC [M]  drivers/media/rc/keymaps/rc-beelink-mxiii.o
  CC [M]  drivers/net/ethernet/dec/tulip/timer.o
  CC [M]  drivers/net/wireguard/queueing.o
  CC [M]  drivers/input/touchscreen/s6sy761.o
  CC [M]  drivers/gpu/drm/i915/gem/i915_gem_wait.o
  CC [M]  drivers/thermal/intel/int340x_thermal/processor_thermal_device.o
  CC [M]  drivers/net/arcnet/capmode.o
  CC [M]  drivers/rtc/rtc-tps6586x.o
  CC [M]  drivers/net/wireless/ath/ath6kl/init.o
  CC [M]  drivers/media/i2c/lm3646.o
  CC      drivers/power/supply/charger-manager.o
  CC [M]  drivers/input/misc/powermate.o
  CC [M]  drivers/gpu/drm/nouveau/nvkm/subdev/clk/gm20b.o
  CC [M]  drivers/hwmon/pmbus/adm1266.o
  CC [M]  drivers/media/rc/keymaps/rc-behold-columbus.o
  CC [M]  sound/soc/codecs/wm5102.o
  CC [M]  drivers/usb/dwc3/ep0.o
  CC [M]  drivers/media/tuners/mxl5005s.o
  CC [M]  drivers/net/wireless/broadcom/b43/phy_n.o
  CC [M]  drivers/input/misc/pwm-beeper.o
  CC [M]  drivers/gpu/drm/amd/amdgpu/aldebaran_reg_init.o
  CC [M]  drivers/input/misc/pwm-vibra.o
  CC [M]  net/netfilter/xt_esp.o
  CC [M]  drivers/net/ethernet/dec/tulip/tulip_core.o
  CC [M]  drivers/net/vxlan/vxlan_vnifilter.o
  CC [M]  drivers/rtc/rtc-tps65910.o
  CC [M]  drivers/input/touchscreen/silead.o
  CC [M]  drivers/media/rc/keymaps/rc-behold.o
  CC [M]  drivers/gpu/drm/i915/gem/i915_gemfs.o
  CC [M]  drivers/net/wireless/intersil/orinoco/fw.o
  CC [M]  drivers/net/wireless/intersil/hostap/hostap_ap.o
  CC [M]  drivers/net/wireguard/send.o
  CC [M]  drivers/net/arcnet/com90xx.o
  CC [M]  sound/soc/xilinx/xlnx_i2s.o
  CC [M]  drivers/net/wireless/intersil/p54/fwio.o
  CC [M]  fs/udf/truncate.o
  CC [M]  drivers/media/i2c/m52790.o
  CC [M]  drivers/thermal/intel/int340x_thermal/int3401_thermal.o
  CC [M]  drivers/scsi/lpfc/lpfc_vmid.o
  CC [M]  drivers/net/ethernet/chelsio/cxgb4/cxgb4_ptp.o
  CC [M]  drivers/media/i2c/max9271.o
  CC [M]  drivers/hwmon/pmbus/adm1275.o
  CC [M]  drivers/gpu/drm/nouveau/nvkm/subdev/clk/pllnv04.o
  CC [M]  drivers/power/supply/generic-adc-battery.o
  CC [M]  drivers/net/wireless/intel/ipw2x00/libipw_module.o
  CC [M]  drivers/media/rc/keymaps/rc-budget-ci-old.o
  CC [M]  drivers/input/misc/rave-sp-pwrbutton.o
  CC [M]  drivers/rtc/rtc-wilco-ec.o
  CC [M]  drivers/net/wireless/ath/ath9k/ar9003_phy.o
  CC [M]  drivers/gpu/drm/amd/amdgpu/aldebaran.o
  CC [M]  drivers/usb/dwc3/drd.o
  CC [M]  sound/soc/codecs/wm8510.o
  CC [M]  fs/udf/symlink.o
  CC [M]  sound/soc/xilinx/xlnx_formatter_pcm.o
  CC [M]  drivers/thermal/intel/int340x_thermal/processor_thermal_device_pci_legacy.o
  CC [M]  drivers/gpu/drm/i915/i915_active.o
  CC [M]  drivers/input/touchscreen/sis_i2c.o
  CC [M]  net/netfilter/xt_hashlimit.o
  CC [M]  drivers/power/supply/axp20x_usb_power.o
  CC [M]  drivers/net/wireless/intersil/orinoco/hw.o
  CC [M]  drivers/net/wireless/broadcom/b43legacy/main.o
  CC [M]  drivers/media/rc/keymaps/rc-cinergy-1400.o
  CC [M]  drivers/net/wireless/ath/ath6kl/main.o
  CC [M]  drivers/input/misc/regulator-haptic.o
  CC [M]  drivers/net/arcnet/com90io.o
  CC [M]  drivers/rtc/rtc-wm831x.o
  LD [M]  drivers/scsi/lpfc/lpfc.o
  CC [M]  drivers/net/ethernet/dec/tulip/21142.o
  CC [M]  drivers/gpu/drm/nouveau/nvkm/subdev/clk/pllgt215.o
  CC [M]  drivers/net/wireguard/receive.o
  CC [M]  drivers/net/wireless/intel/iwlegacy/4965-rs.o
  CC [M]  drivers/hwmon/pmbus/bel-pfe.o
  CC [M]  fs/udf/directory.o
  CC [M]  drivers/net/vxlan/vxlan_mdb.o
  CC [M]  drivers/scsi/sym53c8xx_2/sym_fw.o
  CC [M]  drivers/power/supply/max8925_power.o
  CC [M]  drivers/thermal/intel/int340x_thermal/processor_thermal_device_pci.o
  CC [M]  drivers/media/rc/keymaps/rc-cinergy.o
  CC [M]  drivers/media/i2c/ml86v7667.o
  CC [M]  sound/soc/xilinx/xlnx_spdif.o
  CC [M]  drivers/net/ethernet/chelsio/cxgb4/cxgb4_tc_flower.o
  CC [M]  drivers/input/touchscreen/st1232.o
  CC [M]  sound/soc/codecs/wm8523.o
  CC [M]  drivers/gpu/drm/amd/amdgpu/soc21.o
  CC [M]  drivers/usb/dwc3/ulpi.o
  CC [M]  drivers/net/wireless/intersil/p54/txrx.o
  CC [M]  drivers/input/misc/retu-pwrbutton.o
  CC [M]  drivers/rtc/rtc-wm8350.o
  CC [M]  drivers/net/arcnet/arc-rimi.o
  CC [M]  drivers/gpu/drm/nouveau/nvkm/subdev/devinit/base.o
  CC [M]  drivers/media/rc/keymaps/rc-ct-90405.o
  CC [M]  drivers/net/wireless/intel/ipw2x00/libipw_tx.o
  CC [M]  drivers/net/ethernet/dec/tulip/pnic.o
  CC [M]  drivers/hwmon/pmbus/bpa-rs600.o
  CC [M]  drivers/gpu/drm/i915/i915_cmd_parser.o
  CC [M]  drivers/scsi/sym53c8xx_2/sym_glue.o
  CC [M]  fs/udf/misc.o
  CC [M]  drivers/thermal/intel/int340x_thermal/processor_thermal_rapl.o
  CC [M]  drivers/power/supply/wm831x_backup.o
  LD [M]  sound/soc/xilinx/snd-soc-xlnx-i2s.o
  LD [M]  sound/soc/xilinx/snd-soc-xlnx-formatter-pcm.o
  LD [M]  sound/soc/xilinx/snd-soc-xlnx-spdif.o
  CC [M]  drivers/net/wireless/intersil/orinoco/mic.o
  CC [M]  drivers/input/misc/axp20x-pek.o
  CC [M]  drivers/net/wireless/intel/ipw2x00/libipw_rx.o
  CC [M]  drivers/net/wireless/ath/ath6kl/txrx.o
  CC [M]  drivers/net/wireless/ath/ath9k/ar9002_phy.o
  CC [M]  drivers/input/touchscreen/stmfts.o
  CC [M]  drivers/media/i2c/msp3400-driver.o
  CC [M]  net/netfilter/xt_helper.o
  CC [M]  drivers/usb/dwc3/debugfs.o
  CC [M]  drivers/net/wireless/intersil/hostap/hostap_info.o
  CC [M]  drivers/media/rc/keymaps/rc-d680-dmb.o
  CC [M]  drivers/rtc/rtc-x1205.o
  CC [M]  sound/soc/codecs/wm8524.o
  CC [M]  drivers/net/wireguard/socket.o
  CC [M]  drivers/media/tuners/mxl5007t.o
  CC [M]  drivers/power/supply/wm831x_power.o
  CC [M]  drivers/gpu/drm/nouveau/nvkm/subdev/devinit/nv04.o
  CC [M]  drivers/net/wireless/broadcom/b43/phy_lp.o
  CC [M]  drivers/net/arcnet/com20020.o
  CC [M]  drivers/gpu/drm/amd/amdgpu/sienna_cichlid.o
  CC [M]  fs/udf/udftime.o
  CC [M]  drivers/hwmon/pmbus/fsp-3y.o
  CC [M]  drivers/net/ethernet/dec/tulip/pnic2.o
  CC [M]  drivers/media/rc/keymaps/rc-delock-61959.o
  CC [M]  drivers/input/misc/rotary_encoder.o
  CC [M]  drivers/net/wireless/broadcom/b43legacy/ilt.o
  CC [M]  drivers/net/wireless/intel/iwlegacy/4965-calib.o
  LD [M]  drivers/net/vxlan/vxlan.o
  CC [M]  drivers/net/wireless/intersil/orinoco/scan.o
  CC [M]  drivers/scsi/sym53c8xx_2/sym_hipd.o
  CC [M]  drivers/net/ethernet/chelsio/cxgb4/cxgb4_cudbg.o
  CC [M]  drivers/thermal/intel/int340x_thermal/processor_thermal_rfim.o
  CC [M]  drivers/gpu/drm/i915/i915_deps.o
  CC [M]  sound/soc/codecs/wm8580.o
  CC [M]  drivers/input/touchscreen/sur40.o
  CC [M]  drivers/net/wireless/broadcom/b43legacy/phy.o
  CC [M]  drivers/net/wireless/ath/ath9k/ar5008_phy.o
  CC [M]  fs/udf/unicode.o
  CC [M]  drivers/media/i2c/msp3400-kthreads.o
  CC [M]  net/netfilter/xt_hl.o
  CC [M]  drivers/net/wireless/intersil/p54/main.o
  CC [M]  drivers/power/supply/wm8350_power.o
  CC [M]  drivers/usb/dwc3/dwc3-pci.o
  CC [M]  drivers/hwmon/pmbus/ibm-cffps.o
  CC [M]  drivers/media/rc/keymaps/rc-dib0700-nec.o
  CC [M]  drivers/input/misc/soc_button_array.o
  CC [M]  drivers/net/wireguard/peerlookup.o
  CC [M]  drivers/net/arcnet/com20020-pci.o
  CC [M]  drivers/gpu/drm/nouveau/nvkm/subdev/devinit/nv05.o
  CC [M]  drivers/net/ethernet/dec/tulip/uli526x.o
  CC [M]  drivers/gpu/drm/amd/amdgpu/smu_v13_0_10.o
  CC [M]  drivers/gpu/drm/i915/i915_gem_evict.o
  CC [M]  drivers/net/wireless/intersil/hostap/hostap_ioctl.o
  CC [M]  drivers/net/wireless/ath/ath6kl/wmi.o
  AR      drivers/media/common/b2c2/built-in.a
  CC [M]  drivers/media/common/b2c2/flexcop.o
  AR      drivers/rtc/built-in.a
  LD [M]  fs/udf/udf.o
  CC [M]  drivers/media/rc/keymaps/rc-dib0700-rc5.o
  CC [M]  drivers/net/arcnet/com20020_cs.o
  CC [M]  drivers/net/wireless/intersil/orinoco/wext.o
  CC [M]  drivers/net/wireless/intel/iwlegacy/4965-debug.o
  CC [M]  fs/omfs/bitmap.o
  CC [M]  sound/soc/codecs/wm8711.o
  CC [M]  drivers/power/supply/test_power.o
  CC [M]  fs/omfs/dir.o
  CC [M]  drivers/media/tuners/qm1d1b0004.o
  CC [M]  drivers/usb/dwc3/dwc3-haps.o
  CC [M]  drivers/hwmon/pmbus/dps920ab.o
  CC [M]  net/netfilter/xt_ipcomp.o
  CC [M]  drivers/net/wireless/broadcom/b43/tables_lpphy.o
  CC [M]  drivers/input/touchscreen/surface3_spi.o
  CC [M]  drivers/net/ethernet/chelsio/cxgb4/cxgb4_mps.o
  CC [M]  drivers/input/misc/twl4030-pwrbutton.o
  CC [M]  drivers/net/wireless/intel/ipw2x00/libipw_wx.o
  CC [M]  drivers/media/i2c/mt9m001.o
  CC [M]  drivers/gpu/drm/nouveau/nvkm/subdev/devinit/nv10.o
  CC [M]  drivers/net/wireless/ath/ath9k/ar9002_calib.o
  CC [M]  drivers/media/rc/keymaps/rc-digitalnow-tinytwin.o
  CC [M]  fs/omfs/file.o
  CC [M]  drivers/thermal/intel/int340x_thermal/processor_thermal_mbox.o
  CC [M]  drivers/net/wireguard/allowedips.o
  CC [M]  drivers/power/supply/88pm860x_battery.o
  CC [M]  drivers/gpu/drm/i915/i915_gem_gtt.o
  CC [M]  drivers/input/touchscreen/touchit213.o
  CC [M]  drivers/gpu/drm/amd/amdgpu/nbio_v4_3.o
  LD [M]  drivers/usb/dwc3/dwc3.o
  LD [M]  drivers/net/ethernet/dec/tulip/tulip.o
  CC [M]  drivers/input/misc/twl4030-vibra.o
  CC [M]  drivers/net/wireless/intersil/p54/led.o
  CC [M]  drivers/usb/isp1760/isp1760-core.o
  AR      drivers/net/ethernet/dec/built-in.a
  CC [M]  drivers/hwmon/pmbus/inspur-ipsps.o
  CC [M]  drivers/usb/cdns3/core.o
  CC [M]  drivers/usb/cdns3/drd.o
  CC [M]  drivers/net/wireless/broadcom/b43/phy_ht.o
  CC [M]  sound/soc/codecs/wm8728.o
  CC [M]  drivers/media/tuners/qm1d1c0042.o
  CC [M]  drivers/media/i2c/mt9m111.o
  CC [M]  drivers/media/rc/keymaps/rc-digittrade.o
  CC [M]  net/netfilter/xt_iprange.o
  CC [M]  drivers/scsi/sym53c8xx_2/sym_malloc.o
  CC [M]  drivers/net/wireless/intel/iwlegacy/3945-mac.o
  CC [M]  drivers/media/common/b2c2/flexcop-fe-tuner.o
  CC [M]  fs/omfs/inode.o
  CC [M]  drivers/gpu/drm/nouveau/nvkm/subdev/devinit/nv1a.o
  CC [M]  drivers/media/i2c/mt9p031.o
  CC [M]  drivers/power/supply/adp5061.o
  CC [M]  drivers/input/touchscreen/touchright.o
  CC      drivers/thermal/intel/therm_throt.o
  CC [M]  drivers/net/wireless/intersil/orinoco/hermes_dld.o
  CC [M]  drivers/input/misc/twl6040-vibra.o
  CC [M]  drivers/media/rc/keymaps/rc-dm1105-nec.o
  CC [M]  drivers/net/ethernet/chelsio/cxgb4/cudbg_common.o
  CC [M]  drivers/net/wireless/broadcom/b43legacy/radio.o
  CC [M]  drivers/usb/isp1760/isp1760-if.o
  CC [M]  drivers/thermal/intel/int340x_thermal/int3406_thermal.o
  CC [M]  drivers/net/wireless/ath/ath9k/ar9003_calib.o
  CC [M]  drivers/net/wireless/intersil/hostap/hostap_main.o
  CC [M]  drivers/gpu/drm/i915/i915_gem_ww.o
  CC [M]  drivers/hwmon/pmbus/ir35221.o
  CC [M]  drivers/net/wireguard/ratelimiter.o
  CC [M]  drivers/net/wireless/intersil/p54/p54usb.o
  CC [M]  sound/soc/codecs/wm8737.o
  CC [M]  drivers/scsi/sym53c8xx_2/sym_nvram.o
  CC [M]  drivers/media/tuners/qt1010.o
  CC [M]  drivers/net/wireless/intel/ipw2x00/libipw_geo.o
  CC [M]  drivers/thermal/intel/int340x_thermal/acpi_thermal_rel.o
  CC [M]  net/netfilter/xt_ipvs.o
  CC [M]  drivers/net/wireless/ath/ath6kl/core.o
  CC [M]  drivers/input/touchscreen/touchwin.o
  CC [M]  drivers/media/rc/keymaps/rc-dntv-live-dvb-t.o
  CC [M]  drivers/gpu/drm/nouveau/nvkm/subdev/devinit/nv20.o
  CC [M]  drivers/net/ethernet/chelsio/cxgb4/cudbg_lib.o
  LD [M]  fs/omfs/omfs.o
  CC [M]  drivers/net/wireless/intersil/orinoco/hermes.o
  CC [M]  fs/jfs/super.o
  CC [M]  drivers/input/misc/wm831x-on.o
  CC [M]  drivers/net/wireless/broadcom/b43/tables_phy_ht.o
  CC [M]  drivers/media/common/b2c2/flexcop-i2c.o
  CC [M]  drivers/usb/cdns3/host.o
  CC [M]  drivers/power/supply/axp20x_battery.o
  CC [M]  drivers/usb/isp1760/isp1760-hcd.o
  CC [M]  drivers/gpu/drm/amd/amdgpu/hdp_v6_0.o
  CC [M]  drivers/media/i2c/mt9t112.o
  CC [M]  drivers/media/common/b2c2/flexcop-sram.o
  CC [M]  drivers/hwmon/pmbus/ir36021.o
  CC [M]  drivers/gpu/drm/i915/i915_gem.o
  CC [M]  drivers/media/rc/keymaps/rc-dntv-live-dvbt-pro.o
  CC [M]  drivers/input/touchscreen/tsc40.o
  LD [M]  drivers/scsi/sym53c8xx_2/sym53c8xx.o
  CC [M]  drivers/gpu/drm/i915/i915_query.o
  CC [M]  drivers/power/supply/axp20x_ac_power.o
  CC [M]  sound/soc/codecs/wm8741.o
  CC [M]  drivers/net/wireguard/cookie.o
  CC [M]  drivers/input/misc/xen-kbdfront.o
  CC [M]  drivers/scsi/mpt3sas/mpt3sas_base.o
  CC [M]  drivers/gpu/drm/nouveau/nvkm/subdev/devinit/nv50.o
  CC [M]  drivers/net/wireless/intersil/hostap/hostap_proc.o
  CC [M]  drivers/usb/cdns3/cdns3-plat.o
  CC [M]  drivers/net/wireless/intersil/p54/p54pci.o
  CC [M]  fs/jfs/file.o
  CC [M]  net/netfilter/xt_l2tp.o
  CC [M]  drivers/media/rc/keymaps/rc-dreambox.o
  CC [M]  drivers/hwmon/pmbus/ir38064.o
  CC [M]  drivers/net/wireless/ath/ath9k/calib.o
  CC [M]  drivers/thermal/intel/intel_powerclamp.o
  CC [M]  drivers/input/touchscreen/tsc200x-core.o
  CC [M]  drivers/net/wireless/broadcom/b43/radio_2059.o
  CC [M]  drivers/media/tuners/r820t.o
  CC [M]  drivers/power/supply/cw2015_battery.o
  CC [M]  drivers/net/wireless/intersil/orinoco/cfg.o
  CC [M]  drivers/gpu/drm/amd/amdgpu/nbio_v7_7.o
  CC [M]  drivers/net/wireless/intel/iwlegacy/3945.o
  CC [M]  drivers/net/wireless/broadcom/b43legacy/sysfs.o
  CC [M]  drivers/scsi/mpi3mr/mpi3mr_os.o
  LD [M]  drivers/net/wireless/intel/ipw2x00/libipw.o
  CC [M]  drivers/net/wireless/ath/ath6kl/recovery.o
  CC [M]  drivers/scsi/mpi3mr/mpi3mr_fw.o
  CC [M]  drivers/media/i2c/mt9v011.o
  AR      drivers/media/common/saa7146/built-in.a
  CC [M]  drivers/media/rc/keymaps/rc-dtt200u.o
  CC [M]  drivers/media/common/saa7146/saa7146_i2c.o
  CC [M]  drivers/input/misc/yealink.o
  CC [M]  drivers/gpu/drm/nouveau/nvkm/subdev/devinit/g84.o
  CC [M]  drivers/media/common/b2c2/flexcop-eeprom.o
  CC [M]  sound/soc/codecs/wm8750.o
  CC [M]  fs/jfs/inode.o
  CC [M]  drivers/usb/cdns3/cdns3-gadget.o
  CC [M]  drivers/gpu/drm/nouveau/nvkm/subdev/devinit/g98.o
  CC [M]  drivers/hwmon/pmbus/irps5401.o
  CC [M]  drivers/net/wireguard/netlink.o
  CC [M]  drivers/usb/isp1760/isp1760-udc.o
  CC [M]  drivers/thermal/intel/x86_pkg_temp_thermal.o
  CC [M]  drivers/gpu/drm/i915/i915_request.o
  CC [M]  drivers/media/rc/keymaps/rc-dvbsky.o
  CC [M]  drivers/net/wireless/intersil/p54/p54spi.o
  CC [M]  drivers/power/supply/ds2760_battery.o
  CC [M]  drivers/net/wireless/broadcom/b43/sysfs.o
  CC [M]  net/netfilter/xt_length.o
  CC [M]  drivers/net/wireless/intersil/orinoco/orinoco_cs.o
  CC [M]  drivers/net/wireless/intersil/hostap/hostap_cs.o
  CC [M]  drivers/net/wireless/ath/ath6kl/sdio.o
  CC [M]  drivers/media/i2c/mt9v032.o
  CC [M]  drivers/net/wireless/broadcom/b43legacy/xmit.o
  CC [M]  fs/jfs/namei.o
  CC [M]  drivers/input/misc/ideapad_slidebar.o
  CC [M]  drivers/hwmon/pmbus/isl68137.o
  CC [M]  drivers/input/touchscreen/tsc2004.o
  CC [M]  drivers/gpu/drm/nouveau/nvkm/subdev/devinit/gt215.o
  CC [M]  sound/soc/codecs/wm8753.o
  CC [M]  net/atm/addr.o
  CC [M]  drivers/media/common/saa7146/saa7146_core.o
  CC [M]  drivers/media/rc/keymaps/rc-dvico-mce.o
  CC [M]  drivers/net/ethernet/chelsio/cxgb4/cudbg_zlib.o
  CC [M]  drivers/net/wireless/ath/ath9k/eeprom.o
  CC [M]  drivers/thermal/intel/intel_soc_dts_iosf.o
  CC [M]  drivers/gpu/drm/amd/amdgpu/hdp_v5_2.o
  CC [M]  drivers/net/wireless/intel/iwlegacy/3945-rs.o
  CC [M]  drivers/media/common/b2c2/flexcop-misc.o
  CC [M]  drivers/power/supply/ds2780_battery.o
  LD [M]  drivers/usb/isp1760/isp1760.o
  LD [M]  drivers/net/wireguard/wireguard.o
  CC [M]  drivers/net/wireless/broadcom/b43/xmit.o
  CC [M]  drivers/net/ethernet/chelsio/cxgb4/cxgb4_tc_mqprio.o
  CC [M]  net/l2tp/l2tp_core.o
  CC [M]  drivers/media/tuners/si2157.o
  CC [M]  drivers/media/rc/keymaps/rc-dvico-portable.o
  CC [M]  net/netfilter/xt_limit.o
  CC [M]  drivers/net/wireless/intersil/orinoco/orinoco_plx.o
  LD [M]  drivers/net/wireless/intersil/p54/p54common.o
  CC [M]  drivers/input/touchscreen/tsc2005.o
  CC [M]  drivers/hwmon/pmbus/lm25066.o
  CC [M]  drivers/gpu/drm/nouveau/nvkm/subdev/devinit/mcp89.o
  CC [M]  net/atm/pvc.o
  CC [M]  fs/jfs/jfs_mount.o
  CC [M]  drivers/media/i2c/mt9v111.o
  CC [M]  net/phonet/pn_dev.o
  CC [M]  drivers/net/wireless/broadcom/b43legacy/rfkill.o
  CC [M]  drivers/net/wireless/ath/ath6kl/usb.o
  CC [M]  sound/soc/codecs/wm8770.o
  CC [M]  drivers/power/supply/ds2781_battery.o
  CC [M]  drivers/thermal/intel/intel_soc_dts_thermal.o
  AR      drivers/input/misc/built-in.a
  CC [M]  net/phonet/pn_netlink.o
  CC [M]  drivers/media/rc/keymaps/rc-em-terratec.o
  CC [M]  drivers/usb/cdns3/cdns3-ep0.o
  CC [M]  drivers/gpu/drm/i915/i915_scheduler.o
  CC [M]  net/phonet/socket.o
  CC [M]  net/phonet/datagram.o
  CC [M]  drivers/gpu/drm/amd/amdgpu/lsdma_v6_0.o
  CC [M]  drivers/scsi/mpi3mr/mpi3mr_app.o
  CC [M]  drivers/input/touchscreen/tsc2007_core.o
  CC [M]  net/netfilter/xt_mac.o
  CC [M]  drivers/net/wireless/ath/ath9k/eeprom_def.o
  CC [M]  drivers/net/wireless/intel/iwlegacy/3945-debug.o
  CC [M]  drivers/gpu/drm/nouveau/nvkm/subdev/devinit/gf100.o
  CC [M]  drivers/scsi/mpt3sas/mpt3sas_config.o
  CC [M]  drivers/hwmon/pmbus/ltc2978.o
  CC [M]  drivers/thermal/intel/intel_bxt_pmic_thermal.o
  CC [M]  fs/jfs/jfs_umount.o
  CC [M]  drivers/media/common/saa7146/saa7146_fops.o
  CC [M]  drivers/power/supply/ds2782_battery.o
  CC [M]  drivers/net/wireless/intersil/orinoco/orinoco_tmd.o
  CC [M]  drivers/media/common/b2c2/flexcop-hw-filter.o
  CC [M]  net/atm/signaling.o
  CC [M]  drivers/net/wireless/broadcom/b43/dma.o
  CC [M]  drivers/media/rc/keymaps/rc-encore-enltv2.o
  CC [M]  drivers/media/tuners/tuner-simple.o
  CC [M]  sound/soc/codecs/wm8776.o
  CC [M]  drivers/net/wireless/broadcom/b43legacy/leds.o
  CC [M]  drivers/media/i2c/ov01a10.o
  CC [M]  drivers/net/ethernet/chelsio/cxgb4/cxgb4_tc_matchall.o
  CC [M]  drivers/thermal/intel/intel_pch_thermal.o
  CC [M]  drivers/net/wireless/intel/iwlwifi/dvm/main.o
  CC [M]  drivers/net/wireless/intersil/hostap/hostap_plx.o
  LD [M]  drivers/net/wireless/ath/ath6kl/ath6kl_core.o
  CC [M]  drivers/media/rc/keymaps/rc-encore-enltv-fm53.o
  CC [M]  fs/jfs/jfs_xtree.o
  CC [M]  drivers/usb/cdns3/cdns3-trace.o
  LD [M]  drivers/net/wireless/ath/ath6kl/ath6kl_sdio.o
  CC [M]  drivers/gpu/drm/i915/i915_trace_points.o
  LD [M]  drivers/net/wireless/ath/ath6kl/ath6kl_usb.o
  AR      drivers/net/wireless/intel/built-in.a
  CC [M]  drivers/thermal/intel/intel_tcc_cooling.o
  CC [M]  drivers/gpu/drm/i915/i915_ttm_buddy_manager.o
  CC [M]  drivers/input/touchscreen/tsc2007_iio.o
  CC [M]  drivers/power/supply/ltc2941-battery-gauge.o
  CC [M]  drivers/gpu/drm/nouveau/nvkm/subdev/devinit/gm107.o
  CC [M]  drivers/gpu/drm/amd/amdgpu/nbio_v7_9.o
  CC [M]  drivers/hwmon/pmbus/ltc3815.o
  CC [M]  drivers/usb/cdns3/cdns3-pci-wrap.o
  CC [M]  drivers/net/wireless/intersil/orinoco/orinoco_nortel.o
  CC [M]  net/netfilter/xt_multiport.o
  LD [M]  drivers/net/wireless/intel/iwlegacy/iwlegacy.o
  LD [M]  drivers/net/wireless/intel/iwlegacy/iwl4965.o
  CC [M]  net/atm/svc.o
  CC [M]  drivers/media/i2c/ov02a10.o
  LD [M]  drivers/net/wireless/intel/iwlegacy/iwl3945.o
  CC [M]  drivers/scsi/mpi3mr/mpi3mr_transport.o
  CC [M]  drivers/media/rc/keymaps/rc-encore-enltv.o
  CC [M]  sound/soc/codecs/wm8782.o
  CC      drivers/input/input-compat.o
  AR      drivers/thermal/intel/built-in.a
  CC [M]  drivers/scsi/mpt3sas/mpt3sas_scsih.o
  AR      drivers/thermal/qcom/built-in.a
  AR      drivers/thermal/tegra/built-in.a
  CC [M]  drivers/net/caif/caif_serial.o
  AR      drivers/thermal/mediatek/built-in.a
  CC [M]  drivers/net/wireless/ath/ath9k/eeprom_4k.o
  CC      drivers/thermal/thermal_core.o
  CC [M]  net/phonet/sysctl.o
  LD [M]  drivers/media/common/b2c2/b2c2-flexcop.o
  CC [M]  drivers/net/wireless/broadcom/b43legacy/dma.o
  CC [M]  drivers/input/touchscreen/wacom_w8001.o
  CC [M]  drivers/media/common/saa7146/saa7146_video.o
  CC [M]  drivers/gpu/drm/nouveau/nvkm/subdev/devinit/gm200.o
  CC      drivers/thermal/thermal_sysfs.o
  CC [M]  drivers/input/touchscreen/wacom_i2c.o
  CC [M]  drivers/input/touchscreen/wdt87xx_i2c.o
  CC [M]  drivers/power/supply/goldfish_battery.o
  CC [M]  drivers/hwmon/pmbus/max15301.o
  CC [M]  drivers/net/wireless/broadcom/b43/pio.o
  CC [M]  drivers/media/rc/keymaps/rc-evga-indtube.o
  CC [M]  drivers/net/ethernet/chelsio/cxgb4/cxgb4_dcb.o
  CC [M]  drivers/net/wireless/intersil/orinoco/spectrum_cs.o
  CC [M]  drivers/media/tuners/tuner-types.o
  CC [M]  sound/soc/codecs/wm8804.o
  CC [M]  net/l2tp/l2tp_ppp.o
  CC [M]  drivers/gpu/drm/amd/amdgpu/aqua_vanjaram.o
  CC [M]  drivers/net/wireless/intel/iwlwifi/dvm/rs.o
  CC      drivers/watchdog/watchdog_core.o
  CC [M]  drivers/media/i2c/ov13858.o
  CC [M]  net/atm/ioctl.o
  CC [M]  net/netfilter/xt_nfacct.o
  CC [M]  drivers/gpu/drm/i915/i915_vma.o
  CC [M]  fs/jfs/jfs_imap.o
  CC [M]  net/atm/common.o
  CC [M]  drivers/power/supply/sbs-battery.o
  CC [M]  net/atm/atm_misc.o
  CC [M]  drivers/media/rc/keymaps/rc-eztv.o
  CC [M]  net/phonet/af_phonet.o
  CC [M]  drivers/gpu/drm/nouveau/nvkm/subdev/devinit/gv100.o
  CC [M]  drivers/net/caif/caif_virtio.o
  CC [M]  drivers/scsi/mpt3sas/mpt3sas_transport.o
  CC [M]  drivers/hwmon/pmbus/max16064.o
  CC [M]  drivers/usb/cdns3/cdnsp-pci.o
  CC [M]  drivers/media/common/saa7146/saa7146_hlp.o
  CC [M]  drivers/net/wireless/ath/ath9k/eeprom_9287.o
  CC [M]  drivers/input/touchscreen/wm831x-ts.o
  CC [M]  drivers/media/rc/keymaps/rc-flydvb.o
  CC [M]  drivers/net/wireless/intersil/hostap/hostap_pci.o
  CC [M]  drivers/net/wireless/intersil/orinoco/orinoco_usb.o
  CC [M]  drivers/net/wireless/broadcom/b43legacy/pio.o
  LD [M]  drivers/scsi/mpi3mr/mpi3mr.o
  CC [M]  drivers/net/wireless/broadcom/b43/rfkill.o
  CC [M]  net/netfilter/xt_osf.o
  CC [M]  drivers/usb/cdns3/cdnsp-ring.o
  CC [M]  drivers/gpu/drm/nouveau/nvkm/subdev/devinit/tu102.o
  CC [M]  drivers/media/tuners/tda18212.o
  CC [M]  drivers/media/i2c/ov2640.o
  CC [M]  drivers/hwmon/pmbus/max16601.o
  CC [M]  drivers/media/rc/keymaps/rc-flyvideo.o
  CC [M]  drivers/power/supply/sbs-charger.o
  CC [M]  drivers/gpu/drm/amd/amdgpu/df_v1_7.o
  CC [M]  drivers/net/ethernet/chelsio/cxgb4vf/cxgb4vf_main.o
  CC      drivers/thermal/thermal_trip.o
  CC [M]  drivers/input/touchscreen/wm97xx-core.o
  CC [M]  sound/soc/codecs/wm8804-i2c.o
  CC [M]  drivers/net/ethernet/chelsio/cxgb4/cxgb4_fcoe.o
  CC [M]  drivers/net/wireless/broadcom/brcm80211/brcmutil/utils.o
  CC      drivers/watchdog/watchdog_dev.o
  CC [M]  net/l2tp/l2tp_ip.o
  CC [M]  fs/jfs/jfs_debug.o
  CC [M]  drivers/net/ethernet/chelsio/cxgb4/cxgb4_debugfs.o
  CC [M]  drivers/media/rc/keymaps/rc-fusionhdtv-mce.o
  AR      drivers/net/ethernet/dlink/built-in.a
  CC [M]  drivers/usb/cdns3/cdnsp-gadget.o
  CC [M]  drivers/net/ethernet/dlink/dl2k.o
  CC [M]  drivers/net/wireless/ath/ath9k/ani.o
  CC [M]  drivers/net/wireless/broadcom/b43/ppr.o
  CC [M]  drivers/gpu/drm/nouveau/nvkm/subdev/devinit/ga100.o
  CC [M]  net/phonet/pep.o
  CC [M]  drivers/media/tuners/tda18218.o
  CC [M]  drivers/hwmon/pmbus/max20730.o
  LD [M]  drivers/net/wireless/broadcom/b43legacy/b43legacy.o
  CC      drivers/thermal/thermal_helpers.o
  CC [M]  drivers/gpu/drm/i915/i915_vma_resource.o
  CC [M]  net/netfilter/xt_owner.o
  CC [M]  drivers/media/common/saa7146/saa7146_vbi.o
  CC [M]  drivers/power/supply/sbs-manager.o
  LD [M]  drivers/media/common/saa7146/saa7146.o
  CC [M]  net/atm/raw.o
  CC [M]  sound/soc/codecs/wm8804-spi.o
  CC [M]  drivers/net/ethernet/chelsio/cxgb4/cxgb4_thermal.o
  CC [M]  drivers/media/i2c/ov2659.o
  CC [M]  fs/jfs/jfs_dmap.o
  CC [M]  drivers/net/wireless/intel/iwlwifi/dvm/mac80211.o
  CC [M]  drivers/media/rc/keymaps/rc-gadmei-rm008z.o
  CC [M]  drivers/gpu/drm/amd/amdgpu/df_v3_6.o
  LD [M]  drivers/net/wireless/intersil/orinoco/orinoco.o
  CC [M]  drivers/net/wireless/broadcom/brcm80211/brcmutil/d11.o
  CC [M]  drivers/gpu/drm/nouveau/nvkm/subdev/fault/base.o
  CC [M]  drivers/scsi/mvsas/mv_init.o
  CC [M]  drivers/input/touchscreen/wm9705.o
  CC [M]  drivers/media/tuners/tda18250.o
  CC [M]  drivers/media/rc/keymaps/rc-geekbox.o
  CC [M]  sound/soc/codecs/wm8903.o
  CC [M]  drivers/net/wireless/broadcom/b43/leds.o
  CC      drivers/watchdog/watchdog_pretimeout.o
  CC [M]  drivers/hwmon/pmbus/max20751.o
  CC      drivers/thermal/thermal_netlink.o
  CC [M]  drivers/net/wireless/ath/ath9k/mac.o
  CC [M]  drivers/power/supply/bq27xxx_battery.o
  LD [M]  drivers/media/common/saa7146/saa7146_vv.o
  CC [M]  net/netfilter/xt_cgroup.o
  AR      drivers/media/common/siano/built-in.a
  CC [M]  drivers/media/common/siano/smscoreapi.o
  LD [M]  drivers/net/wireless/intersil/hostap/hostap.o
  CC [M]  drivers/gpu/drm/i915/gt/uc/intel_gsc_fw.o
  CC [M]  drivers/media/rc/keymaps/rc-genius-tvgo-a11mce.o
  CC [M]  drivers/net/ethernet/chelsio/cxgb4vf/t4vf_hw.o
  CC [M]  drivers/media/i2c/ov2680.o
  CC [M]  drivers/net/ethernet/chelsio/cxgb4vf/sge.o
  CC [M]  drivers/md/bcache/alloc.o
  CC [M]  drivers/media/rc/rc-main.o
  CC [M]  net/phonet/pep-gprs.o
  CC [M]  drivers/net/ethernet/dlink/sundance.o
  CC [M]  drivers/net/wireless/intel/iwlwifi/mvm/fw.o
  CC [M]  drivers/usb/cdns3/cdnsp-mem.o
  CC [M]  drivers/gpu/drm/nouveau/nvkm/subdev/fault/user.o
  CC [M]  drivers/gpu/drm/amd/amdgpu/df_v4_3.o
  CC [M]  net/atm/resources.o
  CC [M]  net/l2tp/l2tp_netlink.o
  CC [M]  drivers/hwmon/pmbus/max31785.o
  CC      drivers/watchdog/pretimeout_noop.o
  CC [M]  drivers/media/tuners/tda18271-maps.o
  CC [M]  drivers/scsi/mvsas/mv_sas.o
  CC [M]  drivers/net/wireless/intel/iwlwifi/dvm/ucode.o
  CC [M]  drivers/media/rc/keymaps/rc-gotview7135.o
  CC [M]  fs/jfs/jfs_unicode.o
  CC [M]  drivers/input/touchscreen/wm9712.o
  LD [M]  drivers/net/wireless/broadcom/brcm80211/brcmutil/brcmutil.o
  CC [M]  drivers/net/wireless/broadcom/brcm80211/brcmfmac/wcc/core.o
  LD [M]  drivers/net/wireless/broadcom/b43/b43.o
  CC [M]  drivers/watchdog/pretimeout_panic.o
  CC [M]  net/netfilter/xt_physdev.o
  CC [M]  drivers/net/wireless/broadcom/brcm80211/brcmsmac/mac80211_if.o
  CC [M]  drivers/power/supply/bq27xxx_battery_i2c.o
  CC [M]  drivers/gpu/drm/i915/gt/uc/intel_gsc_proxy.o
  CC [M]  drivers/scsi/mpt3sas/mpt3sas_ctl.o
  CC [M]  drivers/media/rc/keymaps/rc-hauppauge.o
  CC [M]  drivers/gpu/drm/nouveau/nvkm/subdev/fault/gp100.o
  CC [M]  fs/jfs/jfs_dtree.o
  CC      drivers/thermal/thermal_hwmon.o
  LD [M]  net/phonet/phonet.o
  LD [M]  net/phonet/pn_pep.o
  CC [M]  drivers/usb/mon/mon_main.o
  CC [M]  drivers/media/i2c/ov2685.o
  CC [M]  drivers/hwmon/pmbus/max34440.o
  CC [M]  drivers/gpu/drm/amd/amdgpu/gmc_v7_0.o
  CC [M]  drivers/md/bcache/bset.o
  CC [M]  drivers/media/tuners/tda18271-common.o
  CC [M]  drivers/watchdog/pcwd_pci.o
  CC [M]  drivers/usb/cdns3/cdnsp-ep0.o
  CC [M]  sound/soc/codecs/wm8904.o
  CC [M]  drivers/usb/cdns3/cdnsp-trace.o
  CC [M]  drivers/net/wireless/broadcom/brcm80211/brcmfmac/wcc/module.o
  CC [M]  drivers/net/wireless/ath/ath9k/ar9002_mac.o
  CC [M]  drivers/media/rc/keymaps/rc-hisi-poplar.o
  CC [M]  drivers/net/wireless/intel/iwlwifi/dvm/tx.o
  AR      drivers/accessibility/braille/built-in.a
  CC [M]  drivers/media/common/siano/sms-cards.o
  CC [M]  drivers/input/touchscreen/wm9713.o
  CC [M]  drivers/accessibility/speakup/speakup_acntsa.o
  CC [M]  drivers/isdn/hardware/mISDN/hfcpci.o
  CC [M]  drivers/power/supply/bq27xxx_battery_hdq.o
  CC [M]  net/netfilter/xt_pkttype.o
  CC [M]  drivers/net/wireless/intel/iwlwifi/mvm/mac80211.o
  CC [M]  net/atm/atm_sysfs.o
  CC [M]  drivers/usb/mon/mon_stat.o
  CC [M]  drivers/gpu/drm/nouveau/nvkm/subdev/fault/gp10b.o
  CC [M]  drivers/scsi/mvsas/mv_64xx.o
  CC      drivers/thermal/thermal_acpi.o
  CC [M]  drivers/gpu/drm/i915/gt/uc/intel_gsc_uc.o
  LD [M]  drivers/net/ethernet/chelsio/cxgb4vf/cxgb4vf.o
  AR      drivers/isdn/hardware/built-in.a
  CC [M]  drivers/isdn/hardware/mISDN/hfcmulti.o
  CC [M]  drivers/media/rc/keymaps/rc-hisi-tv-demo.o
  CC [M]  drivers/hwmon/pmbus/max8688.o
  CC [M]  drivers/watchdog/wdt_pci.o
  CC [M]  drivers/media/i2c/ov2740.o
  CC [M]  drivers/power/supply/da9030_battery.o
  CC [M]  drivers/media/tuners/tda18271-fe.o
  CC [M]  drivers/accessibility/speakup/speakup_apollo.o
  LD [M]  drivers/net/wireless/broadcom/brcm80211/brcmfmac/wcc/brcmfmac-wcc.o
  CC [M]  drivers/media/common/siano/smsendian.o
  CC [M]  drivers/net/wireless/broadcom/brcm80211/brcmsmac/ucode_loader.o
  CC [M]  drivers/net/wireless/broadcom/brcm80211/brcmfmac/cyw/core.o
  CC [M]  net/l2tp/l2tp_eth.o
  LD [M]  drivers/net/ethernet/chelsio/cxgb4/cxgb4.o
  CC [M]  drivers/usb/mon/mon_text.o
  CC [M]  sound/soc/codecs/wm8960.o
  CC [M]  drivers/media/rc/keymaps/rc-imon-mce.o
  CC [M]  drivers/net/wireless/broadcom/brcm80211/brcmsmac/ampdu.o
  CC [M]  drivers/gpu/drm/amd/amdgpu/gmc_v8_0.o
  CC [M]  drivers/gpu/drm/nouveau/nvkm/subdev/fault/gv100.o
  CC [M]  drivers/net/ethernet/chelsio/libcxgb/libcxgb_ppm.o
  CC [M]  drivers/md/bcache/btree.o
  CC [M]  drivers/input/touchscreen/sx8654.o
  CC      drivers/thermal/gov_fair_share.o
  CC [M]  net/netfilter/xt_policy.o
  CC [M]  net/atm/proc.o
  CC [M]  drivers/net/wireless/ath/ath9k/ar9003_mac.o
  CC [M]  drivers/hwmon/pmbus/mp2888.o
  CC [M]  drivers/watchdog/pcwd_usb.o
  CC [M]  drivers/accessibility/speakup/speakup_audptr.o
  CC [M]  drivers/gpu/drm/i915/gt/uc/intel_gsc_uc_debugfs.o
  CC [M]  drivers/power/supply/da9052-battery.o
  CC [M]  drivers/gpu/drm/amd/amdgpu/gfxhub_v1_0.o
  CC [M]  drivers/scsi/mpt3sas/mpt3sas_trigger_diag.o
  CC [M]  drivers/media/rc/keymaps/rc-imon-pad.o
  CC [M]  drivers/net/wireless/intel/iwlwifi/dvm/lib.o
  CC [M]  drivers/scsi/mvsas/mv_94xx.o
  CC [M]  fs/jfs/jfs_inode.o
  CC [M]  drivers/net/wireless/broadcom/brcm80211/brcmfmac/cyw/module.o
  CC      drivers/thermal/gov_bang_bang.o
  CC [M]  drivers/media/common/siano/smsir.o
  CC [M]  drivers/usb/mon/mon_bin.o
  CC [M]  drivers/media/i2c/ov5647.o
  CC [M]  drivers/net/wireless/ath/wil6210/main.o
  CC [M]  drivers/gpu/drm/nouveau/nvkm/subdev/fault/tu102.o
  CC [M]  drivers/accessibility/speakup/speakup_bns.o
  CC [M]  net/l2tp/l2tp_debugfs.o
  LD [M]  drivers/usb/cdns3/cdns-usb-common.o
  CC [M]  drivers/input/touchscreen/tps6507x-ts.o
  CC [M]  drivers/media/rc/keymaps/rc-imon-rsc.o
  LD [M]  drivers/usb/cdns3/cdns3.o
  CC [M]  sound/soc/codecs/wm8962.o
  CC [M]  drivers/power/supply/da9150-charger.o
  CC [M]  drivers/hwmon/pmbus/mp2975.o
  LD [M]  drivers/usb/cdns3/cdnsp-udc-pci.o
  CC      drivers/thermal/gov_step_wise.o
  CC [M]  drivers/hwmon/pmbus/pm6764tr.o
  CC [M]  drivers/gpu/drm/i915/gt/uc/intel_gsc_uc_heci_cmd_submit.o
  CC [M]  fs/jfs/jfs_discard.o
  CC [M]  drivers/watchdog/cadence_wdt.o
  CC [M]  net/netfilter/xt_quota.o
  CC [M]  drivers/scsi/mpt3sas/mpt3sas_warpdrive.o
  CC [M]  drivers/net/wireless/broadcom/brcm80211/brcmsmac/antsel.o
  CC [M]  drivers/input/touchscreen/zet6223.o
  CC [M]  drivers/media/common/siano/smsdvb-main.o
  CC [M]  drivers/media/tuners/tda827x.o
  LD [M]  drivers/net/wireless/broadcom/brcm80211/brcmfmac/cyw/brcmfmac-cyw.o
  CC [M]  drivers/accessibility/speakup/speakup_dectlk.o
  CC [M]  drivers/net/wireless/broadcom/brcm80211/brcmfmac/bca/core.o
  CC [M]  drivers/media/rc/keymaps/rc-iodata-bctv7e.o
  CC [M]  drivers/net/ethernet/chelsio/libcxgb/libcxgb_cm.o
  CC [M]  fs/jfs/jfs_extent.o
  CC [M]  net/atm/clip.o
  CC      drivers/thermal/gov_user_space.o
  CC [M]  drivers/gpu/drm/nouveau/nvkm/subdev/fb/base.o
  LD [M]  drivers/usb/mon/usbmon.o
  CC [M]  drivers/gpu/drm/amd/amdgpu/mmhub_v1_0.o
  CC [M]  drivers/watchdog/twl4030_wdt.o
  CC [M]  drivers/media/i2c/ov5648.o
  CC [M]  drivers/power/supply/da9150-fg.o
  CC [M]  drivers/net/wireless/ath/ath9k/ar9003_eeprom.o
  CC [M]  drivers/usb/c67x00/c67x00-drv.o
  CC [M]  drivers/hwmon/pmbus/pxe1610.o
  CC [M]  drivers/net/wireless/ath/ath9k/ar9003_paprd.o
  CC [M]  drivers/net/wireless/intel/iwlwifi/dvm/calib.o
  LD [M]  drivers/scsi/mvsas/mvsas.o
  CC [M]  drivers/media/rc/rc-ir-raw.o
  CC [M]  net/netfilter/xt_rateest.o
  CC [M]  drivers/scsi/mpt3sas/mpt3sas_debugfs.o
  CC [M]  drivers/gpu/drm/amd/amdgpu/gmc_v9_0.o
  CC      drivers/thermal/gov_power_allocator.o
  CC [M]  drivers/media/rc/keymaps/rc-it913x-v1.o
  CC [M]  drivers/input/touchscreen/zforce_ts.o
  CC [M]  drivers/gpu/drm/i915/gt/uc/intel_guc.o
  CC [M]  net/l2tp/l2tp_ip6.o
  CC [M]  drivers/accessibility/speakup/speakup_decext.o
  CC [M]  fs/jfs/symlink.o
  CC [M]  drivers/watchdog/dw_wdt.o
  CC [M]  drivers/net/wireless/broadcom/brcm80211/brcmfmac/bca/module.o
  CC [M]  drivers/net/wireless/broadcom/brcm80211/brcmsmac/channel.o
  CC [M]  drivers/usb/c67x00/c67x00-ll-hpi.o
  CC [M]  drivers/md/bcache/closure.o
  CC [M]  drivers/media/common/siano/smsdvb-debugfs.o
  CC [M]  drivers/gpu/drm/nouveau/nvkm/subdev/fb/nv04.o
  CC [M]  drivers/media/rc/keymaps/rc-it913x-v2.o
  CC [M]  drivers/hwmon/pmbus/q54sj108a2.o
  CC [M]  drivers/net/wireless/ath/wil6210/netdev.o
  CC [M]  drivers/power/supply/max17040_battery.o
  CC [M]  fs/jfs/jfs_metapage.o
  CC [M]  net/netfilter/xt_realm.o
  CC [M]  drivers/isdn/hardware/mISDN/hfcsusb.o
  CC [M]  net/atm/br2684.o
  LD [M]  drivers/scsi/mpt3sas/mpt3sas.o
  CC [M]  drivers/accessibility/speakup/speakup_ltlk.o
  CC [M]  drivers/media/tuners/tda8290.o
  CC [M]  drivers/net/wireless/intel/iwlwifi/mvm/nvm.o
  CC [M]  drivers/watchdog/retu_wdt.o
  CC [M]  drivers/scsi/cxgbi/cxgb3i/cxgb3i.o
  CC [M]  drivers/media/i2c/ov5670.o
  CC [M]  sound/soc/codecs/wm8974.o
  CC [M]  drivers/md/bcache/debug.o
  CC      drivers/thermal/devfreq_cooling.o
  CC [M]  drivers/usb/c67x00/c67x00-hcd.o
  CC [M]  drivers/input/touchscreen/rohm_bu21023.o
  CC [M]  drivers/media/rc/keymaps/rc-kaiomy.o
  CC [M]  drivers/net/wireless/intel/iwlwifi/dvm/tt.o
  CC [M]  drivers/usb/c67x00/c67x00-sched.o
  LD [M]  drivers/net/wireless/broadcom/brcm80211/brcmfmac/bca/brcmfmac-bca.o
  CC [M]  fs/jfs/jfs_logmgr.o
  CC [M]  drivers/net/wireless/broadcom/brcm80211/brcmfmac/cfg80211.o
  CC [M]  drivers/hwmon/pmbus/stpddc60.o
  CC [M]  drivers/gpu/drm/i915/gt/uc/intel_guc_ads.o
  CC [M]  drivers/gpu/drm/nouveau/nvkm/subdev/fb/nv10.o
  CC [M]  drivers/accessibility/speakup/speakup_soft.o
  CC [M]  drivers/watchdog/acquirewdt.o
  CC [M]  drivers/power/supply/max17042_battery.o
  CC [M]  drivers/net/wireless/broadcom/brcm80211/brcmsmac/main.o
  LD [M]  drivers/media/common/siano/smsmdtv.o
  LD [M]  drivers/media/common/siano/smsdvb.o
  CC [M]  drivers/media/rc/keymaps/rc-khadas.o
  LD [M]  drivers/net/ethernet/chelsio/libcxgb/libcxgb.o
  AR      drivers/net/ethernet/chelsio/built-in.a
  AR      drivers/media/common/v4l2-tpg/built-in.a
  CC [M]  drivers/media/common/v4l2-tpg/v4l2-tpg-core.o
  CC [M]  drivers/media/i2c/ov5675.o
  CC [M]  drivers/net/ethernet/emulex/benet/be_main.o
  CC [M]  drivers/md/bcache/extents.o
  CC [M]  drivers/media/i2c/ov5695.o
  CC [M]  net/netfilter/xt_recent.o
  CC [M]  drivers/net/wireless/ath/wil6210/cfg80211.o
  CC [M]  drivers/media/common/v4l2-tpg/v4l2-tpg-colors.o
  CC [M]  drivers/net/wireless/intel/iwlwifi/mvm/ops.o
  CC [M]  drivers/thermal/thermal-generic-adc.o
  CC [M]  net/atm/lec.o
  CC [M]  sound/soc/codecs/wm8978.o
  CC [M]  drivers/net/wireless/ath/ath9k/ar9003_wow.o
  CC [M]  drivers/input/touchscreen/iqs5xx.o
  CC [M]  drivers/watchdog/advantechwdt.o
  LD [M]  drivers/usb/c67x00/c67x00.o
  CC [M]  drivers/media/rc/keymaps/rc-khamsin.o
  CC [M]  drivers/gpu/drm/amd/amdgpu/gfxhub_v1_1.o
  CC [M]  drivers/usb/class/cdc-acm.o
  CC [M]  drivers/scsi/cxgbi/cxgb4i/cxgb4i.o
  CC [M]  drivers/accessibility/speakup/speakup_spkout.o
  CC [M]  drivers/hwmon/pmbus/tps40422.o
  CC [M]  drivers/scsi/cxgbi/libcxgbi.o
  CC [M]  drivers/gpu/drm/nouveau/nvkm/subdev/fb/nv1a.o
  CC [M]  drivers/power/supply/max1721x_battery.o
  CC [M]  drivers/net/wireless/intel/iwlwifi/dvm/sta.o
  AR      drivers/thermal/built-in.a
  AR      drivers/net/ethernet/emulex/built-in.a
  CC [M]  drivers/net/wireless/broadcom/brcm80211/brcmsmac/phy_shim.o
  CC [M]  fs/jfs/jfs_txnmgr.o
  CC [M]  drivers/isdn/hardware/mISDN/avmfritz.o
  AR      drivers/accessibility/built-in.a
  CC [M]  drivers/media/tuners/tda9887.o
  CC [M]  drivers/net/wireless/marvell/libertas/cfg.o
  CC [M]  drivers/media/rc/keymaps/rc-kworld-315u.o
  CC [M]  drivers/net/wireless/marvell/libertas/cmd.o
  CC [M]  drivers/watchdog/alim1535_wdt.o
  CC [M]  drivers/media/i2c/ov6650.o
  CC [M]  drivers/power/supply/rt5033_battery.o
  CC [M]  drivers/accessibility/speakup/speakup_txprt.o
  CC [M]  drivers/md/bcache/io.o
  CC [M]  drivers/watchdog/alim7101_wdt.o
  CC [M]  drivers/hwmon/pmbus/tps53679.o
  CC [M]  drivers/gpu/drm/i915/gt/uc/intel_guc_capture.o
  CC [M]  sound/soc/codecs/wm8985.o
  CC [M]  net/netfilter/xt_sctp.o
  CC [M]  drivers/gpu/drm/nouveau/nvkm/subdev/fb/nv20.o
  CC [M]  drivers/input/touchscreen/zinitix.o
  CC [M]  drivers/gpu/drm/amd/amdgpu/mmhub_v9_4.o
  CC [M]  drivers/media/rc/keymaps/rc-kworld-pc150u.o
  CC [M]  drivers/net/wireless/mediatek/mt7601u/usb.o
  CC [M]  drivers/net/wireless/mediatek/mt76/mt76x0/usb.o
  CC [M]  drivers/accessibility/speakup/speakup_dummy.o
  CC [M]  drivers/power/supply/rt9455_charger.o
  CC [M]  drivers/usb/class/usblp.o
  CC [M]  drivers/md/bcache/journal.o
  CC [M]  drivers/net/wireless/intel/iwlwifi/mvm/phy-ctxt.o
  CC [M]  drivers/net/wireless/ath/ath9k/btcoex.o
  CC [M]  drivers/watchdog/ebc-c384_wdt.o
  CC [M]  drivers/hwmon/pmbus/ucd9000.o
  CC [M]  net/atm/mpc.o
  CC [M]  drivers/gpu/drm/nouveau/nvkm/subdev/fb/nv25.o
  CC [M]  drivers/media/i2c/ov7251.o
  CC [M]  drivers/media/rc/keymaps/rc-kworld-plus-tv-analog.o
  CC [M]  fs/jfs/resize.o
  CC [M]  drivers/isdn/hardware/mISDN/speedfax.o
  CC [M]  drivers/net/wireless/intel/iwlwifi/dvm/rx.o
  CC [M]  sound/soc/codecs/wm_adsp.o
  CC [M]  drivers/media/tuners/tea5761.o
  CC [M]  drivers/accessibility/speakup/buffers.o
  LD [M]  drivers/media/common/v4l2-tpg/v4l2-tpg.o
  CC [M]  drivers/watchdog/f71808e_wdt.o
  CC [M]  drivers/net/wireless/mediatek/mt7601u/init.o
  CC [M]  net/netfilter/xt_socket.o
  CC [M]  drivers/net/wireless/ath/wil6210/pcie_bus.o
  AR      drivers/media/common/videobuf2/built-in.a
  CC [M]  drivers/media/common/videobuf2/videobuf2-core.o
  CC [M]  drivers/media/rc/keymaps/rc-leadtek-y04g0051.o
  CC [M]  drivers/usb/class/cdc-wdm.o
  CC [M]  drivers/gpu/drm/i915/gt/uc/intel_guc_ct.o
  CC [M]  drivers/net/wireless/mediatek/mt76/mt76x0/usb_mcu.o
  CC [M]  drivers/net/wireless/marvell/libertas/cmdresp.o
  LD [M]  drivers/input/touchscreen/goodix_ts.o
  CC [M]  drivers/power/supply/twl4030_madc_battery.o
  LD [M]  drivers/input/touchscreen/tsc2007.o
  LD [M]  drivers/input/touchscreen/wm97xx-ts.o
  CC [M]  drivers/media/common/videobuf2/frame_vector.o
  CC [M]  drivers/gpu/drm/nouveau/nvkm/subdev/fb/nv30.o
  AR      drivers/input/touchscreen/built-in.a
  CC [M]  fs/jfs/xattr.o
  CC      drivers/input/input-mt.o
  CC [M]  drivers/hwmon/pmbus/ucd9200.o
  CC [M]  drivers/net/wireless/mediatek/mt76/mt76x2/eeprom.o
  CC [M]  drivers/watchdog/sp5100_tco.o
  CC [M]  drivers/gpu/drm/amd/amdgpu/gfxhub_v2_0.o
  CC [M]  drivers/net/wireless/intel/iwlwifi/mvm/mac-ctxt.o
  CC [M]  drivers/md/bcache/movinggc.o
  CC [M]  drivers/media/rc/keymaps/rc-lme2510.o
  CC [M]  drivers/media/i2c/ov7640.o
  CC [M]  drivers/isdn/hardware/mISDN/mISDNinfineon.o
  CC [M]  drivers/power/supply/88pm860x_charger.o
  CC [M]  drivers/accessibility/speakup/devsynth.o
  CC [M]  net/atm/mpoa_caches.o
  CC [M]  drivers/net/wireless/broadcom/brcm80211/brcmfmac/chip.o
  CC [M]  drivers/net/wireless/mediatek/mt7601u/main.o
  CC [M]  drivers/net/ethernet/emulex/benet/be_cmds.o
  CC [M]  drivers/net/wireless/ath/ath9k/ar9003_mci.o
  CC [M]  net/netfilter/xt_state.o
  CC [M]  drivers/net/wireless/ath/wil6210/debugfs.o
  CC [M]  drivers/hwmon/pmbus/xdpe12284.o
  CC [M]  drivers/gpu/drm/nouveau/nvkm/subdev/fb/nv35.o
  CC [M]  drivers/net/wireless/broadcom/brcm80211/brcmsmac/pmu.o
  CC [M]  drivers/net/wireless/marvell/libertas/debugfs.o
  CC [M]  drivers/media/tuners/tea5767.o
  CC [M]  drivers/net/wireless/intel/iwlwifi/dvm/power.o
  CC [M]  drivers/net/wireless/mediatek/mt76/mt76x0/pci.o
  CC [M]  drivers/watchdog/sbc_fitpc2_wdt.o
  CC [M]  drivers/media/rc/keymaps/rc-manli.o
  CC [M]  drivers/usb/class/usbtmc.o
  CC [M]  fs/jfs/ioctl.o
  CC [M]  drivers/md/bcache/request.o
  CC [M]  drivers/accessibility/speakup/i18n.o
  CC      drivers/input/input-poller.o
  CC [M]  drivers/gpu/drm/i915/gt/uc/intel_guc_debugfs.o
  CC [M]  drivers/scsi/bnx2i/bnx2i_init.o
  CC [M]  drivers/power/supply/pcf50633-charger.o
  CC [M]  drivers/media/i2c/ov7670.o
  CC [M]  sound/soc/codecs/wsa881x.o
  CC [M]  drivers/watchdog/eurotechwdt.o
  CC [M]  drivers/media/rc/keymaps/rc-mecool-kiii-pro.o
  CC [M]  drivers/net/wireless/mediatek/mt76/mt76x2/mac.o
  CC [M]  drivers/gpu/drm/amd/amdgpu/mmhub_v2_0.o
  CC [M]  drivers/hwmon/pmbus/zl6100.o
  CC [M]  drivers/gpu/drm/nouveau/nvkm/subdev/fb/nv36.o
  CC [M]  net/atm/mpoa_proc.o
  CC [M]  fs/jfs/acl.o
  CC [M]  drivers/net/wireless/broadcom/brcm80211/brcmsmac/rate.o
  CC [M]  drivers/net/wireless/broadcom/brcm80211/brcmfmac/fwil.o
  CC [M]  drivers/net/wireless/mediatek/mt7601u/mcu.o
  CC [M]  drivers/isdn/hardware/mISDN/w6692.o
  CC [M]  net/netfilter/xt_statistic.o
  CC [M]  drivers/accessibility/speakup/fakekey.o
  CC      drivers/input/ff-core.o
  CC [M]  drivers/net/wireless/marvell/libertas/ethtool.o
  CC [M]  drivers/net/wireless/mediatek/mt76/mt76x0/pci_mcu.o
  CC [M]  drivers/net/wireless/intel/iwlwifi/mvm/utils.o
  CC [M]  drivers/net/wireless/intel/iwlwifi/dvm/scan.o
  CC [M]  drivers/gpu/drm/i915/gt/uc/intel_guc_fw.o
  CC [M]  drivers/media/rc/keymaps/rc-mecool-kii-pro.o
  CC [M]  drivers/media/common/videobuf2/vb2-trace.o
  CC [M]  net/atm/pppoatm.o
  CC [M]  drivers/watchdog/ib700wdt.o
  CC [M]  drivers/scsi/bnx2i/bnx2i_hwi.o
  CC [M]  sound/soc/codecs/zl38060.o
  LD [M]  fs/jfs/jfs.o
  CC [M]  drivers/media/tuners/tua9001.o
  CC [M]  drivers/gpu/drm/nouveau/nvkm/subdev/fb/nv40.o
  CC [M]  fs/xfs/xfs_trace.o
  HOSTCC  drivers/accessibility/speakup/makemapdata.o
  CC [M]  drivers/hwmon/pmbus/pim4328.o
  CC [M]  drivers/usb/image/mdc800.o
  CC [M]  drivers/media/i2c/ov772x.o
  CC [M]  drivers/md/bcache/stats.o
  CC [M]  drivers/power/supply/rx51_battery.o
  CC [M]  drivers/net/wireless/ath/wil6210/wmi.o
  CC [M]  drivers/media/rc/keymaps/rc-medion-x10-digitainer.o
  CC [M]  drivers/net/wireless/ath/wil6210/interrupt.o
  CC [M]  net/netfilter/xt_string.o
  CC [M]  drivers/accessibility/speakup/keyhelp.o
  CC [M]  drivers/net/wireless/broadcom/brcm80211/brcmsmac/stf.o
  CC [M]  drivers/net/wireless/ath/ath9k/ar9003_aic.o
  CC [M]  drivers/watchdog/ibmasr.o
  CC [M]  drivers/net/wireless/marvell/libertas/main.o
  CC [M]  drivers/net/wireless/broadcom/brcm80211/brcmfmac/fweh.o
  CC [M]  drivers/net/wireless/mediatek/mt76/mt76x0/init.o
  CC      drivers/input/touchscreen.o
  CC [M]  drivers/net/wireless/mediatek/mt7601u/trace.o
  CC [M]  drivers/gpu/drm/i915/gt/uc/intel_guc_hwconfig.o
  CC [M]  drivers/power/supply/isp1704_charger.o
  CC [M]  drivers/gpu/drm/amd/amdgpu/gmc_v10_0.o
  CC [M]  drivers/media/rc/keymaps/rc-medion-x10.o
  CC [M]  drivers/net/wireless/mediatek/mt76/mt76x2/init.o
  CC [M]  drivers/gpu/drm/nouveau/nvkm/subdev/fb/nv41.o
  CC [M]  drivers/media/tuners/xc2028.o
  CC [M]  sound/soc/codecs/max98504.o
  LD [M]  net/atm/atm.o
  CC [M]  drivers/md/bcache/super.o
  CC [M]  drivers/isdn/hardware/mISDN/netjet.o
  LD [M]  net/atm/mpoa.o
  CC [M]  drivers/accessibility/speakup/kobjects.o
  CC [M]  drivers/watchdog/wafer5823wdt.o
  CC [M]  drivers/usb/image/microtek.o
  CC [M]  drivers/net/wireless/intel/iwlwifi/dvm/rxon.o
  CC [M]  drivers/media/common/videobuf2/videobuf2-dma-contig.o
  CC [M]  net/netfilter/xt_tcpmss.o
  CC      drivers/hwmon/hwmon.o
  CC [M]  drivers/media/i2c/ov7740.o
  CC [M]  drivers/media/rc/keymaps/rc-medion-x10-or2x.o
  CC [M]  drivers/usb/serial/usb-serial.o
  CC [M]  drivers/net/wireless/intel/iwlwifi/mvm/rx.o
  CC [M]  drivers/net/wireless/ath/ath9k/ar9003_rtt.o
  CC [M]  drivers/net/wireless/broadcom/brcm80211/brcmfmac/p2p.o
  CC [M]  drivers/scsi/bnx2i/bnx2i_iscsi.o
  CC [M]  drivers/net/wireless/broadcom/brcm80211/brcmsmac/aiutils.o
  CC [M]  drivers/power/supply/max8903_charger.o
  CC [M]  drivers/net/wireless/ath/ath9k/common.o
  CC      drivers/input/vivaldi-fmap.o
  CC [M]  drivers/gpu/drm/i915/gt/uc/intel_guc_log.o
  CC [M]  drivers/watchdog/i6300esb.o
  CC [M]  drivers/gpu/drm/nouveau/nvkm/subdev/fb/nv44.o
  CC [M]  sound/soc/codecs/simple-amplifier.o
  CC [M]  drivers/media/rc/keymaps/rc-minix-neo.o
  CC [M]  drivers/net/wireless/broadcom/brcm80211/brcmfmac/proto.o
  CC [M]  drivers/net/ethernet/emulex/benet/be_ethtool.o
  CC [M]  drivers/power/supply/twl4030_charger.o
  CC      drivers/input/mousedev.o
  CC [M]  drivers/media/i2c/ov8856.o
  CC [M]  drivers/net/wireless/marvell/libertas/rx.o
  CC [M]  drivers/accessibility/speakup/selection.o
  CC [M]  drivers/net/wireless/mediatek/mt76/mt76x0/main.o
  CC [M]  net/netfilter/xt_time.o
  CC [M]  drivers/isdn/hardware/mISDN/mISDNipac.o
  CC [M]  drivers/watchdog/ie6xx_wdt.o
  CC [M]  drivers/gpu/drm/amd/amdgpu/gfxhub_v2_1.o
  CC [M]  drivers/media/common/videobuf2/videobuf2-dma-sg.o
  CC [M]  drivers/net/wireless/broadcom/brcm80211/brcmsmac/phy/phy_cmn.o
  CC [M]  drivers/media/rc/keymaps/rc-msi-digivox-iii.o
  CC [M]  drivers/net/wireless/marvell/libertas/tx.o
  CC [M]  drivers/net/wireless/mediatek/mt7601u/dma.o
  CC [M]  drivers/gpu/drm/nouveau/nvkm/subdev/fb/nv46.o
  CC [M]  drivers/net/wireless/intel/iwlwifi/dvm/devices.o
  CC [M]  drivers/net/wireless/mediatek/mt76/mt76x2/phy.o
  CC [M]  sound/soc/codecs/tpa6130a2.o
  CC [M]  drivers/media/tuners/xc4000.o
  CC [M]  drivers/gpu/drm/i915/gt/uc/intel_guc_log_debugfs.o
  CC [M]  drivers/gpu/drm/nouveau/nvkm/subdev/fb/nv47.o
  CC [M]  drivers/net/wireless/ath/wil6210/txrx.o
  CC [M]  drivers/hwmon/hwmon-vid.o
  CC [M]  drivers/scsi/bnx2i/bnx2i_sysfs.o
  CC [M]  drivers/net/wireless/intel/iwlwifi/mvm/rxmq.o
  CC [M]  drivers/media/rc/keymaps/rc-msi-digivox-ii.o
  CC [M]  drivers/watchdog/iTCO_wdt.o
  CC [M]  drivers/usb/serial/generic.o
  CC [M]  drivers/net/wireless/broadcom/brcm80211/brcmfmac/common.o
  CC [M]  drivers/md/bcache/sysfs.o
  CC [M]  drivers/accessibility/speakup/spk_ttyio.o
  CC [M]  drivers/net/wireless/ath/ath9k/common-init.o
  CC      drivers/input/evdev.o
  CC [M]  drivers/power/supply/lp8727_charger.o
  CC [M]  net/netfilter/xt_u32.o
  CC [M]  drivers/media/i2c/ov8865.o
  CC [M]  drivers/hwmon/acpi_power_meter.o
  CC [M]  drivers/media/rc/keymaps/rc-msi-tvanywhere.o
  CC [M]  drivers/gpu/drm/nouveau/nvkm/subdev/fb/nv49.o
  CC [M]  sound/soc/codecs/lpass-macro-common.o
  CC [M]  drivers/net/wireless/intel/iwlwifi/dvm/led.o
  CC [M]  drivers/watchdog/iTCO_vendor_support.o
  CC [M]  drivers/net/ethernet/emulex/benet/be_roce.o
  CC [M]  drivers/gpu/drm/i915/gt/uc/intel_guc_rc.o
  CC [M]  drivers/media/common/videobuf2/videobuf2-dvb.o
  CC [M]  drivers/media/rc/keymaps/rc-msi-tvanywhere-plus.o
  LD [M]  drivers/scsi/bnx2i/bnx2i.o
  CC [M]  drivers/net/wireless/mediatek/mt76/mt76x0/eeprom.o
  CC [M]  drivers/net/wireless/mediatek/mt7601u/core.o
  CC [M]  drivers/scsi/qedi/qedi_main.o
  CC [M]  drivers/scsi/qedi/qedi_iscsi.o
  CC [M]  drivers/net/wireless/marvell/libertas/firmware.o
  CC [M]  drivers/power/supply/lp8788-charger.o
  CC [M]  drivers/gpu/drm/amd/amdgpu/mmhub_v2_3.o
  CC [M]  drivers/accessibility/speakup/synth.o
  CC [M]  drivers/hwmon/asus_atk0110.o
  AR      drivers/media/platform/allegro-dvt/built-in.a
  CC [M]  drivers/net/wireless/broadcom/brcm80211/brcmfmac/core.o
  AR      drivers/media/platform/amlogic/meson-ge2d/built-in.a
  CC [M]  drivers/input/ff-memless.o
  AR      drivers/media/platform/amlogic/built-in.a
  CC [M]  drivers/media/rc/keymaps/rc-nebula.o
  AR      drivers/media/platform/amphion/built-in.a
  AR      drivers/media/platform/aspeed/built-in.a
  CC [M]  drivers/net/wireless/broadcom/brcm80211/brcmsmac/phy/phy_lcn.o
  CC [M]  drivers/net/wireless/mediatek/mt76/mt76x2/mcu.o
  CC [M]  drivers/usb/serial/bus.o
  CC [M]  drivers/gpu/drm/nouveau/nvkm/subdev/fb/nv4e.o
  CC [M]  sound/soc/codecs/lpass-wsa-macro.o
  AR      drivers/media/platform/atmel/built-in.a
  CC [M]  drivers/watchdog/it8712f_wdt.o
  AR      drivers/media/platform/cadence/built-in.a
  CC [M]  drivers/media/platform/cadence/cdns-csi2rx.o
  CC [M]  drivers/md/bcache/trace.o
  CC [M]  drivers/isdn/hardware/mISDN/mISDNisar.o
  CC [M]  drivers/media/i2c/ov9640.o
  CC [M]  drivers/power/supply/gpio-charger.o
  CC [M]  drivers/net/wireless/ath/ath9k/common-beacon.o
  CC [M]  drivers/media/tuners/xc5000.o
  CC [M]  drivers/net/wireless/intel/iwlwifi/dvm/debugfs.o
  CC [M]  drivers/gpu/drm/i915/gt/uc/intel_guc_slpc.o
  CC [M]  drivers/net/wireless/mediatek/mt7601u/eeprom.o
  CC [M]  drivers/media/rc/keymaps/rc-nec-terratec-cinergy-xs.o
  CC [M]  drivers/net/wireless/mediatek/mt76/mt76x0/phy.o
  CC [M]  drivers/usb/serial/aircable.o
  CC [M]  drivers/watchdog/it87_wdt.o
  CC [M]  drivers/hwmon/asb100.o
  CC [M]  drivers/power/supply/lt3651-charger.o
  CC [M]  drivers/gpu/drm/nouveau/nvkm/subdev/fb/nv50.o
  CC [M]  drivers/net/wireless/marvell/libertas/mesh.o
  CC [M]  drivers/media/common/videobuf2/videobuf2-memops.o
  CC [M]  drivers/net/wireless/intel/iwlwifi/mvm/tx.o
  CC [M]  drivers/net/wireless/ath/wil6210/txrx_edma.o
  CC [M]  drivers/media/rc/keymaps/rc-norwood.o
  LD [M]  net/netfilter/nf_conntrack.o
  CC [M]  drivers/accessibility/speakup/thread.o
  CC [M]  drivers/media/platform/cadence/cdns-csi2tx.o
  CC [M]  drivers/power/supply/ltc4162-l-charger.o
  CC [M]  drivers/input/sparse-keymap.o
  LD [M]  drivers/net/ethernet/emulex/benet/be2net.o
  LD [M]  net/netfilter/nf_conntrack_h323.o
  LD [M]  net/netfilter/nf_nat.o
  CC [M]  drivers/media/i2c/ov9650.o
  AR      drivers/net/ethernet/engleder/built-in.a
  LD [M]  net/netfilter/nf_tables.o
  AR      drivers/net/ethernet/ezchip/built-in.a
  CC [M]  drivers/watchdog/hpwdt.o
  CC [M]  drivers/gpu/drm/amd/amdgpu/mmhub_v1_7.o
  AR      drivers/net/ethernet/fujitsu/built-in.a
  CC [M]  drivers/net/ethernet/fujitsu/fmvj18x_cs.o
  CC [M]  drivers/watchdog/kempld_wdt.o
  CC [M]  drivers/usb/serial/ark3116.o
  LD [M]  net/netfilter/nf_flow_table.o
  AR      net/netfilter/built-in.a
  CC [M]  net/dccp/ccid.o
  CC [M]  drivers/gpu/drm/i915/gt/uc/intel_guc_submission.o
  CC [M]  drivers/net/wireless/broadcom/brcm80211/brcmfmac/firmware.o
  CC [M]  drivers/scsi/qedi/qedi_fw.o
  CC [M]  drivers/net/wireless/mediatek/mt7601u/phy.o
  CC [M]  drivers/media/rc/keymaps/rc-npgtech.o
  CC [M]  drivers/net/wireless/mediatek/mt76/mt76x2/pci.o
  CC [M]  sound/soc/codecs/lpass-va-macro.o
  CC [M]  drivers/gpu/drm/nouveau/nvkm/subdev/fb/g84.o
  CC [M]  drivers/net/wireless/ath/ath9k/common-debug.o
  CC [M]  drivers/hwmon/w83627hf.o
  CC [M]  drivers/net/wireless/ath/ath9k/common-spectral.o
  CC [M]  drivers/media/common/videobuf2/videobuf2-v4l2.o
  AR      drivers/media/platform/chips-media/built-in.a
  CC [M]  drivers/accessibility/speakup/varhandlers.o
  CC [M]  drivers/watchdog/sc1200wdt.o
  CC [M]  drivers/input/matrix-keymap.o
  CC [M]  drivers/net/wireless/marvell/libertas/if_usb.o
  AR      drivers/media/platform/intel/built-in.a
  CC [M]  drivers/power/supply/max14577_charger.o
  AR      drivers/media/platform/marvell/built-in.a
  CC [M]  drivers/media/rc/keymaps/rc-odroid.o
  CC [M]  drivers/media/platform/marvell/cafe-driver.o
  LD [M]  drivers/net/wireless/intel/iwlwifi/dvm/iwldvm.o
  CC [M]  drivers/usb/serial/belkin_sa.o
  CC [M]  drivers/net/wireless/broadcom/brcm80211/brcmsmac/phy/phy_n.o
  AR      drivers/media/platform/mediatek/jpeg/built-in.a
  CC [M]  drivers/media/i2c/ov9734.o
  AR      drivers/media/platform/mediatek/mdp/built-in.a
  LD [M]  drivers/media/tuners/tda18271.o
  AR      drivers/media/platform/microchip/built-in.a
  AR      drivers/media/platform/mediatek/vcodec/common/built-in.a
  CC [M]  drivers/hwmon/w83773g.o
  CC [M]  drivers/isdn/hardware/mISDN/isdnhdlc.o
  AR      drivers/media/platform/mediatek/vcodec/encoder/built-in.a
  AR      drivers/media/platform/mediatek/vcodec/decoder/built-in.a
  AR      drivers/media/platform/mediatek/vcodec/built-in.a
  CC [M]  drivers/gpu/drm/nouveau/nvkm/subdev/fb/gt215.o
  AR      drivers/net/ethernet/fungible/built-in.a
  CC [M]  drivers/md/bcache/util.o
  AR      drivers/media/platform/mediatek/vpu/built-in.a
  CC [M]  drivers/media/rc/keymaps/rc-pctv-sedna.o
  CC [M]  drivers/net/ethernet/google/gve/gve_main.o
  AR      drivers/media/platform/mediatek/mdp3/built-in.a
  AR      drivers/media/platform/mediatek/built-in.a
  CC [M]  drivers/net/wireless/mediatek/mt76/mt76x2/pci_main.o
  AR      drivers/net/ethernet/google/built-in.a
  CC [M]  net/dccp/feat.o
  CC [M]  sound/soc/codecs/lpass-rx-macro.o
  CC [M]  drivers/net/wireless/broadcom/brcm80211/brcmfmac/fwvid.o
  CC [M]  drivers/watchdog/pc87413_wdt.o
  CC [M]  fs/9p/vfs_super.o
  LD [M]  drivers/net/wireless/mediatek/mt76/mt76x0/mt76x0u.o
  CC [M]  drivers/net/wireless/ath/wil6210/debug.o
  LD [M]  drivers/net/wireless/mediatek/mt76/mt76x0/mt76x0e.o
  LD [M]  drivers/net/wireless/mediatek/mt76/mt76x0/mt76x0-common.o
  CC [M]  drivers/gpu/drm/amd/amdgpu/gfxhub_v3_0.o
  CC [M]  drivers/power/supply/max77693_charger.o
  CC [M]  fs/afs/addr_list.o
  CC [M]  drivers/net/wireless/mediatek/mt7601u/mac.o
  CC [M]  drivers/input/input-leds.o
  CC [M]  sound/soc/xtensa/xtfpga-i2s.o
  CC [M]  drivers/media/platform/marvell/mcam-core.o
  CC [M]  drivers/usb/serial/ch341.o
  CC [M]  drivers/media/rc/keymaps/rc-pine64.o
  CC [M]  drivers/net/wireless/marvell/libertas/if_cs.o
  HOSTLD  drivers/accessibility/speakup/makemapdata
  MKMAP   drivers/accessibility/speakup/mapdata.h
  HOSTCC  drivers/accessibility/speakup/genmap.o
  CC [M]  drivers/net/wireless/intel/iwlwifi/mvm/binding.o
  CC [M]  drivers/hwmon/w83792d.o
  CC [M]  drivers/scsi/qedi/qedi_sysfs.o
  CC [M]  drivers/md/bcache/writeback.o
  CC [M]  drivers/net/ethernet/google/gve/gve_tx.o
  CC [M]  drivers/gpu/drm/nouveau/nvkm/subdev/fb/mcp77.o
  CC [M]  drivers/isdn/capi/kcapi.o
  HOSTLD  drivers/accessibility/speakup/genmap
  CC [M]  drivers/watchdog/nv_tco.o
  GENMAP  drivers/accessibility/speakup/speakupmap.h
  CC [M]  drivers/accessibility/speakup/main.o
  CC [M]  drivers/media/i2c/rdacm20.o
  CC [M]  fs/9p/vfs_inode.o
  CC [M]  drivers/net/wireless/mediatek/mt76/mt76x2/pci_init.o
  CC [M]  drivers/media/rc/keymaps/rc-pinnacle-color.o
  CC [M]  drivers/input/joydev.o
  CC [M]  drivers/net/wireless/ath/wil6210/rx_reorder.o
  CC [M]  drivers/net/wireless/ath/ath9k/htc_hst.o
  CC [M]  drivers/usb/serial/cp210x.o
  CC [M]  drivers/power/supply/max8997_charger.o
  LD [M]  sound/soc/xtensa/snd-soc-xtfpga-i2s.o
  CC [M]  drivers/net/wireless/broadcom/brcm80211/brcmsmac/phy/phytbl_lcn.o
  CC [M]  drivers/media/common/videobuf2/videobuf2-vmalloc.o
  CC [M]  sound/soc/codecs/lpass-tx-macro.o
  CC [M]  fs/afs/callback.o
  CC [M]  drivers/net/wireless/broadcom/brcm80211/brcmfmac/feature.o
  CC [M]  drivers/gpu/drm/nouveau/nvkm/subdev/fb/mcp89.o
  CC [M]  drivers/scsi/qedi/qedi_dbg.o
  CC [M]  drivers/watchdog/sbc60xxwdt.o
  CC [M]  drivers/net/wireless/marvell/libertas/if_sdio.o
  CC [M]  drivers/media/rc/keymaps/rc-pinnacle-grey.o
  CC [M]  drivers/net/wireless/mediatek/mt7601u/util.o
  CC [M]  drivers/media/i2c/rdacm21.o
  CC [M]  drivers/gpu/drm/amd/amdgpu/mmhub_v3_0.o
  CC [M]  drivers/net/wireless/intel/iwlwifi/mvm/quota.o
  CC [M]  drivers/md/bcache/features.o
  CC [M]  drivers/gpu/drm/i915/gt/uc/intel_huc.o
  CC [M]  drivers/hwmon/w83793.o
  AR      drivers/media/pci/ttpci/built-in.a
  CC [M]  fs/9p/vfs_inode_dotl.o
  CC [M]  drivers/media/pci/ttpci/budget-core.o
  CC [M]  drivers/net/wireless/mediatek/mt76/mt76x2/pci_mcu.o
  CC [M]  drivers/isdn/capi/capiutil.o
  CC [M]  drivers/power/supply/max8998_charger.o
  CC [M]  drivers/media/rc/keymaps/rc-pinnacle-pctv-hd.o
  CC [M]  drivers/net/wireless/ath/wil6210/fw.o
  CC [M]  drivers/net/wireless/ath/ath9k/hif_usb.o
  CC [M]  drivers/input/evbug.o
  CC [M]  drivers/watchdog/cpu5wdt.o
  CC [M]  drivers/net/ethernet/google/gve/gve_tx_dqo.o
  CC [M]  drivers/net/wireless/ath/ath10k/mac.o
  LD [M]  drivers/media/platform/marvell/cafe_ccic.o
  CC [M]  drivers/usb/serial/cyberjack.o
  AR      drivers/media/platform/nvidia/tegra-vde/built-in.a
  CC [M]  drivers/gpu/drm/nouveau/nvkm/subdev/fb/gf100.o
  AR      drivers/media/platform/nvidia/built-in.a
  CC [M]  net/dccp/input.o
  CC [M]  sound/soc/codecs/simple-mux.o
  AR      drivers/media/platform/nxp/dw100/built-in.a
  CC [M]  drivers/media/i2c/rj54n1cb0c.o
  AR      drivers/media/platform/nxp/imx-jpeg/built-in.a
  AR      drivers/media/platform/nxp/imx8-isi/built-in.a
  CC [M]  drivers/scsi/qedi/qedi_fw_api.o
  LD [M]  drivers/media/common/videobuf2/videobuf2-common.o
  AR      drivers/media/platform/nxp/built-in.a
  LD [M]  drivers/md/bcache/bcache.o
  CC [M]  drivers/net/wireless/mediatek/mt7601u/debugfs.o
  CC [M]  fs/afs/cell.o
  CC [M]  drivers/media/common/cypress_firmware.o
  CC [M]  drivers/net/wireless/broadcom/brcm80211/brcmfmac/btcoex.o
  AR      drivers/media/platform/qcom/camss/built-in.a
  AR      drivers/media/platform/qcom/venus/built-in.a
  AR      drivers/media/platform/qcom/built-in.a
  AR      drivers/media/platform/renesas/rcar-vin/built-in.a
  LD [M]  drivers/accessibility/speakup/speakup.o
  CC [M]  drivers/media/rc/keymaps/rc-pixelview-002t.o
  CC [M]  drivers/md/persistent-data/dm-array.o
  AR      drivers/media/platform/renesas/rzg2l-cru/built-in.a
  AR      drivers/media/platform/renesas/vsp1/built-in.a
  AR      drivers/media/platform/renesas/built-in.a
  CC [M]  drivers/net/wireless/broadcom/brcm80211/brcmfmac/vendor.o
  AR      drivers/media/platform/rockchip/rga/built-in.a
  AR      drivers/input/built-in.a
  AR      drivers/media/platform/rockchip/rkisp1/built-in.a
  AR      drivers/media/platform/rockchip/built-in.a
  CC [M]  drivers/net/wireless/marvell/libertas/if_spi.o
  AR      drivers/media/platform/samsung/exynos-gsc/built-in.a
  CC [M]  drivers/net/wireless/microchip/wilc1000/cfg80211.o
  CC [M]  drivers/power/supply/mp2629_charger.o
  AR      drivers/media/platform/samsung/exynos4-is/built-in.a
  CC [M]  drivers/watchdog/sch311x_wdt.o
  CC [M]  drivers/isdn/capi/capi.o
  AR      drivers/media/platform/samsung/s3c-camif/built-in.a
  AR      drivers/media/platform/samsung/s5p-g2d/built-in.a
  CC [M]  drivers/gpu/drm/i915/gt/uc/intel_huc_debugfs.o
  AR      drivers/media/platform/samsung/s5p-jpeg/built-in.a
  CC [M]  drivers/gpu/drm/amd/amdgpu/mmhub_v3_0_2.o
  AR      drivers/media/platform/samsung/s5p-mfc/built-in.a
  AR      drivers/media/platform/samsung/built-in.a
  CC [M]  fs/9p/vfs_addr.o
  CC [M]  drivers/net/wireless/intel/iwlwifi/mvm/sta.o
  CC [M]  drivers/net/wireless/mediatek/mt76/mt76x2/pci_phy.o
  AR      drivers/media/platform/st/sti/bdisp/built-in.a
  AR      drivers/media/platform/st/sti/c8sectpfe/built-in.a
  CC [M]  drivers/usb/serial/cypress_m8.o
  AR      drivers/media/platform/st/sti/delta/built-in.a
  CC [M]  drivers/gpu/drm/nouveau/nvkm/subdev/fb/gf108.o
  LD [M]  sound/soc/codecs/snd-soc-ac97.o
  AR      drivers/media/platform/st/sti/hva/built-in.a
  CC [M]  drivers/media/rc/keymaps/rc-pixelview-mk12.o
  LD [M]  sound/soc/codecs/snd-soc-adau-utils.o
  LD [M]  sound/soc/codecs/snd-soc-adau1372.o
  LD [M]  sound/soc/codecs/snd-soc-adau1372-i2c.o
  AR      drivers/media/platform/st/stm32/built-in.a
  LD [M]  sound/soc/codecs/snd-soc-adau1372-spi.o
  AR      drivers/media/platform/st/built-in.a
  LD [M]  sound/soc/codecs/snd-soc-adau1701.o
  LD [M]  sound/soc/codecs/snd-soc-adau17x1.o
  CC [M]  drivers/net/wireless/ath/wil6210/pm.o
  LD [M]  sound/soc/codecs/snd-soc-adau1761.o
  AR      drivers/media/platform/sunxi/sun4i-csi/built-in.a
  LD [M]  sound/soc/codecs/snd-soc-adau1761-i2c.o
  AR      drivers/media/platform/sunxi/sun6i-csi/built-in.a
  LD [M]  sound/soc/codecs/snd-soc-adau1761-spi.o
  AR      drivers/media/platform/sunxi/sun6i-mipi-csi2/built-in.a
  LD [M]  sound/soc/codecs/snd-soc-adau7002.o
  LD [M]  sound/soc/codecs/snd-soc-adau7118.o
  CC [M]  drivers/scsi/qedi/qedi_debugfs.o
  AR      drivers/media/platform/sunxi/sun8i-a83t-mipi-csi2/built-in.a
  CC [M]  drivers/media/common/ttpci-eeprom.o
  AR      drivers/media/platform/sunxi/sun8i-di/built-in.a
  LD [M]  sound/soc/codecs/snd-soc-adau7118-i2c.o
  CC [M]  drivers/net/wireless/mediatek/mt7601u/tx.o
  CC [M]  drivers/power/supply/mt6360_charger.o
  LD [M]  sound/soc/codecs/snd-soc-adau7118-hw.o
  AR      drivers/media/platform/sunxi/sun8i-rotate/built-in.a
  AR      drivers/media/platform/sunxi/built-in.a
  LD [M]  sound/soc/codecs/snd-soc-ak4104.o
  AR      drivers/media/pci/b2c2/built-in.a
  LD [M]  sound/soc/codecs/snd-soc-ak4118.o
  CC [M]  drivers/media/i2c/s5k5baf.o
  CC [M]  drivers/hwmon/w83795.o
  CC [M]  drivers/media/pci/b2c2/flexcop-dma.o
  LD [M]  sound/soc/codecs/snd-soc-ak4458.o
  CC [M]  drivers/watchdog/smsc37b787_wdt.o
  AR      drivers/media/platform/ti/am437x/built-in.a
  LD [M]  sound/soc/codecs/snd-soc-ak4554.o
  CC [M]  drivers/media/pci/ttpci/budget.o
  LD [M]  sound/soc/codecs/snd-soc-ak4613.o
  AR      drivers/media/platform/ti/cal/built-in.a
  CC [M]  drivers/net/wireless/ath/ath9k/wmi.o
  CC [M]  drivers/net/wireless/broadcom/brcm80211/brcmfmac/pno.o
  LD [M]  sound/soc/codecs/snd-soc-ak4642.o
  AR      drivers/media/platform/ti/vpe/built-in.a
  LD [M]  sound/soc/codecs/snd-soc-ak5386.o
  AR      drivers/media/platform/ti/davinci/built-in.a
  LD [M]  sound/soc/codecs/snd-soc-ak5558.o
  AR      drivers/media/platform/ti/omap/built-in.a
  LD [M]  sound/soc/codecs/snd-soc-alc5623.o
  LD [M]  sound/soc/codecs/snd-soc-arizona.o
  CC [M]  drivers/media/rc/keymaps/rc-pixelview-new.o
  AR      drivers/media/platform/ti/omap3isp/built-in.a
  CC [M]  drivers/gpu/drm/i915/gt/uc/intel_huc_fw.o
  AR      drivers/media/platform/ti/built-in.a
  LD [M]  sound/soc/codecs/snd-soc-bd28623.o
  LD [M]  sound/soc/codecs/snd-soc-bt-sco.o
  LD [M]  sound/soc/codecs/snd-soc-cros-ec-codec.o
  LD [M]  sound/soc/codecs/snd-soc-cs35l32.o
  AR      drivers/media/platform/verisilicon/built-in.a
  LD [M]  sound/soc/codecs/snd-soc-cs35l33.o
  AR      drivers/media/platform/via/built-in.a
  CC [M]  drivers/media/platform/via/via-camera.o
  LD [M]  sound/soc/codecs/snd-soc-cs35l34.o
  CC [M]  drivers/net/ethernet/google/gve/gve_rx.o
  CC [M]  fs/9p/vfs_file.o
  LD [M]  sound/soc/codecs/snd-soc-cs35l35.o
  LD [M]  sound/soc/codecs/snd-soc-cs35l36.o
  LD [M]  sound/soc/codecs/snd-soc-cs35l41.o
  LD [M]  sound/soc/codecs/snd-soc-cs35l41-lib.o
  CC [M]  drivers/md/persistent-data/dm-bitset.o
  LD [M]  sound/soc/codecs/snd-soc-cs35l41-spi.o
  CC [M]  fs/afs/cmservice.o
  CC [M]  drivers/gpu/drm/nouveau/nvkm/subdev/fb/gk104.o
  LD [M]  sound/soc/codecs/snd-soc-cs35l41-i2c.o
  LD [M]  sound/soc/codecs/snd-soc-cs35l56.o
  LD [M]  sound/soc/codecs/snd-soc-cs35l56-shared.o
  LD [M]  drivers/net/wireless/marvell/libertas/libertas.o
  LD [M]  sound/soc/codecs/snd-soc-cs35l56-sdw.o
  LD [M]  sound/soc/codecs/snd-soc-cs42l42.o
  LD [M]  sound/soc/codecs/snd-soc-cs42l42-i2c.o
  LD [M]  sound/soc/codecs/snd-soc-cs42l42-sdw.o
  CC [M]  drivers/usb/serial/usb_debug.o
  LD [M]  drivers/net/wireless/marvell/libertas/usb8xxx.o
  LD [M]  sound/soc/codecs/snd-soc-cs42l51.o
  CC [M]  drivers/isdn/capi/kcapi_proc.o
  LD [M]  sound/soc/codecs/snd-soc-cs42l51-i2c.o
  LD [M]  drivers/net/wireless/marvell/libertas/libertas_cs.o
  LD [M]  sound/soc/codecs/snd-soc-cs42l52.o
  LD [M]  drivers/net/wireless/marvell/libertas/libertas_sdio.o
  CC [M]  drivers/net/wireless/mediatek/mt76/mt76x2/usb.o
  LD [M]  sound/soc/codecs/snd-soc-cs42l56.o
  LD [M]  drivers/net/wireless/marvell/libertas/libertas_spi.o
  CC [M]  fs/xfs/libxfs/xfs_ag.o
  LD [M]  sound/soc/codecs/snd-soc-cs42l73.o
  CC [M]  drivers/watchdog/tqmx86_wdt.o
  CC [M]  drivers/media/rc/keymaps/rc-pixelview.o
  LD [M]  sound/soc/codecs/snd-soc-cs4234.o
  CC [M]  drivers/net/wireless/marvell/libertas_tf/main.o
  LD [M]  sound/soc/codecs/snd-soc-cs4265.o
  CC [M]  net/dccp/minisocks.o
  CC [M]  drivers/gpu/drm/amd/amdgpu/gmc_v11_0.o
  LD [M]  sound/soc/codecs/snd-soc-cs4270.o
  CC [M]  drivers/net/wireless/ath/wil6210/pmc.o
  LD [M]  sound/soc/codecs/snd-soc-cs4271.o
  CC [M]  drivers/power/supply/bq2415x_charger.o
  LD [M]  sound/soc/codecs/snd-soc-cs4271-i2c.o
  LD [M]  sound/soc/codecs/snd-soc-cs4271-spi.o
  LD [M]  sound/soc/codecs/snd-soc-cs42xx8.o
  LD [M]  drivers/scsi/qedi/qedi.o
  LD [M]  sound/soc/codecs/snd-soc-cs42xx8-i2c.o
  LD [M]  sound/soc/codecs/snd-soc-cs43130.o
  LD [M]  sound/soc/codecs/snd-soc-cs4341.o
  CC [M]  drivers/scsi/be2iscsi/be_iscsi.o
  LD [M]  sound/soc/codecs/snd-soc-cs4349.o
  LD [M]  sound/soc/codecs/snd-soc-cs53l30.o
  LD [M]  sound/soc/codecs/snd-soc-cx2072x.o
  LD [M]  sound/soc/codecs/snd-soc-da7213.o
  LD [M]  sound/soc/codecs/snd-soc-da7219.o
  CC [M]  drivers/gpu/drm/i915/gt/uc/intel_uc.o
  LD [M]  sound/soc/codecs/snd-soc-dmic.o
  LD [M]  drivers/net/wireless/mediatek/mt7601u/mt7601u.o
  LD [M]  sound/soc/codecs/snd-soc-es7134.o
  CC [M]  drivers/net/wireless/ath/ath9k/htc_drv_txrx.o
  LD [M]  sound/soc/codecs/snd-soc-es7241.o
  CC [M]  fs/9p/vfs_dir.o
  LD [M]  sound/soc/codecs/snd-soc-es8316.o
  CC [M]  drivers/net/wireless/microchip/wilc1000/netdev.o
  LD [M]  sound/soc/codecs/snd-soc-es8328.o
  CC [M]  drivers/net/wireless/broadcom/brcm80211/brcmfmac/xtlv.o
  CC [M]  drivers/watchdog/via_wdt.o
  CC [M]  drivers/gpu/drm/nouveau/nvkm/subdev/fb/gk110.o
  LD [M]  sound/soc/codecs/snd-soc-es8328-i2c.o
  CC [M]  drivers/media/pci/ttpci/budget-av.o
  CC [M]  drivers/media/rc/keymaps/rc-powercolor-real-angel.o
  LD [M]  sound/soc/codecs/snd-soc-es8328-spi.o
  CC [M]  drivers/usb/serial/digi_acceleport.o
  LD [M]  sound/soc/codecs/snd-soc-gtm601.o
  CC [M]  drivers/media/i2c/s5k6a3.o
  LD [M]  sound/soc/codecs/snd-soc-hdac-hdmi.o
  LD [M]  sound/soc/codecs/snd-soc-hdac-hda.o
  LD [M]  drivers/isdn/capi/kernelcapi.o
  LD [M]  sound/soc/codecs/snd-soc-ics43432.o
  CC [M]  drivers/media/pci/b2c2/flexcop-pci.o
  CC [M]  drivers/net/wireless/broadcom/brcm80211/brcmfmac/bcdc.o
  LD [M]  sound/soc/codecs/snd-soc-inno-rk3036.o
  CC [M]  drivers/isdn/mISDN/core.o
  LD [M]  sound/soc/codecs/snd-soc-max9759.o
  LD [M]  sound/soc/codecs/snd-soc-max98088.o
  CC [M]  drivers/md/persistent-data/dm-block-manager.o
  LD [M]  sound/soc/codecs/snd-soc-max98090.o
  CC [M]  drivers/media/common/uvc.o
  LD [M]  sound/soc/codecs/snd-soc-max98357a.o
  LD [M]  sound/soc/codecs/snd-soc-max9867.o
  LD [M]  sound/soc/codecs/snd-soc-max98927.o
  LD [M]  sound/soc/codecs/snd-soc-max98363.o
  LD [M]  sound/soc/codecs/snd-soc-max98373.o
  AR      drivers/media/platform/xilinx/built-in.a
  CC [M]  drivers/media/platform/m2m-deinterlace.o
  LD [M]  sound/soc/codecs/snd-soc-max98373-i2c.o
  LD [M]  sound/soc/codecs/snd-soc-max98373-sdw.o
  LD [M]  sound/soc/codecs/snd-soc-max98390.o
  LD [M]  sound/soc/codecs/snd-soc-max9860.o
  LD [M]  sound/soc/codecs/snd-soc-msm8916-analog.o
  LD [M]  sound/soc/codecs/snd-soc-msm8916-digital.o
  LD [M]  sound/soc/codecs/snd-soc-mt6351.o
  LD [M]  sound/soc/codecs/snd-soc-mt6358.o
  CC [M]  drivers/hwmon/w83781d.o
  LD [M]  sound/soc/codecs/snd-soc-mt6660.o
  CC [M]  drivers/net/wireless/mediatek/mt76/mt76x2/usb_init.o
  CC [M]  fs/afs/dir.o
  LD [M]  sound/soc/codecs/snd-soc-nau8315.o
  LD [M]  sound/soc/codecs/snd-soc-nau8540.o
  LD [M]  sound/soc/codecs/snd-soc-nau8810.o
  CC [M]  drivers/watchdog/w83627hf_wdt.o
  LD [M]  sound/soc/codecs/snd-soc-nau8822.o
  CC [M]  drivers/net/wireless/ath/wil6210/trace.o
  LD [M]  sound/soc/codecs/snd-soc-nau8824.o
  CC [M]  drivers/media/rc/keymaps/rc-proteus-2309.o
  CC [M]  drivers/net/ethernet/google/gve/gve_rx_dqo.o
  LD [M]  sound/soc/codecs/snd-soc-nau8825.o
  CC [M]  drivers/net/wireless/ath/ath10k/debug.o
  LD [M]  sound/soc/codecs/snd-soc-hdmi-codec.o
  CC [M]  fs/9p/vfs_dentry.o
  LD [M]  sound/soc/codecs/snd-soc-pcm1681.o
  LD [M]  sound/soc/codecs/snd-soc-pcm179x-codec.o
  LD [M]  sound/soc/codecs/snd-soc-pcm1789-i2c.o
  CC [M]  drivers/gpu/drm/nouveau/nvkm/subdev/fb/gk20a.o
  LD [M]  sound/soc/codecs/snd-soc-pcm1789-codec.o
  LD [M]  sound/soc/codecs/snd-soc-pcm179x-i2c.o
  LD [M]  sound/soc/codecs/snd-soc-pcm179x-spi.o
  LD [M]  sound/soc/codecs/snd-soc-pcm186x.o
  CC [M]  drivers/media/common/cx2341x.o
  CC [M]  drivers/scsi/be2iscsi/be_main.o
  CC [M]  drivers/media/i2c/saa6588.o
  CC [M]  drivers/power/supply/bq24190_charger.o
  LD [M]  sound/soc/codecs/snd-soc-pcm186x-i2c.o
  LD [M]  sound/soc/codecs/snd-soc-pcm186x-spi.o
  LD [M]  sound/soc/codecs/snd-soc-pcm3060.o
  LD [M]  drivers/media/pci/b2c2/b2c2-flexcop-pci.o
  CC [M]  drivers/gpu/drm/i915/gt/uc/intel_uc_debugfs.o
  LD [M]  sound/soc/codecs/snd-soc-pcm3060-i2c.o
  LD [M]  sound/soc/codecs/snd-soc-pcm3060-spi.o
  LD [M]  sound/soc/codecs/snd-soc-pcm3168a.o
  LD [M]  sound/soc/codecs/snd-soc-pcm3168a-i2c.o
  AR      drivers/media/usb/b2c2/built-in.a
  CC [M]  drivers/media/usb/b2c2/flexcop-usb.o
  LD [M]  sound/soc/codecs/snd-soc-pcm3168a-spi.o
  CC [M]  drivers/watchdog/w83877f_wdt.o
  LD [M]  sound/soc/codecs/snd-soc-pcm5102a.o
  CC [M]  drivers/media/rc/keymaps/rc-purpletv.o
  LD [M]  sound/soc/codecs/snd-soc-pcm512x.o
  CC [M]  drivers/net/wireless/marvell/libertas_tf/cmd.o
  LD [M]  sound/soc/codecs/snd-soc-pcm512x-i2c.o
  CC [M]  drivers/net/wireless/broadcom/brcm80211/brcmfmac/fwsignal.o
  LD [M]  sound/soc/codecs/snd-soc-pcm512x-spi.o
  CC [M]  drivers/net/wireless/broadcom/brcm80211/brcmsmac/phy/phytbl_n.o
  CC [M]  drivers/usb/serial/io_edgeport.o
  LD [M]  sound/soc/codecs/snd-soc-rk3328.o
  LD [M]  sound/soc/codecs/snd-soc-rl6231.o
  CC [M]  drivers/net/wireless/ath/ath9k/htc_drv_main.o
  CC [M]  drivers/md/persistent-data/dm-space-map-common.o
  LD [M]  sound/soc/codecs/snd-soc-rl6347a.o
  LD [M]  sound/soc/codecs/snd-soc-rt1011.o
  LD [M]  sound/soc/codecs/snd-soc-rt1015.o
  CC [M]  fs/9p/v9fs.o
  LD [M]  sound/soc/codecs/snd-soc-rt1015p.o
  LD [M]  sound/soc/codecs/snd-soc-rt1308.o
  CC [M]  net/dccp/options.o
  CC [M]  drivers/media/pci/ttpci/budget-ci.o
  LD [M]  sound/soc/codecs/snd-soc-rt1308-sdw.o
  LD [M]  sound/soc/codecs/snd-soc-rt1316-sdw.o
  LD [M]  sound/soc/codecs/snd-soc-rt1318-sdw.o
  CC [M]  drivers/net/wireless/intel/iwlwifi/mvm/sf.o
  CC [M]  drivers/gpu/drm/amd/amdgpu/mmhub_v3_0_1.o
  LD [M]  sound/soc/codecs/snd-soc-rt286.o
  LD [M]  sound/soc/codecs/snd-soc-rt298.o
  LD [M]  sound/soc/codecs/snd-soc-rt5514.o
  CC [M]  drivers/net/wireless/mediatek/mt76/mt76x2/usb_main.o
  LD [M]  sound/soc/codecs/snd-soc-rt5514-spi.o
  CC [M]  drivers/gpu/drm/nouveau/nvkm/subdev/fb/gm107.o
  AR      drivers/media/platform/built-in.a
  LD [M]  sound/soc/codecs/snd-soc-rt5616.o
  CC [M]  drivers/isdn/mISDN/fsm.o
  LD [M]  sound/soc/codecs/snd-soc-rt5631.o
  LD [M]  sound/soc/codecs/snd-soc-rt5640.o
  CC [M]  drivers/media/rc/keymaps/rc-pv951.o
  LD [M]  sound/soc/codecs/snd-soc-rt5645.o
  LD [M]  sound/soc/codecs/snd-soc-rt5651.o
  LD [M]  sound/soc/codecs/snd-soc-rt5659.o
  CC [M]  drivers/watchdog/w83977f_wdt.o
  LD [M]  sound/soc/codecs/snd-soc-rt5660.o
  CC [M]  drivers/hwmon/w83791d.o
  LD [M]  sound/soc/codecs/snd-soc-rt5663.o
  LD [M]  sound/soc/codecs/snd-soc-rt5670.o
  CC [M]  drivers/net/wireless/ath/ath9k/htc_drv_beacon.o
  CC [M]  drivers/gpu/drm/i915/gt/uc/intel_uc_fw.o
  LD [M]  sound/soc/codecs/snd-soc-rt5677.o
  CC [M]  drivers/media/i2c/saa6752hs.o
  CC [M]  fs/xfs/libxfs/xfs_alloc.o
  CC [M]  drivers/net/wireless/microchip/wilc1000/mon.o
  LD [M]  sound/soc/codecs/snd-soc-rt5677-spi.o
  LD [M]  sound/soc/codecs/snd-soc-rt5682.o
  CC [M]  drivers/net/wireless/broadcom/brcm80211/brcmsmac/phy/phy_qmath.o
  LD [M]  sound/soc/codecs/snd-soc-rt5682-i2c.o
  LD [M]  sound/soc/codecs/snd-soc-rt5682-sdw.o
  CC [M]  drivers/net/wireless/ath/wil6210/wil_platform.o
  LD [M]  sound/soc/codecs/snd-soc-rt5682s.o
  LD [M]  drivers/media/usb/b2c2/b2c2-flexcop-usb.o
  CC [M]  fs/9p/fid.o
  LD [M]  sound/soc/codecs/snd-soc-rt700.o
  AR      drivers/media/usb/dvb-usb/built-in.a
  CC [M]  drivers/net/ethernet/google/gve/gve_ethtool.o
  CC [M]  drivers/media/usb/dvb-usb/dvb-usb-firmware.o
  LD [M]  sound/soc/codecs/snd-soc-rt711.o
  CC [M]  drivers/media/rc/keymaps/rc-rc6-mce.o
  LD [M]  sound/soc/codecs/snd-soc-rt711-sdca.o
  LD [M]  sound/soc/codecs/snd-soc-rt712-sdca.o
  CC [M]  drivers/power/supply/bq24257_charger.o
  LD [M]  sound/soc/codecs/snd-soc-rt712-sdca-dmic.o
  CC [M]  drivers/isdn/mISDN/socket.o
  LD [M]  sound/soc/codecs/snd-soc-rt715.o
  LD [M]  sound/soc/codecs/snd-soc-rt715-sdca.o
  CC [M]  drivers/net/wireless/broadcom/brcm80211/brcmsmac/dma.o
  CC [M]  drivers/md/persistent-data/dm-space-map-disk.o
  LD [M]  sound/soc/codecs/snd-soc-sdw-mockup.o
  LD [M]  sound/soc/codecs/snd-soc-sgtl5000.o
  CC [M]  fs/afs/dir_edit.o
  CC [M]  drivers/gpu/drm/nouveau/nvkm/subdev/fb/gm200.o
  LD [M]  sound/soc/codecs/snd-soc-sigmadsp.o
  CC [M]  drivers/net/wireless/ath/wil6210/ethtool.o
  LD [M]  sound/soc/codecs/snd-soc-sigmadsp-i2c.o
  LD [M]  sound/soc/codecs/snd-soc-sigmadsp-regmap.o
  LD [M]  sound/soc/codecs/snd-soc-si476x.o
  CC [M]  drivers/watchdog/machzwd.o
  LD [M]  sound/soc/codecs/snd-soc-spdif-rx.o
  LD [M]  sound/soc/codecs/snd-soc-spdif-tx.o
  LD [M]  sound/soc/codecs/snd-soc-ssm2305.o
  LD [M]  sound/soc/codecs/snd-soc-ssm2518.o
  LD [M]  sound/soc/codecs/snd-soc-ssm2602.o
  LD [M]  sound/soc/codecs/snd-soc-ssm2602-spi.o
  CC [M]  drivers/net/wireless/mediatek/mt76/mt76x2/usb_mac.o
  LD [M]  sound/soc/codecs/snd-soc-ssm2602-i2c.o
  LD [M]  sound/soc/codecs/snd-soc-ssm4567.o
  CC [M]  drivers/media/common/tveeprom.o
  LD [M]  sound/soc/codecs/snd-soc-sta32x.o
  LD [M]  sound/soc/codecs/snd-soc-sta350.o
  CC [M]  drivers/net/wireless/intel/iwlwifi/mvm/scan.o
  LD [M]  sound/soc/codecs/snd-soc-sti-sas.o
  LD [M]  sound/soc/codecs/snd-soc-tas2552.o
  LD [M]  sound/soc/codecs/snd-soc-tas2562.o
  CC [M]  drivers/media/rc/keymaps/rc-real-audio-220-32-keys.o
  AR      drivers/media/pci/pluto2/built-in.a
  CC [M]  drivers/media/pci/pluto2/pluto2.o
  LD [M]  sound/soc/codecs/snd-soc-tas2764.o
  LD [M]  sound/soc/codecs/snd-soc-tas5086.o
  LD [M]  sound/soc/codecs/snd-soc-tas571x.o
  LD [M]  sound/soc/codecs/snd-soc-tas5720.o
  CC [M]  drivers/gpu/drm/amd/amdgpu/gfxhub_v3_0_3.o
  LD [M]  sound/soc/codecs/snd-soc-tas6424.o
  CC [M]  drivers/media/i2c/saa7110.o
  LD [M]  sound/soc/codecs/snd-soc-tda7419.o
  CC [M]  drivers/net/wireless/broadcom/brcm80211/brcmfmac/commonring.o
  CC [M]  fs/9p/xattr.o
  LD [M]  sound/soc/codecs/snd-soc-tas2770.o
  CC [M]  drivers/net/wireless/marvell/libertas_tf/if_usb.o
  CC [M]  drivers/net/wireless/ath/ath9k/htc_drv_init.o
  LD [M]  sound/soc/codecs/snd-soc-tfa9879.o
  LD [M]  sound/soc/codecs/snd-soc-tfa989x.o
  LD [M]  sound/soc/codecs/snd-soc-tlv320aic23.o
  CC [M]  drivers/net/can/dev/skb.o
  CC [M]  drivers/usb/serial/io_ti.o
  LD [M]  sound/soc/codecs/snd-soc-tlv320aic23-i2c.o
  LD [M]  sound/soc/codecs/snd-soc-tlv320aic23-spi.o
  CC [M]  drivers/net/wireless/microchip/wilc1000/hif.o
  CC [M]  drivers/hwmon/abituguru.o
  LD [M]  sound/soc/codecs/snd-soc-tlv320aic31xx.o
  LD [M]  sound/soc/codecs/snd-soc-tlv320aic32x4.o
  CC [M]  drivers/watchdog/sbc_epx_c3.o
  LD [M]  sound/soc/codecs/snd-soc-tlv320aic32x4-i2c.o
  LD [M]  sound/soc/codecs/snd-soc-tlv320aic32x4-spi.o
  LD [M]  sound/soc/codecs/snd-soc-tlv320aic3x.o
  CC [M]  drivers/gpu/drm/nouveau/nvkm/subdev/fb/gm20b.o
  LD [M]  sound/soc/codecs/snd-soc-tlv320aic3x-i2c.o
  CC [M]  drivers/gpu/drm/i915/gt/intel_gsc.o
  CC [M]  drivers/net/can/dev/calc_bittiming.o
  LD [M]  sound/soc/codecs/snd-soc-tlv320aic3x-spi.o
  CC [M]  drivers/power/supply/bq24735-charger.o
  LD [M]  sound/soc/codecs/snd-soc-tlv320adcx140.o
  CC [M]  drivers/media/rc/keymaps/rc-reddo.o
  LD [M]  sound/soc/codecs/snd-soc-tscs42xx.o
  CC [M]  drivers/net/wireless/ath/ath10k/core.o
  CC [M]  drivers/net/ethernet/google/gve/gve_adminq.o
  LD [M]  sound/soc/codecs/snd-soc-tscs454.o
  LD [M]  sound/soc/codecs/snd-soc-ts3a227e.o
  CC [M]  drivers/net/wireless/ath/wil6210/wil_crash_dump.o
  LD [M]  sound/soc/codecs/snd-soc-uda1334.o
  CC [M]  drivers/md/persistent-data/dm-space-map-metadata.o
  LD [M]  sound/soc/codecs/snd-soc-wcd-classh.o
  CC [M]  drivers/isdn/mISDN/clock.o
  LD [M]  sound/soc/codecs/snd-soc-wcd-mbhc.o
  CC [M]  drivers/media/usb/dvb-usb/dvb-usb-init.o
  LD [M]  sound/soc/codecs/snd-soc-wcd9335.o
  CC [M]  net/dccp/output.o
  LD [M]  sound/soc/codecs/snd-soc-wcd934x.o
  LD [M]  sound/soc/codecs/snd-soc-wcd938x.o
  LD [M]  sound/soc/codecs/snd-soc-wcd938x-sdw.o
  LD [M]  sound/soc/codecs/snd-soc-wm5102.o
  LD [M]  sound/soc/codecs/snd-soc-wm8510.o
  CC [M]  fs/9p/cache.o
  CC [M]  drivers/net/wireless/mediatek/mt76/mt76x2/usb_mcu.o
  LD [M]  sound/soc/codecs/snd-soc-wm8523.o
  LD [M]  sound/soc/codecs/snd-soc-wm8524.o
  LD [M]  sound/soc/codecs/snd-soc-wm8580.o
  CC [M]  fs/afs/dir_silly.o
  LD [M]  sound/soc/codecs/snd-soc-wm8711.o
  CC [M]  drivers/net/wireless/broadcom/brcm80211/brcmsmac/brcms_trace_events.o
  LD [M]  sound/soc/codecs/snd-soc-wm8728.o
  AR      drivers/media/pci/dm1105/built-in.a
  LD [M]  sound/soc/codecs/snd-soc-wm8737.o
  CC [M]  drivers/media/pci/dm1105/dm1105.o
  LD [M]  sound/soc/codecs/snd-soc-wm8741.o
  CC [M]  drivers/watchdog/mei_wdt.o
  LD [M]  sound/soc/codecs/snd-soc-wm8750.o
  CC [M]  drivers/net/wireless/broadcom/brcm80211/brcmfmac/flowring.o
  LD [M]  sound/soc/codecs/snd-soc-wm8753.o
  CC [M]  drivers/media/i2c/saa7115.o
  LD [M]  sound/soc/codecs/snd-soc-wm8770.o
  CC [M]  drivers/media/rc/keymaps/rc-snapstream-firefly.o
  LD [M]  sound/soc/codecs/snd-soc-wm8776.o
  LD [M]  sound/soc/codecs/snd-soc-wm8782.o
  LD [M]  sound/soc/codecs/snd-soc-wm8804.o
  LD [M]  sound/soc/codecs/snd-soc-wm8804-i2c.o
  LD [M]  sound/soc/codecs/snd-soc-wm8804-spi.o
  LD [M]  sound/soc/codecs/snd-soc-wm8903.o
  LD [M]  drivers/net/wireless/marvell/libertas_tf/libertas_tf.o
  LD [M]  sound/soc/codecs/snd-soc-wm8904.o
  LD [M]  drivers/net/wireless/marvell/libertas_tf/libertas_tf_usb.o
  LD [M]  sound/soc/codecs/snd-soc-wm8960.o
  LD [M]  sound/soc/codecs/snd-soc-wm8962.o
  CC [M]  drivers/gpu/drm/nouveau/nvkm/subdev/fb/gp100.o
  CC [M]  drivers/net/wireless/marvell/mwifiex/main.o
  LD [M]  sound/soc/codecs/snd-soc-wm8974.o
  CC [M]  drivers/scsi/be2iscsi/be_mgmt.o
  AR      drivers/media/common/built-in.a
  CC [M]  drivers/power/supply/bq2515x_charger.o
  LD [M]  sound/soc/codecs/snd-soc-wm8978.o
  CC [M]  drivers/net/wireless/ath/ath9k/htc_drv_gpio.o
  CC [M]  drivers/net/wireless/marvell/mwifiex/init.o
  LD [M]  sound/soc/codecs/snd-soc-wm8985.o
  LD [M]  sound/soc/codecs/snd-soc-wm-adsp.o
  LD [M]  sound/soc/codecs/snd-soc-wsa881x.o
  CC [M]  drivers/hwmon/abituguru3.o
  LD [M]  sound/soc/codecs/snd-soc-zl38060.o
  CC      drivers/md/md.o
  CC [M]  drivers/gpu/drm/i915/i915_hwmon.o
  LD [M]  sound/soc/codecs/snd-soc-max98504.o
  CC [M]  drivers/md/persistent-data/dm-transaction-manager.o
  LD [M]  sound/soc/codecs/snd-soc-simple-amplifier.o
  LD [M]  sound/soc/codecs/snd-soc-tpa6130a2.o
  LD [M]  sound/soc/codecs/snd-soc-lpass-macro-common.o
  CC [M]  drivers/net/wireless/ath/wil6210/p2p.o
  CC [M]  drivers/gpu/drm/amd/amdgpu/gfxhub_v1_2.o
  LD [M]  sound/soc/codecs/snd-soc-lpass-wsa-macro.o
  CC [M]  fs/9p/acl.o
  LD [M]  sound/soc/codecs/snd-soc-lpass-va-macro.o
  LD [M]  sound/soc/codecs/snd-soc-lpass-rx-macro.o
  LD [M]  sound/soc/codecs/snd-soc-lpass-tx-macro.o
  CC [M]  drivers/media/rc/keymaps/rc-streamzap.o
  LD [M]  sound/soc/codecs/snd-soc-simple-mux.o
  CC [M]  drivers/watchdog/ni903x_wdt.o
  CC [M]  sound/soc/soc-acpi.o
  CC [M]  drivers/net/can/dev/bittiming.o
  CC [M]  drivers/net/ethernet/google/gve/gve_utils.o
  CC [M]  drivers/usb/serial/empeg.o
  CC [M]  drivers/net/wireless/mediatek/mt76/mt76x2/usb_phy.o
  CC [M]  fs/afs/dynroot.o
  CC [M]  drivers/gpu/drm/nouveau/nvkm/subdev/fb/gp102.o
  CC [M]  drivers/net/wireless/microchip/wilc1000/wlan_cfg.o
  CC [M]  drivers/isdn/mISDN/hwchannel.o
  CC [M]  drivers/net/wireless/broadcom/brcm80211/brcmfmac/msgbuf.o
  CC [M]  drivers/net/wireless/broadcom/brcm80211/brcmsmac/debug.o
  AR      drivers/media/pci/pt1/built-in.a
  CC [M]  drivers/hwmon/ad7314.o
  CC [M]  drivers/media/pci/pt1/pt1.o
  CC [M]  drivers/media/rc/keymaps/rc-su3000.o
  CC [M]  drivers/power/supply/bq25890_charger.o
  CC [M]  drivers/net/wireless/ath/ath9k/htc_drv_debug.o
  CC [M]  drivers/media/usb/dvb-usb/dvb-usb-urb.o
  CC [M]  drivers/watchdog/nic7018_wdt.o
  LD [M]  fs/9p/9p.o
  CC [M]  drivers/net/wireless/intel/iwlwifi/mvm/time-event.o
  CC [M]  fs/xfs/libxfs/xfs_alloc_btree.o
  CC [M]  drivers/media/i2c/saa7127.o
  CC [M]  drivers/net/wireless/ath/ath10k/htc.o
  LD [M]  drivers/net/wireless/ath/wil6210/wil6210.o
  CC [M]  drivers/usb/serial/f81232.o
  CC [M]  drivers/gpu/drm/i915/display/hsw_ips.o
  CC [M]  drivers/md/persistent-data/dm-btree.o
  CC [M]  drivers/net/can/dev/dev.o
  CC [M]  sound/soc/soc-core.o
  CC [M]  drivers/media/rc/keymaps/rc-tanix-tx3mini.o
  CC [M]  drivers/net/wireless/mediatek/mt76/mt7603/pci.o
  CC [M]  drivers/scsi/be2iscsi/be_cmds.o
  CC [M]  drivers/watchdog/mlx_wdt.o
  LD [M]  drivers/net/ethernet/google/gve/gve.o
  CC [M]  drivers/gpu/drm/nouveau/nvkm/subdev/fb/gp10b.o
  CC [M]  drivers/hwmon/ad7414.o
  CC [M]  net/dccp/proto.o
  CC [M]  drivers/net/ethernet/huawei/hinic/hinic_main.o
  CC [M]  fs/afs/file.o
  LD [M]  drivers/net/wireless/mediatek/mt76/mt76x2/mt76x2-common.o
  LD [M]  drivers/net/wireless/mediatek/mt76/mt76x2/mt76x2e.o
  CC [M]  drivers/net/wireless/mediatek/mt76/mt7615/main.o
  LD [M]  drivers/net/wireless/mediatek/mt76/mt76x2/mt76x2u.o
  CC [M]  drivers/media/rc/keymaps/rc-tanix-tx5max.o
  CC [M]  drivers/isdn/mISDN/stack.o
  CC [M]  drivers/net/wireless/broadcom/brcm80211/brcmsmac/led.o
  CC [M]  drivers/net/wireless/microchip/wilc1000/wlan.o
  AR      drivers/net/wireless/purelifi/built-in.a
  CC [M]  drivers/usb/serial/f81534.o
  CC [M]  drivers/net/wireless/ath/ath9k/ath9k_pci_owl_loader.o
  CC [M]  drivers/watchdog/of_xilinx_wdt.o
  CC [M]  drivers/power/supply/bq25980_charger.o
  CC [M]  drivers/media/i2c/saa717x.o
  CC [M]  drivers/md/persistent-data/dm-btree-remove.o
  CC [M]  drivers/net/wireless/broadcom/brcm80211/brcmfmac/sdio.o
  CC [M]  drivers/gpu/drm/amd/amdgpu/mmhub_v1_8.o
  LD [M]  drivers/media/pci/pt1/earth-pt1.o
  CC [M]  drivers/media/usb/dvb-usb/dvb-usb-i2c.o
  AR      drivers/media/pci/pt3/built-in.a
  CC [M]  drivers/media/pci/pt3/pt3.o
  CC [M]  drivers/gpu/drm/nouveau/nvkm/subdev/fb/gv100.o
  CC [M]  drivers/hwmon/ad7418.o
  CC [M]  drivers/net/wireless/mediatek/mt76/mt7603/soc.o
  CC [M]  drivers/media/rc/keymaps/rc-tbs-nec.o
  CC [M]  drivers/hwmon/adc128d818.o
  CC [M]  drivers/net/wireless/marvell/mwifiex/cfp.o
  CC [M]  drivers/net/wireless/intel/iwlwifi/mvm/rs.o
  CC [M]  drivers/watchdog/mena21_wdt.o
  CC [M]  drivers/gpu/drm/i915/display/intel_atomic.o
  CC [M]  drivers/media/pci/pt3/pt3_i2c.o
  CC [M]  drivers/power/supply/bq256xx_charger.o
  LD [M]  drivers/net/wireless/ath/ath9k/ath9k.o
  CC [M]  fs/xfs/libxfs/xfs_attr.o
  LD [M]  drivers/scsi/be2iscsi/be2iscsi.o
  CC [M]  drivers/media/rc/keymaps/rc-technisat-ts35.o
  LD [M]  drivers/net/wireless/broadcom/brcm80211/brcmsmac/brcmsmac.o
  CC [M]  drivers/net/can/dev/length.o
  CC [M]  fs/afs/flock.o
  CC [M]  drivers/isdn/mISDN/layer1.o
  CC [M]  drivers/scsi/esas2r/esas2r_log.o
  CC [M]  drivers/usb/serial/ftdi_sio.o
  LD [M]  drivers/net/wireless/ath/ath9k/ath9k_hw.o
  CC [M]  drivers/watchdog/xen_wdt.o
  CC [M]  drivers/media/usb/dvb-usb/dvb-usb-dvb.o
  CC [M]  drivers/media/i2c/saa7185.o
  CC [M]  drivers/gpu/drm/nouveau/nvkm/subdev/fb/tu102.o
  CC [M]  drivers/net/wireless/ath/ath10k/htt.o
  CC [M]  drivers/net/ethernet/huawei/hinic/hinic_tx.o
  CC [M]  drivers/net/ethernet/intel/e1000/e1000_main.o
  AR      drivers/media/usb/dvb-usb-v2/built-in.a
  CC [M]  drivers/media/usb/dvb-usb-v2/dvb_usb_core.o
  CC [M]  drivers/md/persistent-data/dm-btree-spine.o
  LD [M]  drivers/net/wireless/ath/ath9k/ath9k_common.o
  LD [M]  drivers/net/wireless/ath/ath9k/ath9k_htc.o
  CC [M]  drivers/hwmon/adcxx.o
  CC [M]  drivers/net/wireless/mediatek/mt76/mt7603/main.o
  CC [M]  drivers/scsi/esas2r/esas2r_disc.o
  CC [M]  drivers/net/wireless/broadcom/brcm80211/brcmfmac/bcmsdh.o
  CC [M]  drivers/media/rc/keymaps/rc-technisat-usb2.o
  CC [M]  drivers/net/wireless/marvell/mwifiex/cmdevt.o
  CC [M]  drivers/gpu/drm/i915/display/intel_atomic_plane.o
  CC [M]  drivers/watchdog/da9052_wdt.o
  CC [M]  drivers/net/wireless/marvell/mwifiex/util.o
  CC [M]  drivers/media/pci/pt3/pt3_dma.o
  LD [M]  drivers/md/persistent-data/dm-persistent-data.o
  CC [M]  drivers/media/i2c/sony-btf-mpx.o
  CC [M]  drivers/media/rc/keymaps/rc-terratec-cinergy-c-pci.o
  CC [M]  drivers/net/wireless/mediatek/mt76/mt7615/init.o
  CC [M]  drivers/gpu/drm/nouveau/nvkm/subdev/fb/ga100.o
  CC [M]  drivers/power/supply/smb347-charger.o
  CC [M]  drivers/hwmon/adm1025.o
  CC [M]  drivers/media/usb/dvb-usb/dvb-usb-remote.o
  CC [M]  net/dccp/timer.o
  AR      drivers/net/wireless/mediatek/built-in.a
  CC [M]  drivers/net/ethernet/huawei/hinic/hinic_rx.o
  CC [M]  drivers/net/wireless/microchip/wilc1000/sdio.o
  CC [M]  drivers/net/wireless/ath/ath10k/htt_rx.o
  CC [M]  drivers/gpu/drm/amd/amdgpu/umc_v6_0.o
  CC [M]  drivers/scsi/esas2r/esas2r_flash.o
  CC [M]  sound/soc/soc-dapm.o
  CC [M]  fs/afs/fsclient.o
  CC [M]  drivers/usb/serial/garmin_gps.o
  CC [M]  drivers/media/rc/keymaps/rc-terratec-cinergy-s2-hd.o
  CC [M]  drivers/watchdog/da9055_wdt.o
  CC [M]  drivers/net/can/dev/netlink.o
  CC [M]  drivers/isdn/mISDN/layer2.o
  CC      drivers/edac/edac_mc.o
  CC [M]  drivers/net/wireless/mediatek/mt76/mt7603/init.o
  CC [M]  drivers/usb/atm/cxacru.o
  CC [M]  drivers/gpu/drm/nouveau/nvkm/subdev/fb/ga102.o
  CC [M]  drivers/media/i2c/st-mipid02.o
  LD [M]  drivers/media/pci/pt3/earth-pt3.o
  AR      drivers/media/pci/mantis/built-in.a
  CC [M]  drivers/net/wireless/broadcom/brcm80211/brcmfmac/usb.o
  CC [M]  drivers/media/pci/mantis/mantis_ioc.o
  CC [M]  drivers/watchdog/da9062_wdt.o
  CC [M]  drivers/hwmon/adm1026.o
  CC [M]  drivers/media/usb/dvb-usb-v2/dvb_usb_urb.o
  CC [M]  drivers/media/rc/keymaps/rc-terratec-cinergy-xs.o
  CC [M]  drivers/power/supply/tps65090-charger.o
  CC [M]  fs/xfs/libxfs/xfs_attr_leaf.o
  CC [M]  drivers/net/ethernet/huawei/hinic/hinic_port.o
  CC [M]  drivers/net/wireless/intel/iwlwifi/mvm/rs-fw.o
  CC [M]  drivers/gpu/drm/amd/amdgpu/umc_v6_1.o
  CC [M]  drivers/gpu/drm/i915/display/intel_audio.o
  CC [M]  drivers/media/usb/dvb-usb/usb-urb.o
  CC [M]  drivers/net/can/dev/rx-offload.o
  CC [M]  drivers/media/rc/keymaps/rc-terratec-slim-2.o
  CC [M]  drivers/scsi/esas2r/esas2r_init.o
  CC [M]  drivers/usb/serial/ipaq.o
  CC [M]  drivers/net/wireless/microchip/wilc1000/spi.o
  CC [M]  drivers/gpu/drm/nouveau/nvkm/subdev/fb/ram.o
  CC [M]  drivers/power/supply/axp288_fuel_gauge.o
  CC [M]  drivers/usb/serial/ipw.o
  CC [M]  drivers/watchdog/da9063_wdt.o
  CC [M]  drivers/media/i2c/tc358743.o
  CC      drivers/md/md-bitmap.o
  CC [M]  drivers/net/wireless/mediatek/mt76/mt7603/mcu.o
  CC [M]  drivers/net/wireless/marvell/mwifiex/txrx.o
  CC [M]  net/dccp/qpolicy.o
  CC [M]  fs/afs/fs_operation.o
  CC [M]  drivers/media/rc/keymaps/rc-terratec-slim.o
  CC [M]  drivers/net/ethernet/intel/e1000/e1000_hw.o
  CC      drivers/edac/edac_device.o
  CC [M]  drivers/net/wireless/mediatek/mt76/mt7615/mcu.o
  CC [M]  drivers/usb/atm/speedtch.o
  CC [M]  drivers/media/pci/mantis/mantis_uart.o
  CC [M]  drivers/net/wireless/broadcom/brcm80211/brcmfmac/pcie.o
  CC [M]  drivers/usb/atm/ueagle-atm.o
  CC [M]  drivers/power/supply/axp288_charger.o
  CC [M]  drivers/media/usb/dvb-usb-v2/usb_urb.o
  CC [M]  drivers/gpu/drm/amd/amdgpu/umc_v6_7.o
  CC [M]  drivers/net/ethernet/huawei/hinic/hinic_hw_dev.o
  CC [M]  drivers/usb/serial/ir-usb.o
  CC [M]  drivers/watchdog/wdat_wdt.o
  CC [M]  drivers/media/usb/dvb-usb/vp7045.o
  CC [M]  drivers/gpu/drm/nouveau/nvkm/subdev/fb/ramnv04.o
  CC [M]  drivers/hwmon/adm1029.o
  CC [M]  drivers/net/wireless/intel/iwlwifi/mvm/power.o
  CC [M]  drivers/media/rc/keymaps/rc-tevii-nec.o
  CC [M]  drivers/isdn/mISDN/tei.o
  CC [M]  drivers/scsi/esas2r/esas2r_int.o
  CC [M]  drivers/gpu/drm/i915/display/intel_bios.o
  CC [M]  drivers/net/wireless/mediatek/mt76/mt7603/core.o
  LD [M]  drivers/net/wireless/microchip/wilc1000/wilc1000.o
  LD [M]  drivers/net/wireless/microchip/wilc1000/wilc1000-sdio.o
  LD [M]  drivers/net/wireless/microchip/wilc1000/wilc1000-spi.o
  CC [M]  net/dccp/ccids/ccid2.o
  CC [M]  fs/afs/fs_probe.o
  AR      drivers/net/wireless/microchip/built-in.a
  CC [M]  drivers/watchdog/wm831x_wdt.o
  CC [M]  drivers/media/rc/keymaps/rc-tivo.o
  CC [M]  drivers/usb/serial/iuu_phoenix.o
  CC [M]  drivers/usb/serial/keyspan.o
  CC [M]  drivers/gpu/drm/nouveau/nvkm/subdev/fb/ramnv10.o
  LD [M]  drivers/net/can/dev/can-dev.o
  CC [M]  drivers/power/supply/cros_usbpd-charger.o
  CC [M]  drivers/media/i2c/tda1997x.o
  CC [M]  drivers/media/usb/dvb-usb/vp7045-fe.o
  CC [M]  drivers/media/usb/dvb-usb-v2/af9015.o
  CC      drivers/edac/edac_mc_sysfs.o
  CC [M]  drivers/net/can/spi/mcp251xfd/mcp251xfd-chip-fifo.o
  AR      drivers/net/wireless/marvell/built-in.a
  CC [M]  drivers/net/wireless/marvell/mwifiex/wmm.o
  CC [M]  drivers/hwmon/adm1031.o
  CC [M]  drivers/net/ethernet/huawei/hinic/hinic_hw_io.o
  CC [M]  sound/soc/soc-jack.o
  CC [M]  drivers/gpu/drm/amd/amdgpu/umc_v8_7.o
  CC [M]  drivers/media/pci/mantis/mantis_dma.o
  CC [M]  drivers/media/rc/keymaps/rc-total-media-in-hand-02.o
  CC [M]  drivers/watchdog/wm8350_wdt.o
  CC [M]  drivers/net/wireless/broadcom/brcm80211/brcmfmac/tracepoint.o
  CC [M]  drivers/net/ethernet/intel/e1000e/82571.o
  CC [M]  drivers/scsi/esas2r/esas2r_io.o
  CC [M]  drivers/power/supply/cros_peripheral_charger.o
  CC [M]  drivers/net/wireless/mediatek/mt76/mt7603/dma.o
  CC [M]  drivers/net/wireless/ath/ath10k/htt_tx.o
  CC [M]  drivers/net/wireless/intel/iwlwifi/mvm/coex.o
  CC [M]  drivers/gpu/drm/nouveau/nvkm/subdev/fb/ramnv1a.o
  CC [M]  drivers/isdn/mISDN/timerdev.o
  CC [M]  drivers/usb/atm/usbatm.o
  CC [M]  fs/xfs/libxfs/xfs_attr_remote.o
  CC [M]  drivers/media/rc/keymaps/rc-total-media-in-hand.o
  CC [M]  drivers/media/usb/dvb-usb/vp702x.o
  CC      drivers/edac/edac_module.o
  CC [M]  drivers/media/i2c/tda7432.o
  CC [M]  fs/afs/inode.o
  CC [M]  drivers/net/ethernet/intel/e1000/e1000_ethtool.o
  CC [M]  drivers/net/can/spi/mcp251xfd/mcp251xfd-core.o
  CC      drivers/md/md-autodetect.o
  CC [M]  net/dccp/ackvec.o
  CC [M]  drivers/net/ethernet/huawei/hinic/hinic_hw_qp.o
  CC [M]  drivers/power/supply/bd99954-charger.o
  CC [M]  drivers/watchdog/max63xx_wdt.o
  CC [M]  drivers/hwmon/adm1177.o
  CC [M]  drivers/media/usb/dvb-usb-v2/af9035.o
  CC [M]  drivers/gpu/drm/amd/amdgpu/umc_v8_10.o
  CC [M]  drivers/usb/serial/keyspan_pda.o
  CC [M]  drivers/media/rc/keymaps/rc-trekstor.o
  CC [M]  drivers/scsi/esas2r/esas2r_ioctl.o
  CC [M]  sound/soc/soc-utils.o
  CC [M]  drivers/net/wireless/broadcom/brcm80211/brcmfmac/dmi.o
  CC [M]  drivers/gpu/drm/nouveau/nvkm/subdev/fb/ramnv20.o
  CC [M]  drivers/net/wireless/mediatek/mt76/mt7615/eeprom.o
  CC [M]  drivers/media/pci/mantis/mantis_pci.o
  CC [M]  drivers/net/wireless/mediatek/mt76/mt7603/mac.o
  CC [M]  drivers/watchdog/ziirave_wdt.o
  CC [M]  drivers/media/usb/dvb-usb/vp702x-fe.o
  CC [M]  drivers/media/rc/keymaps/rc-tt-1500.o
  CC [M]  drivers/isdn/mISDN/dsp_core.o
  CC      drivers/md/dm-init.o
  CC [M]  drivers/net/wireless/marvell/mwifiex/11n.o
  CC [M]  drivers/net/ethernet/intel/e1000e/ich8lan.o
  CC      drivers/edac/edac_device_sysfs.o
  CC [M]  drivers/net/wireless/intel/iwlwifi/mvm/tt.o
  CC [M]  drivers/media/i2c/tda9840.o
  CC [M]  drivers/hwmon/adm9240.o
  CC [M]  fs/afs/main.o
  CC [M]  drivers/net/ethernet/huawei/hinic/hinic_hw_cmdq.o
  CC [M]  drivers/power/supply/wilco-charger.o
  CC [M]  drivers/gpu/drm/i915/display/intel_bw.o
  CC [M]  drivers/usb/serial/kl5kusb105.o
  CC [M]  drivers/gpu/drm/nouveau/nvkm/subdev/fb/ramnv40.o
  CC [M]  drivers/net/wireless/broadcom/brcm80211/brcmfmac/acpi.o
  CC [M]  drivers/media/rc/keymaps/rc-twinhan1027.o
  CC [M]  drivers/net/dsa/b53/b53_common.o
  CC [M]  drivers/gpu/drm/amd/amdgpu/amdgpu_irq.o
  CC [M]  drivers/power/supply/surface_battery.o
  CC [M]  sound/soc/soc-dai.o
  CC      drivers/md/dm-uevent.o
  CC [M]  drivers/net/ethernet/intel/e1000/e1000_param.o
  CC [M]  drivers/watchdog/softdog.o
  CC [M]  drivers/scsi/esas2r/esas2r_targdb.o
  CC [M]  drivers/usb/atm/xusbatm.o
  CC [M]  drivers/media/usb/dvb-usb/gp8psk.o
  CC [M]  drivers/net/can/spi/mcp251xfd/mcp251xfd-crc16.o
  CC      drivers/edac/wq.o
  CC [M]  drivers/media/i2c/tea6415c.o
  CC [M]  fs/xfs/libxfs/xfs_bit.o
  CC [M]  net/dccp/sysctl.o
  CC [M]  drivers/media/rc/keymaps/rc-twinhan-dtv-cab-ci.o
  CC [M]  drivers/media/usb/dvb-usb-v2/anysee.o
  CC [M]  drivers/hwmon/ads7828.o
  CC [M]  drivers/media/pci/mantis/mantis_i2c.o
  CC [M]  drivers/net/wireless/ath/ath10k/txrx.o
  CC [M]  drivers/net/ethernet/huawei/hinic/hinic_hw_wq.o
  CC [M]  drivers/usb/serial/kobil_sct.o
  CC [M]  drivers/gpu/drm/nouveau/nvkm/subdev/fb/ramnv41.o
  CC [M]  drivers/isdn/mISDN/dsp_cmx.o
  CC [M]  drivers/watchdog/menf21bmc_wdt.o
  CC [M]  drivers/power/supply/surface_charger.o
  LD [M]  drivers/net/wireless/broadcom/brcm80211/brcmfmac/brcmfmac.o
  CC [M]  drivers/net/wireless/marvell/mwifiex/11ac.o
  CC [M]  drivers/net/wireless/mediatek/mt76/mt7615/mac.o
  CC [M]  drivers/net/wireless/intel/iwlwifi/mvm/offloading.o
  AR      drivers/net/wireless/broadcom/built-in.a
  CC [M]  drivers/isdn/mISDN/dsp_tones.o
  CC [M]  drivers/scsi/esas2r/esas2r_vda.o
  CC [M]  drivers/media/rc/keymaps/rc-vega-s9x.o
  CC [M]  fs/xfs/libxfs/xfs_bmap.o
  CC [M]  drivers/net/can/spi/mcp251xfd/mcp251xfd-ethtool.o
  CC [M]  drivers/media/i2c/tea6420.o
  CC [M]  drivers/gpu/drm/amd/amdgpu/amdgpu_ih.o
  CC      drivers/md/dm-zone.o
  CC [M]  drivers/net/wireless/mediatek/mt76/mt7603/eeprom.o
  CC [M]  drivers/hwmon/ads7871.o
  LD [M]  drivers/net/ethernet/intel/e1000/e1000.o
  CC [M]  drivers/media/usb/dvb-usb/dtt200u.o
  CC [M]  drivers/gpu/drm/i915/display/intel_cdclk.o
  CC      drivers/edac/edac_pci.o
  CC [M]  drivers/scsi/esas2r/esas2r_main.o
  CC [M]  drivers/net/plip/plip.o
  CC [M]  drivers/watchdog/menz69_wdt.o
  CC [M]  drivers/net/ethernet/huawei/hinic/hinic_hw_mgmt.o
  CC [M]  drivers/usb/serial/mct_u232.o
  CC [M]  drivers/gpu/drm/nouveau/nvkm/subdev/fb/ramnv44.o
  CC [M]  drivers/media/rc/keymaps/rc-videomate-m1f.o
  CC [M]  net/dccp/ipv4.o
  CC [M]  sound/soc/soc-component.o
  CC [M]  drivers/media/usb/dvb-usb-v2/au6610.o
  CC [M]  drivers/net/wireless/ath/ath10k/wmi.o
  CC [M]  drivers/gpu/drm/nouveau/nvkm/subdev/fb/ramnv49.o
  CC [M]  drivers/net/ethernet/intel/e1000e/80003es2lan.o
  CC [M]  drivers/media/pci/mantis/mantis_dvb.o
  CC [M]  drivers/watchdog/rave-sp-wdt.o
  CC [M]  drivers/net/wireless/marvell/mwifiex/11n_aggr.o
  AR      drivers/power/supply/built-in.a
  AR      drivers/power/built-in.a
  CC [M]  drivers/media/pci/mantis/mantis_evm.o
  CC [M]  drivers/media/rc/keymaps/rc-videomate-s350.o
  CC [M]  drivers/hwmon/adt7x10.o
  CC [M]  drivers/net/wireless/mediatek/mt76/mt7615/debugfs.o
  CC [M]  drivers/media/i2c/ths7303.o
  CC [M]  drivers/media/usb/dvb-usb/dtt200u-fe.o
  CC [M]  drivers/isdn/mISDN/dsp_dtmf.o
  CC [M]  drivers/net/can/spi/mcp251xfd/mcp251xfd-ram.o
  CC [M]  fs/afs/misc.o
  CC [M]  drivers/net/wireless/mediatek/mt76/mt7603/beacon.o
  CC [M]  drivers/usb/serial/metro-usb.o
  CC [M]  drivers/net/wireless/intel/iwlwifi/mvm/tdls.o
  CC [M]  drivers/gpu/drm/amd/amdgpu/iceland_ih.o
  CC      drivers/md/dm-ima.o
  CC [M]  drivers/net/ethernet/huawei/hinic/hinic_hw_api_cmd.o
  CC [M]  drivers/media/rc/keymaps/rc-videomate-tv-pvr.o
  LD [M]  drivers/scsi/esas2r/esas2r.o
  CC      drivers/edac/edac_pci_sysfs.o
  CC      drivers/scsi/scsi.o
  CC [M]  drivers/media/usb/dvb-usb-v2/az6007.o
  CC [M]  drivers/media/i2c/ths8200.o
  CC [M]  drivers/gpu/drm/nouveau/nvkm/subdev/fb/ramnv4e.o
  CC [M]  drivers/media/i2c/tlv320aic23b.o
  CC [M]  drivers/net/dsa/b53/b53_spi.o
  CC [M]  drivers/net/ethernet/intel/e1000e/mac.o
  CC [M]  drivers/hwmon/adt7310.o
  CC [M]  drivers/net/can/spi/mcp251xfd/mcp251xfd-regmap.o
  CC [M]  drivers/net/wireless/mediatek/mt76/mt7615/trace.o
  CC [M]  drivers/usb/serial/mos7720.o
  CC [M]  drivers/media/rc/keymaps/rc-videostrong-kii-pro.o
  AR      drivers/watchdog/built-in.a
  CC [M]  drivers/media/usb/dvb-usb/dibusb-common.o
  CC [M]  drivers/net/wireless/marvell/mwifiex/11n_rxreorder.o
  CC [M]  fs/nilfs2/inode.o
  CC [M]  sound/soc/soc-pcm.o
  CC [M]  drivers/media/pci/mantis/mantis_hif.o
  CC [M]  drivers/isdn/mISDN/dsp_audio.o
  CC [M]  fs/nilfs2/file.o
  CC [M]  fs/afs/mntpt.o
  CC [M]  drivers/net/ethernet/huawei/hinic/hinic_hw_eqs.o
  CC [M]  drivers/net/wireless/mediatek/mt76/mt7603/debugfs.o
  CC [M]  drivers/gpu/drm/amd/amdgpu/tonga_ih.o
  CC [M]  drivers/gpu/drm/nouveau/nvkm/subdev/fb/ramnv50.o
  CC [M]  drivers/media/rc/keymaps/rc-wetek-hub.o
  CC [M]  fs/nilfs2/dir.o
  CC      drivers/md/dm-audit.o
  CC [M]  drivers/hwmon/adt7410.o
  CC [M]  drivers/net/wireless/intel/iwlwifi/mvm/ftm-responder.o
  CC [M]  drivers/gpu/drm/i915/display/intel_color.o
  CC [M]  drivers/media/i2c/tvaudio.o
  CC [M]  drivers/media/usb/dvb-usb-v2/ce6230.o
  CC [M]  drivers/net/ethernet/huawei/hinic/hinic_hw_if.o
  CC      drivers/edac/ghes_edac.o
  CC [M]  drivers/gpu/drm/amd/amdgpu/cz_ih.o
  CC      drivers/scsi/hosts.o
  CC [M]  drivers/net/dsa/b53/b53_mdio.o
  CC [M]  drivers/media/rc/keymaps/rc-wetek-play2.o
  CC [M]  drivers/net/can/spi/mcp251xfd/mcp251xfd-ring.o
  CC [M]  drivers/media/pci/mantis/mantis_ca.o
  CC [M]  drivers/net/wireless/mediatek/mt76/mt7615/pci.o
  CC [M]  net/dccp/ipv6.o
  CC [M]  drivers/usb/serial/mos7840.o
  CC [M]  fs/afs/rotate.o
  CC [M]  drivers/net/ethernet/intel/e1000e/manage.o
  LD [M]  drivers/net/wireless/mediatek/mt76/mt7603/mt7603e.o
  CC [M]  drivers/net/wireless/marvell/mwl8k.o
  CC [M]  fs/xfs/libxfs/xfs_bmap_btree.o
  CC [M]  drivers/hwmon/adt7411.o
  CC [M]  drivers/net/wireless/quantenna/qtnfmac/core.o
  AR      drivers/net/wireless/quantenna/built-in.a
  CC [M]  drivers/net/wireless/marvell/mwifiex/scan.o
  CC [M]  drivers/net/ethernet/huawei/hinic/hinic_common.o
  CC [M]  drivers/media/usb/dvb-usb/dibusb-mc-common.o
  AR      drivers/media/usb/s2255/built-in.a
  CC [M]  drivers/media/usb/s2255/s2255drv.o
  CC [M]  drivers/net/wireless/marvell/mwifiex/join.o
  CC [M]  drivers/media/rc/keymaps/rc-winfast.o
  CC [M]  drivers/net/ethernet/huawei/hinic/hinic_ethtool.o
  CC [M]  fs/nilfs2/super.o
  CC [M]  drivers/edac/mce_amd.o
  CC [M]  drivers/isdn/mISDN/dsp_blowfish.o
  CC [M]  drivers/media/usb/dvb-usb-v2/ec168.o
  CC      drivers/md/dm.o
  CC [M]  drivers/net/dsa/b53/b53_mmap.o
  CC [M]  drivers/net/wireless/intel/iwlwifi/mvm/ftm-initiator.o
  CC [M]  drivers/gpu/drm/amd/amdgpu/vega10_ih.o
  CC [M]  drivers/media/i2c/tvp514x.o
  CC [M]  drivers/gpu/drm/nouveau/nvkm/subdev/fb/ramgt215.o
  CC [M]  drivers/media/rc/keymaps/rc-winfast-usbii-deluxe.o
  CC [M]  drivers/net/wireless/mediatek/mt76/mt7615/pci_init.o
  CC [M]  drivers/media/rc/keymaps/rc-x96max.o
  CC [M]  drivers/net/can/spi/mcp251xfd/mcp251xfd-rx.o
  CC      drivers/scsi/scsi_ioctl.o
  CC [M]  drivers/net/ethernet/intel/e1000e/nvm.o
  CC [M]  drivers/hwmon/adt7462.o
  CC [M]  fs/afs/rxrpc.o
  CC [M]  drivers/usb/serial/mxuport.o
  CC [M]  drivers/media/pci/mantis/mantis_pcmcia.o
  CC [M]  drivers/net/ethernet/intel/e1000e/phy.o
  CC [M]  drivers/media/rc/keymaps/rc-xbox-360.o
  CC [M]  drivers/edac/i5100_edac.o
  CC [M]  drivers/media/usb/dvb-usb-v2/lmedm04.o
  CC [M]  fs/nilfs2/namei.o
  CC [M]  net/dccp/diag.o
  CC [M]  sound/soc/soc-devres.o
  CC [M]  drivers/media/usb/dvb-usb/a800.o
  CC [M]  drivers/net/wireless/mediatek/mt76/mt7615/dma.o
  CC [M]  drivers/isdn/mISDN/dsp_pipeline.o
  CC [M]  drivers/net/ethernet/huawei/hinic/hinic_devlink.o
  CC [M]  drivers/net/dsa/b53/b53_srab.o
  CC [M]  drivers/gpu/drm/amd/amdgpu/vega20_ih.o
  CC [M]  fs/befs/datastream.o
  CC [M]  drivers/media/i2c/tvp5150.o
  CC [M]  drivers/media/pci/mantis/mantis_input.o
  CC [M]  drivers/media/rc/keymaps/rc-xbox-dvd.o
  CC [M]  drivers/net/can/spi/mcp251xfd/mcp251xfd-tef.o
  CC [M]  drivers/net/wireless/ath/ath10k/wmi-tlv.o
  CC [M]  fs/xfs/libxfs/xfs_btree.o
  CC [M]  drivers/net/wireless/ath/ath10k/bmi.o
  CC [M]  drivers/usb/serial/navman.o
  CC [M]  drivers/net/can/spi/mcp251xfd/mcp251xfd-timestamp.o
  CC [M]  drivers/net/wireless/quantenna/qtnfmac/commands.o
  CC [M]  drivers/hwmon/adt7470.o
  CC      drivers/scsi/scsicam.o
  CC [M]  drivers/edac/i5400_edac.o
  CC [M]  fs/nilfs2/page.o
  CC [M]  drivers/net/wireless/intel/iwlwifi/mvm/rfi.o
  CC [M]  drivers/media/rc/keymaps/rc-zx-irdec.o
  CC [M]  drivers/net/wireless/marvell/mwifiex/sta_ioctl.o
  LD [M]  drivers/media/usb/dvb-usb/dvb-usb-dibusb-common.o
  CC [M]  fs/befs/btree.o
  CC [M]  drivers/media/usb/dvb-usb/dibusb-mb.o
  CC [M]  fs/afs/security.o
  CC [M]  drivers/media/usb/dvb-usb-v2/gl861.o
  LD [M]  net/dccp/dccp.o
  CC [M]  sound/soc/soc-ops.o
  CC [M]  drivers/net/ethernet/huawei/hinic/hinic_hw_mbox.o
  LD [M]  net/dccp/dccp_ipv4.o
  LD [M]  net/dccp/dccp_ipv6.o
  CC [M]  drivers/usb/serial/omninet.o
  LD [M]  net/dccp/dccp_diag.o
  CC [M]  drivers/net/wireless/mediatek/mt76/mt7615/pci_mac.o
  CC      drivers/scsi/scsi_error.o
  CC [M]  drivers/gpu/drm/amd/amdgpu/navi10_ih.o
  CC [M]  net/sctp/sm_statetable.o
  CC [M]  drivers/gpu/drm/nouveau/nvkm/subdev/fb/rammcp77.o
  CC [M]  drivers/net/dsa/b53/b53_serdes.o
  CC [M]  fs/nilfs2/mdt.o
  CC [M]  drivers/net/ethernet/intel/e1000e/param.o
  CC [M]  drivers/net/can/spi/mcp251xfd/mcp251xfd-tx.o
  CC [M]  drivers/edac/i7300_edac.o
  CC [M]  drivers/media/pci/mantis/mantis_cards.o
  CC      drivers/md/dm-table.o
  CC [M]  drivers/isdn/mISDN/dsp_hwec.o
  CC [M]  drivers/media/i2c/tvp7002.o
  CC [M]  fs/befs/super.o
  CC [M]  drivers/hwmon/adt7475.o
  AR      drivers/media/mmc/siano/built-in.a
  CC [M]  drivers/media/mmc/siano/smssdio.o
  CC [M]  drivers/gpu/drm/i915/display/intel_combo_phy.o
  CC [M]  drivers/usb/serial/opticon.o
  CC [M]  drivers/usb/serial/option.o
  CC [M]  drivers/media/usb/dvb-usb/dibusb-mc.o
  CC [M]  drivers/net/wireless/intel/iwlwifi/mvm/mld-key.o
  CC [M]  drivers/media/usb/dvb-usb-v2/mxl111sf.o
  CC [M]  drivers/gpu/drm/nouveau/nvkm/subdev/fb/ramgf100.o
  CC [M]  fs/befs/inode.o
  CC [M]  fs/afs/server.o
  CC [M]  drivers/edac/i7core_edac.o
  CC [M]  net/sctp/sm_statefuns.o
  CC [M]  sound/soc/soc-link.o
  CC [M]  drivers/net/ethernet/huawei/hinic/hinic_sriov.o
  CC [M]  drivers/media/rc/lirc_dev.o
  CC [M]  drivers/net/ethernet/intel/e1000e/ethtool.o
  CC [M]  fs/nilfs2/btnode.o
  CC [M]  drivers/net/can/spi/mcp251xfd/mcp251xfd-dump.o
  CC [M]  drivers/gpu/drm/amd/amdgpu/ih_v6_0.o
  CC [M]  drivers/media/pci/mantis/mantis_vp1033.o
  CC [M]  drivers/net/wireless/quantenna/qtnfmac/trans.o
  CC [M]  drivers/isdn/mISDN/l1oip_core.o
  AR      drivers/media/mmc/built-in.a
  CC [M]  drivers/gpu/drm/amd/amdgpu/ih_v6_1.o
  CC [M]  drivers/usb/serial/oti6858.o
  CC [M]  drivers/net/ieee802154/fakelb.o
  CC [M]  drivers/net/wireless/ralink/rt2x00/rt2x00dev.o
  CC [M]  drivers/media/usb/dvb-usb/nova-t-usb2.o
  CC [M]  drivers/media/i2c/tw2804.o
  CC [M]  fs/befs/debug.o
  CC [M]  drivers/net/wireless/ath/ath10k/hw.o
  CC [M]  drivers/net/wireless/mediatek/mt76/mt7615/mmio.o
  CC [M]  drivers/net/wireless/intel/iwlwifi/mvm/mld-mac.o
  CC [M]  drivers/gpu/drm/i915/display/intel_connector.o
  CC [M]  drivers/net/wireless/marvell/mwifiex/sta_cmd.o
  CC [M]  drivers/net/dsa/hirschmann/hellcreek.o
  CC [M]  drivers/hwmon/aht10.o
  CC [M]  fs/befs/io.o
  CC      drivers/scsi/scsi_lib.o
  CC [M]  drivers/media/pci/mantis/mantis_vp1034.o
  CC [M]  fs/nilfs2/bmap.o
  CC [M]  drivers/media/usb/dvb-usb-v2/mxl111sf-phy.o
  LD [M]  drivers/net/can/spi/mcp251xfd/mcp251xfd.o
  CC [M]  sound/soc/soc-card.o
  CC [M]  drivers/usb/serial/pl2303.o
  CC [M]  drivers/net/ieee802154/at86rf230.o
  CC [M]  drivers/net/can/spi/hi311x.o
  CC [M]  drivers/edac/sb_edac.o
  CC      drivers/md/dm-target.o
  CC [M]  drivers/media/usb/dvb-usb/umt-010.o
  CC [M]  fs/afs/server_list.o
  CC [M]  drivers/media/i2c/tw9903.o
  CC [M]  drivers/net/ieee802154/mrf24j40.o
  CC [M]  drivers/net/ethernet/huawei/hinic/hinic_debugfs.o
  CC [M]  drivers/media/rc/keymaps/rc-cec.o
  CC [M]  drivers/gpu/drm/amd/amdgpu/amdgpu_psp.o
  CC [M]  fs/befs/linuxvfs.o
  CC [M]  drivers/gpu/drm/nouveau/nvkm/subdev/fb/ramgf108.o
  CC [M]  fs/xfs/libxfs/xfs_btree_staging.o
  CC [M]  drivers/isdn/mISDN/l1oip_codec.o
  CC [M]  drivers/hwmon/applesmc.o
  CC [M]  drivers/net/wireless/mediatek/mt76/mt7615/usb_sdio.o
  CC [M]  drivers/net/wireless/ath/ath10k/p2p.o
  CC [M]  drivers/net/wireless/quantenna/qtnfmac/cfg80211.o
  CC [M]  drivers/media/pci/mantis/mantis_vp1041.o
  CC [M]  drivers/net/ethernet/intel/e1000e/netdev.o
  CC [M]  fs/nilfs2/btree.o
  CC [M]  drivers/gpu/drm/i915/display/intel_crtc.o
  CC [M]  drivers/media/rc/ir-imon-decoder.o
  CC [M]  drivers/net/wireless/intel/iwlwifi/mvm/link.o
  CC [M]  drivers/media/usb/dvb-usb-v2/mxl111sf-i2c.o
  CC [M]  drivers/media/usb/dvb-usb/m920x.o
  CC [M]  drivers/media/i2c/tw9906.o
  CC [M]  drivers/usb/serial/qcaux.o
  CC [M]  fs/afs/super.o
  LD [M]  drivers/net/ethernet/huawei/hinic/hinic.o
  CC [M]  drivers/gpu/drm/nouveau/nvkm/subdev/fb/ramgk104.o
  LD [M]  fs/befs/befs.o
  CC [M]  drivers/net/wireless/ralink/rt2x00/rt2x00mac.o
  AR      drivers/net/ethernet/huawei/built-in.a
  CC [M]  drivers/net/ieee802154/cc2520.o
  CC [M]  drivers/gpu/drm/amd/amdgpu/psp_v3_1.o
  CC [M]  sound/soc/soc-topology.o
  AR      drivers/net/wireless/ralink/built-in.a
  CC [M]  drivers/gpu/drm/amd/amdgpu/psp_v10_0.o
  LD [M]  drivers/isdn/mISDN/mISDN_core.o
  CC [M]  drivers/net/can/spi/mcp251x.o
  CC [M]  drivers/net/dsa/hirschmann/hellcreek_ptp.o
  CC      drivers/md/dm-linear.o
  LD [M]  drivers/isdn/mISDN/mISDN_dsp.o
  LD [M]  drivers/isdn/mISDN/l1oip.o
  CC [M]  drivers/media/rc/ir-jvc-decoder.o
  AR      drivers/isdn/built-in.a
  CC [M]  drivers/media/pci/mantis/mantis_vp2033.o
  CC [M]  drivers/net/wireless/marvell/mwifiex/uap_cmd.o
  CC [M]  drivers/edac/pnd2_edac.o
  CC [M]  drivers/hwmon/aquacomputer_d5next.o
  CC [M]  drivers/net/wireless/ath/ath10k/swap.o
  CC [M]  drivers/usb/serial/qcserial.o
  CC      drivers/scsi/constants.o
  CC [M]  drivers/media/i2c/tw9910.o
  CC [M]  drivers/net/wireless/ath/ath10k/spectral.o
  CC [M]  net/sctp/sm_sideeffect.o
  CC [M]  drivers/net/wireless/intel/iwlwifi/mvm/mld-sta.o
  CC [M]  drivers/net/wireless/quantenna/qtnfmac/event.o
  CC [M]  drivers/media/usb/dvb-usb-v2/mxl111sf-gpio.o
  CC      drivers/md/dm-stripe.o
  CC [M]  fs/cachefiles/cache.o
  CC [M]  drivers/gpu/drm/i915/display/intel_crtc_state_dump.o
  CC [M]  drivers/media/usb/dvb-usb/digitv.o
  CC [M]  drivers/media/rc/ir-mce_kbd-decoder.o
  CC [M]  drivers/media/pci/mantis/mantis_vp2040.o
  CC [M]  drivers/net/wireless/ath/ath10k/trace.o
  CC [M]  fs/afs/vlclient.o
  CC [M]  fs/nilfs2/direct.o
  CC [M]  drivers/net/dsa/hirschmann/hellcreek_hwtstamp.o
  CC [M]  fs/xfs/libxfs/xfs_da_btree.o
  CC [M]  drivers/net/wireless/mediatek/mt76/mt7615/usb.o
  CC [M]  drivers/net/ieee802154/atusb.o
  CC [M]  drivers/net/ieee802154/adf7242.o
  CC [M]  drivers/usb/serial/quatech2.o
  CC [M]  drivers/gpu/drm/amd/amdgpu/psp_v11_0.o
  CC [M]  drivers/hwmon/as370-hwmon.o
  CC [M]  drivers/edac/igen6_edac.o
  CC [M]  drivers/hwmon/asc7621.o
  CC [M]  drivers/media/i2c/uda1342.o
  CC [M]  drivers/net/wireless/marvell/mwifiex/ie.o
  CC [M]  drivers/net/can/usb/etas_es58x/es58x_core.o
  CC      drivers/scsi/scsi_lib_dma.o
  CC [M]  fs/cachefiles/daemon.o
  CC [M]  drivers/media/rc/ir-nec-decoder.o
  CC      drivers/md/dm-ioctl.o
  CC [M]  drivers/net/wireless/ralink/rt2x00/rt2x00config.o
  CC [M]  drivers/media/usb/dvb-usb-v2/mxl111sf-demod.o
  CC [M]  drivers/media/usb/dvb-usb/cxusb.o
  CC [M]  drivers/net/can/usb/kvaser_usb/kvaser_usb_core.o
  CC [M]  drivers/usb/musb/musb_core.o
  CC [M]  fs/nilfs2/dat.o
  CC [M]  sound/soc/soc-generic-dmaengine-pcm.o
  CC [M]  drivers/media/pci/mantis/mantis_vp3030.o
  CC [M]  drivers/net/wireless/quantenna/qtnfmac/util.o
  CC [M]  drivers/gpu/drm/i915/display/intel_cursor.o
  CC [M]  drivers/usb/serial/safe_serial.o
  CC [M]  net/sctp/protocol.o
  CC [M]  drivers/net/wireless/mediatek/mt76/mt7615/usb_mcu.o
  CC [M]  drivers/media/i2c/upd64031a.o
  CC [M]  drivers/net/can/usb/kvaser_usb/kvaser_usb_leaf.o
  CC [M]  fs/afs/vl_alias.o
  CC [M]  drivers/media/rc/ir-rc5-decoder.o
  CC [M]  drivers/net/wireless/intel/iwlwifi/mvm/mld-mac80211.o
  LD [M]  drivers/net/dsa/hirschmann/hellcreek_sw.o
  CC [M]  drivers/net/dsa/microchip/ksz_common.o
  CC [M]  drivers/edac/e752x_edac.o
  CC [M]  drivers/net/ieee802154/ca8210.o
  CC [M]  drivers/gpu/drm/amd/amdgpu/psp_v11_0_8.o
  CC [M]  fs/cachefiles/interface.o
  CC      drivers/scsi/scsi_scan.o
  CC [M]  drivers/hwmon/atxp1.o
  CC [M]  drivers/media/pci/mantis/hopper_cards.o
  CC [M]  drivers/net/wireless/marvell/mwifiex/sta_cmdresp.o
  CC [M]  drivers/net/wireless/ralink/rt2x00/rt2x00queue.o
  CC [M]  fs/nilfs2/recovery.o
  CC [M]  drivers/usb/serial/sierra.o
  CC [M]  drivers/media/rc/ir-rc6-decoder.o
  CC [M]  drivers/net/can/usb/etas_es58x/es58x_devlink.o
  CC [M]  sound/soc/soc-ac97.o
  CC [M]  drivers/media/i2c/upd64083.o
  CC      drivers/opp/core.o
  CC [M]  drivers/gpu/drm/nouveau/nvkm/subdev/fb/ramgm107.o
  CC [M]  drivers/media/usb/dvb-usb/cxusb-analog.o
  CC [M]  drivers/net/wireless/mediatek/mt76/mt7615/sdio.o
  CC [M]  drivers/media/usb/dvb-usb-v2/mxl111sf-tuner.o
  CC [M]  fs/afs/vl_list.o
  CC [M]  drivers/edac/i82975x_edac.o
  CC [M]  drivers/hwmon/axi-fan-control.o
  CC [M]  drivers/gpu/drm/amd/amdgpu/psp_v12_0.o
  CC [M]  fs/cachefiles/io.o
  CC [M]  drivers/media/pci/mantis/hopper_vp3028.o
  CC [M]  drivers/gpu/drm/i915/display/intel_display.o
  CC [M]  drivers/net/can/usb/kvaser_usb/kvaser_usb_hydra.o
  CC [M]  drivers/net/wireless/quantenna/qtnfmac/qlink_util.o
  CC [M]  drivers/media/rc/ir-rcmm-decoder.o
  CC [M]  net/sctp/endpointola.o
  CC [M]  drivers/usb/serial/usb-serial-simple.o
  CC      drivers/md/dm-io.o
  CC [M]  fs/xfs/libxfs/xfs_defer.o
  CC [M]  fs/nilfs2/the_nilfs.o
  CC [M]  drivers/net/wireless/intel/iwlwifi/mvm/ptp.o
  CC [M]  drivers/media/i2c/vp27smpx.o
  CC [M]  drivers/gpu/drm/nouveau/nvkm/subdev/fb/ramgm200.o
  CC [M]  drivers/hwmon/coretemp.o
  CC [M]  drivers/net/ieee802154/mcr20a.o
  CC [M]  drivers/net/ethernet/intel/e1000e/ptp.o
  CC [M]  drivers/net/can/usb/etas_es58x/es581_4.o
  CC [M]  drivers/usb/musb/musb_trace.o
  CC [M]  drivers/net/wireless/ath/ath10k/thermal.o
  CC [M]  drivers/net/wireless/marvell/mwifiex/sta_event.o
  CC [M]  sound/soc/soc-compress.o
  CC [M]  drivers/edac/i3000_edac.o
  GEN     drivers/scsi/scsi_devinfo_tbl.c
  CC      drivers/scsi/scsi_devinfo.o
  LD [M]  drivers/media/pci/mantis/mantis_core.o
  CC [M]  drivers/net/wireless/mediatek/mt76/mt7615/sdio_mcu.o
  LD [M]  drivers/media/pci/mantis/mantis.o
  CC [M]  drivers/media/rc/ir-sanyo-decoder.o
  CC [M]  drivers/usb/serial/spcp8x5.o
  LD [M]  drivers/media/pci/mantis/hopper.o
  CC [M]  fs/afs/vl_probe.o
  AR      drivers/media/pci/ngene/built-in.a
  CC [M]  drivers/media/pci/ngene/ngene-core.o
  CC [M]  drivers/net/wireless/quantenna/qtnfmac/shm_ipc.o
  CC [M]  fs/cachefiles/key.o
  CC [M]  drivers/media/usb/dvb-usb-v2/rtl28xxu.o
  CC [M]  drivers/gpu/drm/amd/amdgpu/psp_v13_0.o
  CC [M]  drivers/net/wireless/ralink/rt2x00/rt2x00link.o
  CC [M]  drivers/gpu/drm/nouveau/nvkm/subdev/fb/ramgp100.o
  CC [M]  drivers/media/usb/dvb-usb/ttusb2.o
  CC [M]  drivers/media/i2c/vpx3220.o
  CC [M]  fs/nilfs2/segbuf.o
  CC [M]  net/sctp/associola.o
  CC [M]  drivers/hwmon/corsair-cpro.o
  CC [M]  drivers/net/wireless/quantenna/qtnfmac/pcie/pcie.o
  CC [M]  drivers/net/dsa/microchip/ksz9477.o
  CC [M]  drivers/net/wireless/intel/iwlwifi/mvm/time-sync.o
  LD [M]  drivers/net/ethernet/intel/e1000e/e1000e.o
  CC [M]  drivers/edac/i3200_edac.o
  CC [M]  drivers/media/rc/ir-sharp-decoder.o
  CC [M]  drivers/net/can/usb/etas_es58x/es58x_fd.o
  LD [M]  drivers/net/can/usb/kvaser_usb/kvaser_usb.o
  CC [M]  drivers/usb/serial/ssu100.o
  CC [M]  drivers/net/ieee802154/mac802154_hwsim.o
  CC [M]  drivers/usb/serial/symbolserial.o
  CC      drivers/md/dm-kcopyd.o
  CC [M]  drivers/net/ethernet/intel/igb/igb_main.o
  CC [M]  drivers/net/wireless/ath/ath10k/debugfs_sta.o
  CC      drivers/opp/cpu.o
  CC [M]  fs/cachefiles/main.o
  CC [M]  drivers/usb/musb/musb_virthub.o
  CC      drivers/scsi/scsi_netlink.o
  CC [M]  drivers/gpu/drm/nouveau/nvkm/subdev/fb/ramgp102.o
  CC [M]  drivers/net/wireless/marvell/mwifiex/uap_event.o
  LD [M]  sound/soc/snd-soc-acpi.o
  LD [M]  drivers/net/wireless/mediatek/mt76/mt7615/mt7615-common.o
  LD [M]  sound/soc/snd-soc-core.o
  CC [M]  fs/afs/vl_rotate.o
  LD [M]  drivers/net/wireless/mediatek/mt76/mt7615/mt7615e.o
  CC [M]  fs/xfs/libxfs/xfs_dir2.o
  LD [M]  drivers/net/wireless/mediatek/mt76/mt7615/mt7663-usb-sdio-common.o
  CC [M]  fs/nilfs2/segment.o
  LD [M]  drivers/net/wireless/mediatek/mt76/mt7615/mt7663u.o
  CC [M]  drivers/net/wireless/ralink/rt2x00/rt2x00crypto.o
  LD [M]  drivers/net/wireless/mediatek/mt76/mt7615/mt7663s.o
  CC [M]  drivers/hwmon/corsair-psu.o
  CC [M]  drivers/media/i2c/wm8739.o
  CC [M]  drivers/media/usb/dvb-usb/dib0700_core.o
  CC [M]  drivers/net/wireless/mediatek/mt76/mt7915/pci.o
  CC [M]  drivers/media/rc/ir-sony-decoder.o
  CC [M]  drivers/media/i2c/wm8775.o
  CC [M]  drivers/edac/ie31200_edac.o
  CC [M]  drivers/net/dsa/mv88e6xxx/chip.o
  CC [M]  drivers/media/pci/ngene/ngene-i2c.o
  CC [M]  drivers/usb/serial/usb_wwan.o
  CC [M]  drivers/gpu/drm/amd/amdgpu/psp_v13_0_4.o
  CC [M]  drivers/media/usb/dvb-usb-v2/dvbsky.o
  CC [M]  drivers/net/wireless/quantenna/qtnfmac/pcie/pearl_pcie.o
  CC      drivers/opp/debugfs.o
  LD [M]  drivers/net/can/usb/etas_es58x/etas_es58x.o
  CC [M]  drivers/net/wireless/intel/iwlwifi/mvm/debugfs.o
  CC [M]  drivers/net/can/usb/peak_usb/pcan_usb_core.o
  CC [M]  drivers/gpu/drm/nouveau/nvkm/subdev/fb/sddr2.o
  CC [M]  drivers/edac/x38_edac.o
  CC [M]  drivers/media/rc/ir-xmp-decoder.o
  CC [M]  net/sctp/transport.o
  CC [M]  drivers/edac/amd64_edac.o
  CC [M]  drivers/net/wireless/ralink/rt2x00/rt2x00firmware.o
  CC [M]  drivers/hwmon/da9052-hwmon.o
  CC [M]  drivers/usb/musb/musb_host.o
  CC [M]  drivers/net/wireless/marvell/mwifiex/sta_tx.o
  CC [M]  drivers/net/wireless/ath/ath10k/wow.o
  CC [M]  drivers/net/dsa/microchip/ksz8795.o
  CC [M]  fs/afs/volume.o
  CC [M]  drivers/gpu/drm/drm_aperture.o
  AR      drivers/opp/built-in.a
  CC      drivers/md/dm-sysfs.o
  CC [M]  drivers/net/wireless/mediatek/mt76/mt7921/mac.o
  CC [M]  drivers/media/pci/ngene/ngene-cards.o
  CC [M]  drivers/net/wireless/mediatek/mt76/mt7915/init.o
  CC      drivers/scsi/scsi_sysctl.o
  CC [M]  drivers/media/usb/dvb-usb/dib0700_devices.o
  CC [M]  drivers/gpu/drm/nouveau/nvkm/subdev/fb/sddr3.o
  CC [M]  drivers/media/usb/dvb-usb-v2/zd1301.o
  CC [M]  drivers/media/rc/ene_ir.o
  CC [M]  drivers/net/wireless/mediatek/mt76/mt7915/dma.o
  CC [M]  fs/cachefiles/namei.o
  CC [M]  drivers/gpu/drm/amd/amdgpu/dce_v10_0.o
  CC [M]  drivers/usb/serial/ti_usb_3410_5052.o
  CC [M]  drivers/net/can/usb/peak_usb/pcan_usb.o
  CC      drivers/scsi/scsi_proc.o
  CC [M]  drivers/hwmon/da9055-hwmon.o
  CC      drivers/md/dm-stats.o
  CC [M]  drivers/net/dsa/mv88e6xxx/devlink.o
  CC [M]  drivers/net/wireless/ralink/rt2x00/rt2x00leds.o
  CC [M]  drivers/net/wireless/quantenna/qtnfmac/pcie/topaz_pcie.o
  LD [M]  drivers/media/i2c/msp3400.o
  CC [M]  drivers/net/wireless/mediatek/mt76/mt7921/mcu.o
  CC [M]  fs/xfs/libxfs/xfs_dir2_block.o
  CC [M]  drivers/net/wireless/marvell/mwifiex/sta_rx.o
  CC [M]  fs/afs/write.o
  CC [M]  net/sctp/chunk.o
  CC [M]  drivers/media/pci/ngene/ngene-dvb.o
  CC [M]  drivers/gpu/drm/nouveau/nvkm/subdev/fb/gddr3.o
  CC [M]  drivers/usb/musb/musb_gadget_ep0.o
  CC [M]  drivers/net/wireless/ath/ath10k/coredump.o
  CC [M]  drivers/hwmon/dell-smm-hwmon.o
  LD [M]  drivers/media/usb/dvb-usb-v2/dvb_usb_v2.o
  LD [M]  drivers/media/usb/dvb-usb-v2/dvb-usb-af9015.o
  LD [M]  drivers/media/usb/dvb-usb-v2/dvb-usb-af9035.o
  LD [M]  drivers/media/usb/dvb-usb-v2/dvb-usb-anysee.o
  LD [M]  drivers/media/usb/dvb-usb-v2/dvb-usb-au6610.o
  LD [M]  drivers/media/usb/dvb-usb-v2/dvb-usb-az6007.o
  LD [M]  drivers/media/usb/dvb-usb-v2/dvb-usb-ce6230.o
  CC [M]  fs/nilfs2/cpfile.o
  LD [M]  drivers/media/usb/dvb-usb-v2/dvb-usb-ec168.o
  CC [M]  drivers/usb/serial/upd78f0730.o
  CC [M]  drivers/net/wireless/mediatek/mt76/mt7921/main.o
  LD [M]  drivers/media/usb/dvb-usb-v2/dvb-usb-lmedm04.o
  LD [M]  drivers/media/usb/dvb-usb-v2/dvb-usb-gl861.o
  CC [M]  fs/cachefiles/security.o
  LD [M]  drivers/media/usb/dvb-usb-v2/dvb-usb-mxl111sf.o
  LD [M]  drivers/media/usb/dvb-usb-v2/dvb-usb-rtl28xxu.o
  LD [M]  drivers/media/usb/dvb-usb-v2/dvb-usb-dvbsky.o
  CC [M]  drivers/media/rc/fintek-cir.o
  CC [M]  drivers/net/dsa/microchip/lan937x_main.o
  CC [M]  drivers/net/can/usb/peak_usb/pcan_usb_pro.o
  CC [M]  drivers/net/wireless/mediatek/mt76/mt7915/eeprom.o
  CC [M]  drivers/net/wireless/intel/iwlwifi/mvm/debugfs-vif.o
  CC [M]  drivers/media/usb/dvb-usb/opera1.o
  CC [M]  drivers/net/wireless/ralink/rt2x00/rt2x00mmio.o
  CC      drivers/scsi/scsi_debugfs.o
  CC [M]  drivers/usb/chipidea/core.o
  CC [M]  drivers/edac/skx_common.o
  CC [M]  drivers/gpu/drm/nouveau/nvkm/subdev/fb/gddr5.o
  CC [M]  drivers/gpu/drm/nouveau/nvkm/subdev/fuse/base.o
  LD [M]  drivers/media/pci/ngene/ngene.o
  CC [M]  drivers/net/dsa/mv88e6xxx/global1.o
  CC      drivers/md/dm-rq.o
  CC [M]  drivers/usb/musb/musb_gadget.o
  AR      drivers/media/pci/ddbridge/built-in.a
  CC [M]  drivers/hwmon/dme1737.o
  CC [M]  drivers/net/wireless/marvell/mwifiex/uap_txrx.o
  CC [M]  drivers/media/pci/ddbridge/ddbridge-main.o
  CC [M]  fs/xfs/libxfs/xfs_dir2_data.o
  CC [M]  net/sctp/sm_make_chunk.o
  CC [M]  drivers/net/wireless/quantenna/qtnfmac/debug.o
  CC [M]  drivers/usb/serial/visor.o
  CC [M]  fs/cachefiles/volume.o
  CC [M]  drivers/media/rc/igorplugusb.o
  CC      drivers/scsi/scsi_trace.o
  CC [M]  fs/nilfs2/sufile.o
  CC [M]  drivers/gpu/drm/amd/amdgpu/dce_v11_0.o
  CC [M]  drivers/gpu/drm/i915/display/intel_display_driver.o
  CC [M]  fs/afs/xattr.o
  LD [M]  drivers/net/wireless/quantenna/qtnfmac/qtnfmac.o
  CC [M]  drivers/net/wireless/mediatek/mt76/mt7915/main.o
  CC [M]  drivers/media/usb/dvb-usb/af9005.o
  CC [M]  drivers/media/usb/dvb-usb/af9005-fe.o
  CC [M]  drivers/gpu/drm/nouveau/nvkm/subdev/fuse/nv50.o
  CC [M]  drivers/edac/skx_base.o
  CC [M]  drivers/net/can/usb/peak_usb/pcan_usb_fd.o
  CC [M]  drivers/net/dsa/microchip/ksz9477_i2c.o
  CC [M]  drivers/usb/serial/wishbone-serial.o
  CC [M]  drivers/media/pci/ddbridge/ddbridge-core.o
  CC [M]  drivers/media/rc/iguanair.o
  CC [M]  drivers/net/wireless/intel/iwlwifi/mvm/led.o
  LD [M]  drivers/net/wireless/quantenna/qtnfmac/qtnfmac_pcie.o
  CC [M]  drivers/net/wireless/ath/ath10k/ce.o
  CC [M]  fs/cachefiles/xattr.o
  CC [M]  drivers/net/wireless/marvell/mwifiex/cfg80211.o
  CC [M]  drivers/net/ethernet/intel/igc/igc_main.o
  CC [M]  drivers/net/dsa/mv88e6xxx/global1_atu.o
  CC      drivers/scsi/scsi_logging.o
  CC [M]  drivers/net/ethernet/intel/igbvf/vf.o
  CC [M]  drivers/gpu/drm/amd/amdgpu/amdgpu_vkms.o
  CC [M]  drivers/net/wireless/ralink/rt2x00/rt2x00pci.o
  CC [M]  fs/xfs/libxfs/xfs_dir2_leaf.o
  CC [M]  drivers/usb/musb/musb_debugfs.o
  CC      drivers/md/dm-io-rewind.o
  CC [M]  drivers/net/ethernet/intel/igb/igb_ethtool.o
  CC [M]  drivers/usb/chipidea/otg.o
  CC [M]  drivers/gpu/drm/nouveau/nvkm/subdev/fuse/gf100.o
  CC [M]  drivers/usb/serial/whiteheat.o
  CC [M]  drivers/edac/i10nm_base.o
  CC [M]  drivers/gpu/drm/i915/display/intel_display_irq.o
  CC [M]  fs/afs/yfsclient.o
  CC [M]  drivers/net/wireless/mediatek/mt76/mt7921/init.o
  CC [M]  drivers/net/can/softing/softing_main.o
  CC [M]  drivers/media/rc/imon.o
  CC [M]  fs/nilfs2/ifile.o
  CC [M]  drivers/media/usb/dvb-usb/af9005-remote.o
  LD [M]  drivers/net/can/usb/peak_usb/peak_usb.o
  CC [M]  drivers/net/can/usb/usb_8dev.o
  LD [M]  fs/cachefiles/cachefiles.o
  CC [M]  drivers/hwmon/drivetemp.o
  CC [M]  drivers/net/dsa/microchip/ksz8863_smi.o
  CC [M]  drivers/net/can/usb/ems_usb.o
  CC [M]  drivers/net/ethernet/intel/igbvf/mbx.o
  LD [M]  drivers/usb/musb/musb_hdrc.o
  CC [M]  net/sctp/ulpevent.o
  CC [M]  drivers/net/can/usb/f81604.o
  CC [M]  drivers/net/wireless/intel/iwlwifi/mvm/d3.o
  CC      drivers/md/dm-builtin.o
  CC [M]  drivers/usb/chipidea/debug.o
  CC [M]  drivers/gpu/drm/nouveau/nvkm/subdev/fuse/gm107.o
  CC [M]  drivers/net/wireless/mediatek/mt76/mt7915/mcu.o
  CC [M]  drivers/net/can/slcan/slcan-core.o
  CC      drivers/scsi/scsi_pm.o
  CC [M]  drivers/net/dsa/mv88e6xxx/global1_vtu.o
  CC [M]  drivers/usb/serial/xr_serial.o
  CC [M]  fs/nilfs2/alloc.o
  CC [M]  drivers/gpu/drm/amd/amdgpu/amdgpu_gfx.o
  CC [M]  drivers/net/ethernet/intel/igbvf/ethtool.o
  CC [M]  drivers/hwmon/ds620.o
  CC [M]  drivers/net/wireless/ralink/rt2x00/rt2x00usb.o
  LD [M]  drivers/edac/edac_mce_amd.o
  LD [M]  drivers/edac/skx_edac.o
  CC [M]  drivers/usb/chipidea/ulpi.o
  LD [M]  drivers/edac/i10nm_edac.o
  CC [M]  drivers/net/can/softing/softing_fw.o
  AR      drivers/edac/built-in.a
  LD [M]  drivers/net/dsa/microchip/ksz_switch.o
  CC [M]  drivers/net/can/cc770/cc770.o
  CC [M]  drivers/gpu/drm/nouveau/nvkm/subdev/gpio/base.o
  CC [M]  drivers/net/can/c_can/c_can_ethtool.o
  CC [M]  drivers/net/can/slcan/slcan-ethtool.o
  CC [M]  drivers/media/rc/imon_raw.o
  CC [M]  fs/afs/proc.o
  CC [M]  drivers/media/usb/dvb-usb/pctv452e.o
  CC [M]  drivers/media/pci/ddbridge/ddbridge-ci.o
  CC [M]  drivers/md/md-linear.o
  CC [M]  drivers/usb/serial/xsens_mt.o
  CC [M]  fs/nilfs2/gcinode.o
  CC [M]  net/sctp/inqueue.o
  CC [M]  drivers/net/wireless/mediatek/mt76/mt7921/debugfs.o
  CC [M]  drivers/net/can/usb/gs_usb.o
  CC [M]  drivers/hwmon/ds1621.o
  CC [M]  drivers/net/ethernet/intel/igb/e1000_82575.o
  CC      drivers/scsi/scsi_dh.o
  CC [M]  fs/nilfs2/ioctl.o
  CC [M]  drivers/gpu/drm/i915/display/intel_display_power.o
  CC [M]  drivers/net/wireless/ath/ath10k/pci.o
  CC [M]  fs/xfs/libxfs/xfs_dir2_node.o
  CC [M]  drivers/net/ethernet/intel/igbvf/netdev.o
  CC [M]  drivers/usb/chipidea/udc.o
  CC [M]  drivers/net/dsa/mv88e6xxx/global2.o
  CC [M]  drivers/net/wireless/ath/wcn36xx/main.o
  CC [M]  drivers/media/rc/ite-cir.o
  CC [M]  drivers/gpu/drm/nouveau/nvkm/subdev/gpio/nv10.o
  CC [M]  drivers/net/can/c_can/c_can_main.o
  LD [M]  drivers/net/can/slcan/slcan.o
  CC [M]  drivers/usb/chipidea/trace.o
  CC [M]  fs/xfs/libxfs/xfs_dir2_sf.o
  CC [M]  drivers/gpu/drm/amd/amdgpu/amdgpu_rlc.o
  CC [M]  drivers/net/wireless/marvell/mwifiex/ethtool.o
  CC [M]  drivers/net/can/softing/softing_cs.o
  CC [M]  drivers/md/raid0.o
  LD [M]  fs/afs/kafs.o
  CC [M]  drivers/media/pci/ddbridge/ddbridge-hw.o
  CC [M]  drivers/hwmon/emc1403.o
  CC [M]  drivers/media/usb/dvb-usb/dw2102.o
  LD [M]  drivers/usb/serial/usbserial.o
  CC [M]  drivers/media/rc/mceusb.o
  CC [M]  net/sctp/outqueue.o
  CC [M]  drivers/net/wireless/ath/ath11k/core.o
  CC [M]  fs/nilfs2/sysfs.o
  CC      drivers/scsi/scsi_bsg.o
  CC [M]  drivers/net/can/cc770/cc770_isa.o
  CC [M]  drivers/net/wireless/mediatek/mt76/mt7921/pci.o
  CC [M]  drivers/net/wireless/ralink/rt2x00/rt2800lib.o
  CC [M]  drivers/gpu/drm/nouveau/nvkm/subdev/gpio/nv50.o
  CC [M]  drivers/net/can/usb/mcba_usb.o
  LD [M]  drivers/net/can/softing/softing.o
  CC [M]  drivers/net/ethernet/intel/igc/igc_mac.o
  CC [M]  drivers/media/rc/nuvoton-cir.o
  CC [M]  drivers/net/can/cc770/cc770_platform.o
  CC [M]  drivers/gpu/drm/drm_atomic.o
  CC [M]  drivers/net/wireless/mediatek/mt76/mt7915/mac.o
  LD [M]  drivers/net/wireless/intel/iwlwifi/mvm/iwlmvm.o
  CC [M]  drivers/media/pci/ddbridge/ddbridge-i2c.o
  CC [M]  drivers/net/wireless/marvell/mwifiex/11h.o
  CC [M]  drivers/net/dsa/mv88e6xxx/global2_avb.o
  CC [M]  drivers/usb/chipidea/host.o
  CC [M]  drivers/hwmon/emc2103.o
  CC [M]  drivers/gpu/drm/amd/amdgpu/gfx_v8_0.o
  CC [M]  drivers/net/ethernet/intel/igb/e1000_mac.o
  CC [M]  drivers/net/wireless/intel/iwlwifi/iwl-io.o
  CC [M]  drivers/net/wireless/ath/wcn36xx/dxe.o
  CC      drivers/scsi/scsi_common.o
  CC [M]  drivers/md/raid1.o
  CC [M]  drivers/gpu/drm/nouveau/nvkm/subdev/gpio/g94.o
  CC [M]  drivers/gpu/drm/i915/display/intel_display_power_map.o
  LD [M]  drivers/net/ethernet/intel/igbvf/igbvf.o
  LD [M]  fs/nilfs2/nilfs2.o
  CC [M]  net/rds/af_rds.o
  CC [M]  drivers/net/wireless/ath/ath10k/sdio.o
  CC [M]  drivers/net/wireless/ralink/rt2x00/rt2800mmio.o
  CC [M]  net/mac80211/main.o
  CC [M]  net/tipc/addr.o
  CC [M]  drivers/net/can/c_can/c_can_platform.o
  CC [M]  drivers/net/wireless/mediatek/mt76/mt7921/pci_mac.o
  CC [M]  drivers/net/ethernet/intel/igc/igc_i225.o
  CC [M]  drivers/media/rc/redrat3.o
  CC [M]  drivers/media/usb/dvb-usb/dtv5100.o
  CC [M]  drivers/media/pci/ddbridge/ddbridge-max.o
  CC [M]  drivers/usb/gadget/udc/bdc/bdc_core.o
  CC [M]  drivers/net/can/usb/ucan.o
  CC [M]  drivers/usb/chipidea/ci_hdrc_usb2.o
  CC [M]  drivers/usb/gadget/function/f_acm.o
  CC [M]  net/sctp/ulpqueue.o
  CC [M]  drivers/hwmon/emc6w201.o
  CC      drivers/scsi/sd.o
  CC [M]  drivers/net/dsa/mv88e6xxx/global2_scratch.o
  CC [M]  drivers/net/wireless/marvell/mwifiex/tdls.o
  CC [M]  drivers/gpu/drm/nouveau/nvkm/subdev/gpio/gf119.o
  CC [M]  fs/xfs/libxfs/xfs_dquot_buf.o
  CC [M]  drivers/net/wireless/ath/wcn36xx/txrx.o
  CC [M]  drivers/net/ethernet/intel/igb/e1000_nvm.o
  CC [M]  net/tipc/bcast.o
  CC [M]  drivers/net/wireless/ath/ath11k/hal.o
  CC [M]  drivers/usb/gadget/legacy/zero.o
  CC [M]  drivers/usb/chipidea/ci_hdrc_msm.o
  CC [M]  drivers/media/usb/dvb-usb/cinergyT2-core.o
  CC [M]  drivers/net/ethernet/intel/igc/igc_base.o
  CC [M]  drivers/gpu/drm/i915/display/intel_display_power_well.o
  CC [M]  drivers/net/wireless/mediatek/mt76/mt7921/pci_mcu.o
  CC [M]  drivers/usb/gadget/function/f_loopback.o
  CC [M]  drivers/net/can/c_can/c_can_pci.o
  CC [M]  drivers/usb/gadget/udc/bdc/bdc_cmd.o
  CC [M]  net/rds/bind.o
  CC [M]  drivers/media/pci/ddbridge/ddbridge-mci.o
  CC [M]  drivers/media/rc/serial_ir.o
  CC [M]  drivers/hwmon/f71805f.o
  CC [M]  drivers/gpu/drm/nouveau/nvkm/subdev/gpio/gk104.o
  CC [M]  drivers/net/wireless/intel/iwlwifi/iwl-drv.o
  CC [M]  fs/xfs/libxfs/xfs_ialloc.o
  CC [M]  drivers/net/wireless/mediatek/mt76/mt7915/debugfs.o
  CC [M]  drivers/net/dsa/mv88e6xxx/pcs-6185.o
  CC [M]  drivers/hwmon/f71882fg.o
  CC [M]  drivers/usb/gadget/legacy/audio.o
  CC [M]  drivers/usb/gadget/function/f_sourcesink.o
  CC [M]  drivers/usb/chipidea/ci_hdrc_pci.o
  CC [M]  net/sctp/tsnmap.o
  CC [M]  drivers/net/wireless/ath/ath10k/usb.o
  CC [M]  drivers/media/usb/dvb-usb/cinergyT2-fe.o
  CC [M]  drivers/net/ethernet/intel/igb/e1000_phy.o
  CC [M]  drivers/net/wireless/ath/wcn36xx/smd.o
  CC [M]  drivers/usb/gadget/udc/bdc/bdc_ep.o
  AR      drivers/media/firewire/built-in.a
  CC [M]  drivers/media/firewire/firedtv-avc.o
  CC [M]  drivers/media/pci/ddbridge/ddbridge-sx8.o
  LD [M]  drivers/net/can/c_can/c_can.o
  CC [M]  drivers/net/ethernet/intel/igc/igc_nvm.o
  LD [M]  drivers/net/wireless/mediatek/mt76/mt7921/mt7921-common.o
  CC [M]  drivers/net/wireless/marvell/mwifiex/debugfs.o
  CC [M]  drivers/gpu/drm/nouveau/nvkm/subdev/gpio/ga102.o
  CC [M]  drivers/net/can/ifi_canfd/ifi_canfd.o
  LD [M]  drivers/net/wireless/mediatek/mt76/mt7921/mt7921e.o
  CC [M]  drivers/media/rc/streamzap.o
  CC [M]  drivers/md/raid10.o
  CC [M]  drivers/net/ethernet/intel/igc/igc_phy.o
  CC      drivers/scsi/sd_dif.o
  CC [M]  net/tipc/bearer.o
  CC [M]  drivers/usb/gadget/legacy/ether.o
  CC [M]  net/rds/cong.o
  CC [M]  net/tipc/core.o
  CC [M]  drivers/usb/gadget/function/u_serial.o
  LD [M]  drivers/usb/chipidea/ci_hdrc.o
  CC [M]  drivers/net/dsa/mv88e6xxx/pcs-6352.o
  CC [M]  drivers/net/ethernet/intel/igc/igc_diag.o
  CC [M]  drivers/gpu/drm/amd/amdgpu/gfx_v9_0.o
  CC [M]  drivers/media/usb/dvb-usb/az6027.o
  CC [M]  drivers/net/wwan/iosm/iosm_ipc_task_queue.o
  CC      drivers/scsi/sd_zbc.o
  CC [M]  drivers/media/rc/ir_toy.o
  CC [M]  net/sctp/bind_addr.o
  CC [M]  drivers/gpu/drm/i915/display/intel_display_reset.o
  CC [M]  drivers/media/pci/ddbridge/ddbridge-dummy-fe.o
  CC [M]  net/mac80211/status.o
  CC [M]  drivers/hwmon/f75375s.o
  CC [M]  drivers/gpu/drm/nouveau/nvkm/subdev/gsp/base.o
  CC [M]  drivers/net/wireless/ath/ath11k/hal_tx.o
  CC [M]  drivers/net/wireless/mediatek/mt76/mt7915/mmio.o
  CC [M]  drivers/usb/gadget/udc/bdc/bdc_udc.o
  CC [M]  drivers/media/firewire/firedtv-ci.o
  CC [M]  drivers/net/ethernet/intel/igb/e1000_mbx.o
  CC [M]  drivers/usb/gadget/legacy/inode.o
  CC [M]  drivers/net/can/m_can/m_can.o
  LD [M]  drivers/net/wireless/ath/ath10k/ath10k_core.o
  CC [M]  drivers/net/vmxnet3/vmxnet3_drv.o
  CC [M]  drivers/net/wireless/marvell/mwifiex/sdio.o
  LD [M]  drivers/net/wireless/ath/ath10k/ath10k_pci.o
  LD [M]  drivers/net/wireless/ath/ath10k/ath10k_sdio.o
  LD [M]  drivers/net/wireless/ath/ath10k/ath10k_usb.o
  CC [M]  drivers/net/wwan/iosm/iosm_ipc_imem.o
  CC [M]  drivers/gpu/drm/i915/display/intel_display_rps.o
  CC [M]  drivers/media/rc/ttusbir.o
  CC [M]  drivers/net/ethernet/intel/igc/igc_ethtool.o
  CC [M]  drivers/net/wireless/intel/iwlwifi/iwl-debug.o
  CC [M]  drivers/media/usb/dvb-usb/technisat-usb2.o
  CC [M]  net/mac80211/driver-ops.o
  CC [M]  drivers/net/dsa/mv88e6xxx/pcs-639x.o
  CC [M]  drivers/gpu/drm/nouveau/nvkm/subdev/gsp/gv100.o
  CC [M]  drivers/net/ethernet/intel/igb/e1000_i210.o
  CC [M]  net/tipc/link.o
  CC [M]  drivers/usb/gadget/function/f_serial.o
  CC [M]  drivers/media/firewire/firedtv-dvb.o
  CC [M]  drivers/net/ethernet/intel/igc/igc_ptp.o
  CC [M]  fs/xfs/libxfs/xfs_ialloc_btree.o
  LD [M]  drivers/usb/gadget/udc/bdc/bdc.o
  CC      drivers/scsi/sr.o
  CC [M]  drivers/hwmon/fam15h_power.o
  CC [M]  drivers/usb/gadget/udc/core.o
  CC [M]  drivers/net/wireless/ath/wcn36xx/pmc.o
  CC [M]  net/sctp/socket.o
  LD [M]  drivers/media/pci/ddbridge/ddbridge.o
  CC [M]  drivers/net/wireless/mediatek/mt76/mt7915/coredump.o
  AR      drivers/media/pci/saa7146/built-in.a
  CC [M]  drivers/net/wireless/ath/ath11k/hal_rx.o
  CC [M]  drivers/media/pci/saa7146/mxb.o
  CC [M]  net/rds/connection.o
  CC [M]  drivers/media/rc/winbond-cir.o
  CC [M]  drivers/usb/gadget/legacy/g_ffs.o
  CC [M]  drivers/gpu/drm/i915/display/intel_dmc.o
  CC [M]  drivers/gpu/drm/nouveau/nvkm/subdev/gsp/ga102.o
  LD [M]  drivers/media/usb/dvb-usb/dvb-usb.o
  CC [M]  drivers/usb/gadget/function/f_obex.o
  LD [M]  drivers/media/usb/dvb-usb/dvb-usb-vp7045.o
  LD [M]  drivers/media/usb/dvb-usb/dvb-usb-vp702x.o
  LD [M]  drivers/media/usb/dvb-usb/dvb-usb-gp8psk.o
  LD [M]  drivers/media/usb/dvb-usb/dvb-usb-dtt200u.o
  LD [M]  drivers/media/usb/dvb-usb/dvb-usb-dibusb-mc-common.o
  LD [M]  drivers/media/usb/dvb-usb/dvb-usb-a800.o
  LD [M]  drivers/media/usb/dvb-usb/dvb-usb-dibusb-mb.o
  CC [M]  drivers/net/wwan/iosm/iosm_ipc_imem_ops.o
  LD [M]  drivers/media/usb/dvb-usb/dvb-usb-dibusb-mc.o
  LD [M]  drivers/media/usb/dvb-usb/dvb-usb-nova-t-usb2.o
  LD [M]  drivers/media/usb/dvb-usb/dvb-usb-umt-010.o
  LD [M]  drivers/media/usb/dvb-usb/dvb-usb-m920x.o
  CC [M]  drivers/media/firewire/firedtv-fe.o
  LD [M]  drivers/media/usb/dvb-usb/dvb-usb-digitv.o
  LD [M]  drivers/media/usb/dvb-usb/dvb-usb-cxusb.o
  CC      drivers/scsi/sr_ioctl.o
  CC [M]  drivers/hwmon/fschmd.o
  LD [M]  drivers/media/usb/dvb-usb/dvb-usb-ttusb2.o
  CC [M]  drivers/net/dsa/mv88e6xxx/phy.o
  LD [M]  drivers/media/usb/dvb-usb/dvb-usb-dib0700.o
  LD [M]  drivers/media/usb/dvb-usb/dvb-usb-opera.o
  LD [M]  drivers/media/usb/dvb-usb/dvb-usb-af9005.o
  LD [M]  drivers/media/usb/dvb-usb/dvb-usb-af9005-remote.o
  CC [M]  drivers/net/ethernet/intel/igb/igb_ptp.o
  LD [M]  drivers/media/usb/dvb-usb/dvb-usb-pctv452e.o
  LD [M]  drivers/media/usb/dvb-usb/dvb-usb-dw2102.o
  CC [M]  drivers/net/wireless/ath/wcn36xx/debug.o
  LD [M]  drivers/media/usb/dvb-usb/dvb-usb-dtv5100.o
  LD [M]  drivers/media/usb/dvb-usb/dvb-usb-cinergyT2.o
  CC [M]  drivers/net/xen-netback/netback.o
  LD [M]  drivers/media/usb/dvb-usb/dvb-usb-az6027.o
  LD [M]  drivers/media/usb/dvb-usb/dvb-usb-technisat-usb2.o
  AR      drivers/media/usb/siano/built-in.a
  CC [M]  drivers/usb/gadget/function/u_ether.o
  CC [M]  drivers/media/usb/siano/smsusb.o
  CC [M]  drivers/media/rc/ati_remote.o
  CC [M]  drivers/gpu/drm/nouveau/nvkm/subdev/i2c/base.o
  CC [M]  drivers/net/wireless/intel/iwlwifi/iwl-eeprom-read.o
  LD [M]  drivers/net/wireless/mediatek/mt76/mt7915/mt7915e.o
  CC [M]  drivers/net/wireless/marvell/mwifiex/pcie.o
  CC [M]  drivers/net/wireless/mediatek/mt76/mmio.o
  CC [M]  drivers/net/ethernet/intel/igc/igc_dump.o
  CC [M]  drivers/media/pci/saa7146/hexium_orion.o
  CC [M]  drivers/md/raid5.o
  CC [M]  drivers/usb/gadget/legacy/mass_storage.o
  CC [M]  net/tipc/discover.o
  CC [M]  net/mac80211/sta_info.o
  CC [M]  drivers/net/can/m_can/m_can_pci.o
  CC [M]  drivers/media/firewire/firedtv-fw.o
  CC [M]  drivers/net/wwan/iosm/iosm_ipc_mmio.o
  CC      drivers/scsi/sr_vendor.o
  CC [M]  drivers/usb/gadget/udc/trace.o
  CC [M]  drivers/net/wireless/ath/wcn36xx/firmware.o
  CC [M]  drivers/gpu/drm/i915/display/intel_dpio_phy.o
  CC [M]  drivers/net/dsa/mv88e6xxx/port.o
  CC [M]  fs/xfs/libxfs/xfs_iext_tree.o
  CC [M]  drivers/net/wireless/ath/ath11k/wmi.o
  CC [M]  drivers/usb/gadget/legacy/serial.o
  CC [M]  drivers/hwmon/ftsteutates.o
  CC [M]  drivers/media/rc/rc-loopback.o
  AR      drivers/media/usb/ttusb-budget/built-in.a
  CC [M]  drivers/media/usb/ttusb-budget/dvb-ttusb-budget.o
  CC [M]  drivers/net/vmxnet3/vmxnet3_ethtool.o
  CC [M]  drivers/gpu/drm/nouveau/nvkm/subdev/i2c/nv04.o
  CC [M]  net/rds/info.o
  CC [M]  drivers/net/wwan/iosm/iosm_ipc_port.o
  CC [M]  drivers/media/pci/saa7146/hexium_gemini.o
  CC [M]  drivers/net/ethernet/intel/igc/igc_tsn.o
  CC      drivers/scsi/sg.o
  CC [M]  drivers/net/usb/catc.o
  CC [M]  drivers/net/ethernet/intel/igb/igb_hwmon.o
  CC [M]  drivers/media/firewire/firedtv-rc.o
  CC [M]  net/tipc/msg.o
  CC [M]  drivers/net/can/m_can/m_can_platform.o
  LD [M]  drivers/net/wireless/ath/wcn36xx/wcn36xx.o
  CC [M]  drivers/usb/gadget/legacy/printer.o
  CC [M]  drivers/usb/gadget/udc/net2272.o
  CC [M]  drivers/net/wireless/intel/iwlwifi/iwl-eeprom-parse.o
  CC [M]  drivers/media/rc/xbox_remote.o
  CC [M]  drivers/net/hyperv/netvsc_drv.o
  CC [M]  drivers/hwmon/g760a.o
  CC [M]  drivers/gpu/drm/nouveau/nvkm/subdev/i2c/nv4e.o
  CC [M]  drivers/net/xen-netback/xenbus.o
  CC [M]  drivers/net/wireless/mediatek/mt76/util.o
  CC [M]  drivers/usb/gadget/function/f_ncm.o
  CC [M]  drivers/net/wwan/iosm/iosm_ipc_wwan.o
  CC [M]  drivers/gpu/drm/i915/display/intel_dpll.o
  AR      drivers/media/pci/smipcie/built-in.a
  CC [M]  drivers/media/pci/smipcie/smipcie-main.o
  LD [M]  drivers/media/firewire/firedtv.o
  CC [M]  drivers/usb/gadget/legacy/gmidi.o
  CC [M]  drivers/net/ethernet/intel/igc/igc_xdp.o
  CC [M]  drivers/net/fjes/fjes_main.o
  CC [M]  drivers/net/wireless/marvell/mwifiex/pcie_quirks.o
  CC [M]  drivers/net/dsa/mv88e6xxx/port_hidden.o
  AR      drivers/media/usb/ttusb-dec/built-in.a
  CC [M]  drivers/media/usb/ttusb-dec/ttusb_dec.o
  LD [M]  drivers/net/ethernet/intel/igb/igb.o
  CC [M]  drivers/net/can/m_can/tcan4x5x-core.o
  CC [M]  drivers/gpu/drm/amd/amdgpu/gfx_v9_4.o
  CC [M]  drivers/net/fjes/fjes_hw.o
  CC [M]  drivers/net/usb/kaweth.o
  CC [M]  drivers/hwmon/g762.o
  CC [M]  drivers/net/vmxnet3/vmxnet3_xdp.o
  CC [M]  drivers/gpu/drm/nouveau/nvkm/subdev/i2c/nv50.o
  LD [M]  drivers/media/rc/rc-core.o
  AR      drivers/media/rc/built-in.a
  CC [M]  net/tipc/name_distr.o
  CC [M]  drivers/usb/gadget/legacy/cdc2.o
  CC [M]  net/rds/message.o
  CC [M]  drivers/net/wwan/iosm/iosm_ipc_uevent.o
  CC [M]  drivers/scsi/raid_class.o
  AR      drivers/net/wireless/ath/built-in.a
  CC [M]  drivers/media/usb/as102/as102_drv.o
  CC [M]  drivers/net/xen-netback/interface.o
  CC [M]  fs/xfs/libxfs/xfs_inode_fork.o
  CC [M]  drivers/usb/gadget/function/f_ecm.o
  CC [M]  drivers/media/pci/smipcie/smipcie-ir.o
  LD [M]  drivers/net/ethernet/intel/igc/igc.o
  CC [M]  drivers/net/wwan/iosm/iosm_ipc_pm.o
  CC [M]  drivers/net/wireless/intel/iwlwifi/iwl-phy-db.o
  CC [M]  drivers/net/dsa/mv88e6xxx/serdes.o
  CC [M]  drivers/net/wireless/marvell/mwifiex/usb.o
  CC [M]  drivers/usb/gadget/udc/net2280.o
  CC [M]  drivers/gpu/drm/nouveau/nvkm/subdev/i2c/g94.o
  CC [M]  drivers/net/can/m_can/tcan4x5x-regmap.o
  CC [M]  drivers/net/ethernet/intel/ixgbe/ixgbe_main.o
  CC [M]  drivers/hwmon/gl518sm.o
  CC [M]  drivers/net/wireless/mediatek/mt76/trace.o
  CC [M]  drivers/net/usb/pegasus.o
  CC [M]  drivers/net/dsa/mv88e6xxx/smi.o
  CC [M]  drivers/net/wireless/ralink/rt2x00/rt2400pci.o
  CC [M]  drivers/usb/gadget/legacy/hid.o
  CC [M]  net/sctp/primitive.o
  CC [M]  net/tipc/subscr.o
  CC [M]  drivers/gpu/drm/amd/amdgpu/gfx_v9_4_2.o
  CC [M]  drivers/media/usb/ttusb-dec/ttusbdecfe.o
  CC [M]  drivers/net/hyperv/netvsc.o
  CC [M]  drivers/net/fjes/fjes_ethtool.o
  CC [M]  drivers/media/usb/as102/as102_fw.o
  CC [M]  drivers/gpu/drm/i915/display/intel_dpll_mgr.o
  LD [M]  drivers/net/vmxnet3/vmxnet3.o
  CC [M]  drivers/net/wwan/iosm/iosm_ipc_pcie.o
  CC [M]  drivers/scsi/scsi_transport_spi.o
  CC [M]  net/sctp/output.o
  LD [M]  drivers/media/pci/smipcie/smipcie.o
  AR      drivers/media/pci/netup_unidvb/built-in.a
  CC [M]  drivers/media/pci/netup_unidvb/netup_unidvb_core.o
  CC [M]  drivers/usb/gadget/function/f_phonet.o
  CC [M]  drivers/gpu/drm/nouveau/nvkm/subdev/i2c/gf117.o
  CC [M]  drivers/usb/gadget/legacy/dbgp.o
  CC [M]  drivers/net/xen-netback/hash.o
  CC [M]  net/mac80211/wep.o
  CC [M]  net/mac80211/aead_api.o
  LD [M]  drivers/net/can/m_can/tcan4x5x.o
  CC [M]  net/tipc/monitor.o
  CC [M]  drivers/net/can/peak_canfd/peak_pciefd_main.o
  CC [M]  drivers/hwmon/gl520sm.o
  CC [M]  net/rds/recv.o
  CC [M]  drivers/net/dsa/mv88e6xxx/switchdev.o
  CC [M]  drivers/gpu/drm/amd/amdgpu/gfx_v9_4_3.o
  CC [M]  drivers/net/wireless/intel/iwlwifi/iwl-nvm-parse.o
  CC [M]  drivers/media/usb/as102/as10x_cmd.o
  CC [M]  drivers/net/fjes/fjes_trace.o
  CC [M]  drivers/net/usb/rtl8150.o
  CC [M]  drivers/usb/gadget/legacy/nokia.o
  LD [M]  drivers/net/wireless/marvell/mwifiex/mwifiex.o
  CC [M]  drivers/gpu/drm/nouveau/nvkm/subdev/i2c/gf119.o
  CC [M]  drivers/net/wwan/iosm/iosm_ipc_irq.o
  CC [M]  drivers/usb/gadget/function/f_eem.o
  LD [M]  drivers/net/wireless/marvell/mwifiex/mwifiex_sdio.o
  CC [M]  drivers/net/thunderbolt/main.o
  CC [M]  fs/xfs/libxfs/xfs_inode_buf.o
  LD [M]  drivers/net/wireless/marvell/mwifiex/mwifiex_pcie.o
  CC [M]  drivers/usb/gadget/udc/snps_udc_core.o
  LD [M]  drivers/net/wireless/marvell/mwifiex/mwifiex_usb.o
  CC [M]  drivers/net/can/peak_canfd/peak_canfd.o
  CC [M]  drivers/net/hyperv/rndis_filter.o
  CC [M]  drivers/net/wireless/mediatek/mt76/dma.o
  CC [M]  drivers/net/hyperv/netvsc_trace.o
  CC [M]  net/sctp/input.o
  CC [M]  drivers/media/pci/netup_unidvb/netup_unidvb_i2c.o
  CC [M]  drivers/net/fjes/fjes_debugfs.o
  CC [M]  drivers/net/wireless/ralink/rt2x00/rt2500pci.o
  CC [M]  drivers/net/xen-netback/rx.o
  CC [M]  net/mac80211/wpa.o
  CC [M]  drivers/media/usb/as102/as10x_cmd_stream.o
  CC [M]  drivers/net/dsa/mv88e6xxx/trace.o
  CC [M]  drivers/hwmon/hih6130.o
  CC [M]  drivers/net/wwan/iosm/iosm_ipc_chnl_cfg.o
  CC [M]  net/tipc/name_table.o
  CC [M]  drivers/scsi/scsi_transport_fc.o
  CC [M]  drivers/gpu/drm/nouveau/nvkm/subdev/i2c/gk104.o
  CC [M]  drivers/net/dsa/mv88e6xxx/hwtstamp.o
  CC [M]  drivers/net/wireless/ath/ath11k/mac.o
  CC [M]  drivers/usb/gadget/legacy/webcam.o
  CC [M]  drivers/net/usb/r8152.o
  CC [M]  drivers/usb/gadget/function/f_subset.o
  CC [M]  fs/xfs/libxfs/xfs_log_rlimit.o
  CC [M]  drivers/media/pci/netup_unidvb/netup_unidvb_ci.o
  CC [M]  net/smc/af_smc.o
  CC [M]  drivers/md/raid5-cache.o
  LD [M]  drivers/net/can/peak_canfd/peak_pciefd.o
  LD [M]  drivers/net/fjes/fjes.o
  CC [M]  drivers/net/can/sja1000/ems_pci.o
  CC [M]  drivers/media/usb/as102/as102_usb_drv.o
  CC [M]  drivers/net/can/sja1000/ems_pcmcia.o
  CC [M]  drivers/net/wwan/iosm/iosm_ipc_protocol.o
  CC [M]  drivers/hwmon/i5500_temp.o
  CC [M]  drivers/gpu/drm/nouveau/nvkm/subdev/i2c/gk110.o
  AR      drivers/media/pci/intel/ipu3/built-in.a
  CC [M]  drivers/usb/gadget/legacy/ncm.o
  CC [M]  drivers/media/pci/bt8xx/bttv-driver.o
  CC [M]  drivers/media/pci/intel/ipu3/ipu3-cio2.o
  LD [M]  drivers/net/xen-netback/xen-netback.o
  CC [M]  net/rds/send.o
  CC [M]  drivers/net/hyperv/netvsc_bpf.o
  CC [M]  drivers/media/pci/cobalt/cobalt-driver.o
  CC [M]  drivers/gpu/drm/i915/display/intel_dpt.o
  CC [M]  drivers/net/thunderbolt/trace.o
  CC [M]  drivers/net/wireless/intel/iwlwifi/pcie/drv.o
  CC [M]  net/mac80211/scan.o
  CC [M]  drivers/usb/gadget/function/f_rndis.o
  CC [M]  drivers/media/pci/netup_unidvb/netup_unidvb_spi.o
  CC [M]  drivers/net/dsa/mv88e6xxx/ptp.o
  CC [M]  drivers/hwmon/i5k_amb.o
  CC [M]  drivers/net/wwan/iosm/iosm_ipc_protocol_ops.o
  CC [M]  net/sctp/debug.o
  CC [M]  net/tipc/net.o
  CC [M]  drivers/usb/gadget/udc/amd5536udc_pci.o
  CC [M]  drivers/net/wireless/mediatek/mt76/mac80211.o
  CC [M]  drivers/media/usb/as102/as10x_cmd_cfg.o
  CC [M]  drivers/gpu/drm/nouveau/nvkm/subdev/i2c/gm200.o
  CC [M]  drivers/media/pci/cobalt/cobalt-irq.o
  CC [M]  drivers/net/can/sja1000/f81601.o
  CC [M]  drivers/usb/gadget/legacy/acm_ms.o
  CC [M]  drivers/net/wireless/ralink/rt2x00/rt61pci.o
  LD [M]  drivers/net/thunderbolt/thunderbolt_net.o
  LD [M]  drivers/net/hyperv/hv_netvsc.o
  CC [M]  drivers/usb/gadget/function/rndis.o
  CC [M]  drivers/media/pci/cx18/cx18-driver.o
  CC [M]  drivers/usb/gadget/legacy/tcm_usb_gadget.o
  CC [M]  drivers/usb/gadget/udc/pxa27x_udc.o
  LD [M]  drivers/media/pci/netup_unidvb/netup-unidvb.o
  CC [M]  drivers/gpu/drm/i915/display/intel_drrs.o
  CC [M]  fs/xfs/libxfs/xfs_ag_resv.o
  CC [M]  net/sctp/stream.o
  CC [M]  net/9p/mod.o
  CC [M]  drivers/net/wireless/intel/iwlwifi/pcie/rx.o
  CC [M]  drivers/hwmon/ibmaem.o
  CC [M]  drivers/net/wwan/iosm/iosm_ipc_mux.o
  CC [M]  drivers/gpu/drm/nouveau/nvkm/subdev/i2c/pad.o
  LD [M]  drivers/media/usb/as102/dvb-as102.o
  AR      drivers/media/pci/intel/ivsc/built-in.a
  CC [M]  drivers/hwmon/ibmpex.o
  CC [M]  drivers/media/usb/airspy/airspy.o
  CC [M]  drivers/media/pci/intel/ivsc/mei_csi.o
  CC [M]  drivers/media/pci/bt8xx/bttv-cards.o
  LD [M]  drivers/net/dsa/mv88e6xxx/mv88e6xxx.o
  CC [M]  net/tipc/netlink.o
  CC [M]  drivers/media/pci/cobalt/cobalt-v4l2.o
  CC [M]  drivers/net/can/sja1000/kvaser_pci.o
  CC [M]  drivers/net/dsa/ocelot/felix.o
  CC [M]  drivers/net/wireless/ath/ath11k/reg.o
  CC [M]  drivers/usb/gadget/legacy/raw_gadget.o
  CC [M]  drivers/md/raid5-ppl.o
  CC [M]  drivers/net/wwan/iosm/iosm_ipc_mux_codec.o
  CC [M]  drivers/scsi/scsi_transport_iscsi.o
  CC [M]  drivers/usb/gadget/function/f_mass_storage.o
  CC [M]  net/9p/client.o
  CC [M]  net/rds/stats.o
  CC [M]  drivers/gpu/drm/nouveau/nvkm/subdev/i2c/padnv04.o
  CC [M]  drivers/hwmon/iio_hwmon.o
  CC [M]  drivers/gpu/drm/amd/amdgpu/gfx_v10_0.o
  CC [M]  drivers/media/pci/intel/ivsc/mei_ace.o
  CC [M]  drivers/gpu/drm/i915/display/intel_dsb.o
  CC [M]  net/tipc/netlink_compat.o
  CC [M]  drivers/net/usb/hso.o
  CC [M]  drivers/usb/gadget/udc/goku_udc.o
  CC [M]  net/sctp/auth.o
  CC [M]  drivers/media/usb/gspca/m5602/m5602_core.o
  CC [M]  drivers/net/can/sja1000/peak_pci.o
  CC [M]  drivers/hwmon/ina209.o
  CC [M]  drivers/media/pci/bt8xx/bttv-if.o
  CC [M]  drivers/gpu/drm/nouveau/nvkm/subdev/i2c/padnv4e.o
  CC [M]  drivers/media/pci/cobalt/cobalt-i2c.o
  CC [M]  drivers/media/pci/cx18/cx18-cards.o
  CC [M]  drivers/net/wireless/mediatek/mt76/debugfs.o
  CC [M]  drivers/net/netdevsim/netdev.o
  CC [M]  net/mac80211/offchannel.o
  LD [M]  drivers/media/pci/intel/ivsc/ivsc-csi.o
  CC [M]  drivers/net/ethernet/intel/ixgbe/ixgbe_common.o
  LD [M]  drivers/media/pci/intel/ivsc/ivsc-ace.o
  LD [M]  drivers/usb/gadget/legacy/g_zero.o
  AR      drivers/media/pci/intel/built-in.a
  LD [M]  drivers/usb/gadget/legacy/g_audio.o
  LD [M]  drivers/usb/gadget/legacy/g_ether.o
  LD [M]  drivers/usb/gadget/legacy/gadgetfs.o
  CC [M]  drivers/media/usb/gspca/m5602/m5602_ov9650.o
  CC [M]  drivers/md/md-multipath.o
  LD [M]  drivers/usb/gadget/legacy/g_mass_storage.o
  CC [M]  fs/xfs/libxfs/xfs_rmap.o
  LD [M]  drivers/usb/gadget/legacy/g_serial.o
  CC [M]  net/smc/smc_pnet.o
  CC [M]  drivers/net/wireless/intel/iwlwifi/pcie/tx.o
  LD [M]  drivers/usb/gadget/legacy/g_printer.o
  LD [M]  drivers/usb/gadget/legacy/g_midi.o
  CC [M]  drivers/net/wireless/ralink/rt2x00/rt2800pci.o
  CC [M]  drivers/net/wwan/iosm/iosm_ipc_devlink.o
  LD [M]  drivers/usb/gadget/legacy/g_cdc.o
  LD [M]  drivers/usb/gadget/legacy/g_hid.o
  LD [M]  drivers/usb/gadget/legacy/g_dbgp.o
  LD [M]  drivers/usb/gadget/legacy/g_nokia.o
  LD [M]  drivers/usb/gadget/legacy/g_webcam.o
  LD [M]  drivers/usb/gadget/legacy/g_ncm.o
  LD [M]  drivers/usb/gadget/legacy/g_acm_ms.o
  CC [M]  drivers/net/wireless/ralink/rt2x00/rt2500usb.o
  CC [M]  drivers/hwmon/ina2xx.o
  CC [M]  drivers/gpu/drm/nouveau/nvkm/subdev/i2c/padnv50.o
  CC [M]  drivers/usb/gadget/udc/r8a66597-udc.o
  CC [M]  drivers/gpu/drm/i915/display/intel_fb.o
  CC [M]  fs/xfs/libxfs/xfs_rmap_btree.o
  CC [M]  drivers/media/pci/cx18/cx18-i2c.o
  CC [M]  drivers/media/pci/cobalt/cobalt-omnitek.o
  CC [M]  drivers/net/wireless/ath/ath11k/htc.o
  CC [M]  net/rds/sysctl.o
  CC [M]  net/tipc/node.o
  CC [M]  net/sctp/offload.o
  CC [M]  drivers/md/md-faulty.o
  CC [M]  drivers/net/can/sja1000/peak_pcmcia.o
  CC [M]  drivers/media/usb/gspca/m5602/m5602_ov7660.o
  CC [M]  drivers/media/pci/bt8xx/bttv-risc.o
  CC [M]  drivers/net/wwan/iosm/iosm_ipc_flash.o
  CC [M]  drivers/net/dsa/ocelot/seville_vsc9953.o
  CC [M]  drivers/gpu/drm/drm_atomic_uapi.o
  CC [M]  drivers/net/netdevsim/dev.o
  CC [M]  drivers/usb/usbip/usbip_common.o
  CC [M]  drivers/gpu/drm/nouveau/nvkm/subdev/i2c/padg94.o
  CC [M]  drivers/hwmon/ina3221.o
  CC [M]  drivers/usb/gadget/function/storage_common.o
  CC [M]  drivers/net/wireless/mediatek/mt76/eeprom.o
  CC [M]  drivers/net/usb/lan78xx.o
  CC [M]  net/9p/error.o
  CC [M]  net/smc/smc_ib.o
  CC [M]  drivers/media/pci/cx18/cx18-firmware.o
  CC [M]  drivers/media/pci/cobalt/cobalt-flash.o
  CC [M]  drivers/md/md-cluster.o
  CC [M]  net/rds/threads.o
  CC [M]  drivers/media/usb/gspca/m5602/m5602_mt9m111.o
  CC [M]  net/sctp/stream_sched.o
  CC [M]  drivers/gpu/drm/nouveau/nvkm/subdev/i2c/padgf119.o
  CC [M]  drivers/net/wwan/iosm/iosm_ipc_coredump.o
  CC [M]  drivers/net/can/sja1000/plx_pci.o
  CC [M]  drivers/usb/gadget/udc/pch_udc.o
  CC [M]  drivers/net/wireless/ath/ath11k/qmi.o
  CC [M]  net/9p/protocol.o
  CC [M]  drivers/net/ethernet/intel/ixgbe/ixgbe_ethtool.o
  CC [M]  drivers/media/pci/bt8xx/bttv-vbi.o
  CC [M]  drivers/net/wireless/ralink/rt2x00/rt73usb.o
  CC [M]  drivers/net/wireless/intel/iwlwifi/pcie/trans.o
  CC [M]  drivers/hwmon/it87.o
  CC [M]  net/mac80211/ht.o
  LD [M]  drivers/net/dsa/ocelot/mscc_felix_dsa_lib.o
  LD [M]  drivers/net/dsa/ocelot/mscc_seville.o
  CC [M]  drivers/net/dsa/qca/ar9331.o
  CC [M]  drivers/media/pci/cobalt/cobalt-cpld.o
  CC [M]  drivers/usb/gadget/function/f_fs.o
  CC [M]  drivers/gpu/drm/i915/display/intel_fb_pin.o
  CC [M]  drivers/media/pci/cx18/cx18-gpio.o
  CC      drivers/net/loopback.o
  CC [M]  drivers/net/netdevsim/ethtool.o
  CC [M]  drivers/gpu/drm/nouveau/nvkm/subdev/i2c/padgm200.o
  CC [M]  net/caif/caif_dev.o
  CC [M]  drivers/media/usb/gspca/m5602/m5602_po1030.o
  CC [M]  drivers/net/wwan/iosm/iosm_ipc_debugfs.o
  CC [M]  drivers/usb/usbip/usbip_event.o
  CC [M]  drivers/md/dm-unstripe.o
  CC [M]  drivers/net/wireless/mediatek/mt76/tx.o
  CC [M]  fs/xfs/libxfs/xfs_refcount.o
  CC [M]  drivers/net/can/sja1000/sja1000.o
  CC [M]  net/smc/smc_clc.o
  CC [M]  drivers/media/pci/bt8xx/bttv-i2c.o
  CC [M]  net/sctp/stream_sched_prio.o
  CC [M]  net/9p/trans_common.o
  CC [M]  net/tipc/socket.o
  CC [M]  drivers/media/pci/cobalt/cobalt-alsa-main.o
  CC [M]  net/rds/transport.o
  CC [M]  drivers/usb/gadget/udc/mv_udc_core.o
  CC [M]  drivers/gpu/drm/nouveau/nvkm/subdev/i2c/bus.o
  CC [M]  drivers/md/dm-bufio.o
  CC [M]  drivers/net/dsa/qca/qca8k-common.o
  CC [M]  drivers/net/wwan/iosm/iosm_ipc_trace.o
  CC [M]  drivers/media/usb/gspca/m5602/m5602_s5k83a.o
  CC [M]  drivers/gpu/drm/i915/display/intel_fbc.o
  CC [M]  drivers/net/netdevsim/fib.o
  CC [M]  drivers/scsi/scsi_transport_sas.o
  CC [M]  drivers/usb/usbip/vhci_sysfs.o
  CC [M]  drivers/media/pci/bt8xx/bttv-gpio.o
  CC [M]  drivers/media/pci/cx18/cx18-queue.o
  CC [M]  drivers/hwmon/jc42.o
  CC [M]  drivers/net/wwan/wwan_core.o
  CC [M]  drivers/gpu/drm/amd/amdgpu/imu_v11_0.o
  CC [M]  drivers/net/usb/asix_devices.o
  CC [M]  drivers/media/pci/cobalt/cobalt-alsa-pcm.o
  CC [M]  net/9p/trans_fd.o
  CC [M]  drivers/net/wireless/ralink/rt2x00/rt2800usb.o
  CC [M]  drivers/net/ethernet/intel/ixgbe/ixgbe_82599.o
  CC [M]  net/sctp/stream_sched_rr.o
  CC [M]  drivers/net/wireless/ath/ath11k/dp.o
  CC [M]  drivers/gpu/drm/nouveau/nvkm/subdev/i2c/busnv04.o
  CC [M]  net/mac80211/agg-tx.o
  CC [M]  net/caif/cfcnfg.o
  LD [M]  drivers/net/wwan/iosm/iosm.o
  CC [M]  drivers/media/usb/gspca/m5602/m5602_s5k4aa.o
  CC [M]  drivers/net/can/sja1000/sja1000_isa.o
  CC [M]  drivers/usb/usbip/vhci_tx.o
  CC      drivers/cpufreq/cpufreq.o
  CC [M]  net/smc/smc_core.o
  CC [M]  drivers/net/wireless/mediatek/mt76/agg-rx.o
  CC [M]  drivers/usb/gadget/function/u_audio.o
  CC [M]  drivers/hwmon/k8temp.o
  CC [M]  drivers/net/dsa/qca/qca8k-8xxx.o
  CC [M]  drivers/media/pci/cx18/cx18-streams.o
  CC [M]  drivers/usb/gadget/udc/mv_u3d_core.o
  LD [M]  drivers/media/pci/cobalt/cobalt.o
  CC [M]  drivers/net/wireless/intel/iwlwifi/pcie/ctxt-info.o
  CC [M]  net/rds/loop.o
  CC [M]  drivers/net/wireless/mediatek/mt76/mcu.o
  CC [M]  drivers/gpu/drm/amd/amdgpu/gfx_v11_0.o
  CC [M]  net/sctp/stream_sched_fc.o
  CC [M]  drivers/gpu/drm/nouveau/nvkm/subdev/i2c/busnv4e.o
  CC [M]  drivers/net/usb/asix_common.o
  CC [M]  fs/xfs/libxfs/xfs_refcount_btree.o
  CC [M]  drivers/usb/usbip/vhci_rx.o
  CC [M]  drivers/media/pci/bt8xx/bttv-input.o
  CC [M]  net/9p/trans_xen.o
  CC [M]  drivers/md/dm-bio-prison-v1.o
  LD [M]  drivers/net/wireless/ralink/rt2x00/rt2x00lib.o
  LD [M]  drivers/media/usb/gspca/m5602/gspca_m5602.o
  CC [M]  drivers/hwmon/k10temp.o
  CC      drivers/cpufreq/freq_table.o
  CC [M]  drivers/net/can/sja1000/sja1000_platform.o
  CC [M]  drivers/media/usb/gspca/stv06xx/stv06xx.o
  CC [M]  drivers/net/wwan/wwan_hwsim.o
  CC [M]  drivers/gpu/drm/i915/display/intel_fdi.o
  CC [M]  drivers/net/netdevsim/bus.o
  CC [M]  drivers/scsi/scsi_transport_srp.o
  CC [M]  drivers/net/ethernet/intel/ixgbe/ixgbe_82598.o
  CC [M]  net/caif/cfmuxl.o
  CC [M]  drivers/usb/usbip/vhci_hcd.o
  CC [M]  drivers/gpu/drm/nouveau/nvkm/subdev/i2c/busnv50.o
  CC [M]  drivers/net/wireless/intel/iwlwifi/pcie/ctxt-info-gen3.o
  CC [M]  net/rds/page.o
  CC [M]  drivers/media/pci/bt8xx/bttv-audio-hook.o
  CC [M]  drivers/usb/gadget/udc/gr_udc.o
  CC [M]  net/sctp/stream_interleave.o
  CC [M]  drivers/hwmon/lineage-pem.o
  CC [M]  net/9p/trans_virtio.o
  LD [M]  drivers/net/dsa/qca/qca8k.o
  CC [M]  drivers/net/wireless/ath/ath11k/dp_tx.o
  CC [M]  drivers/gpu/drm/amd/amdgpu/gfx_v11_0_3.o
  CC [M]  drivers/gpu/drm/amd/amdgpu/imu_v11_0_3.o
  CC [M]  drivers/usb/gadget/function/f_uac1.o
  CC [M]  drivers/net/dsa/sja1105/sja1105_spi.o
  CC [M]  drivers/net/usb/ax88172a.o
  CC [M]  drivers/media/usb/gspca/stv06xx/stv06xx_vv6410.o
  CC [M]  drivers/net/wwan/mhi_wwan_ctrl.o
  CC [M]  drivers/net/can/vcan.o
  CC [M]  drivers/media/pci/cx18/cx18-fileops.o
  CC [M]  drivers/md/dm-bio-prison-v2.o
  CC [M]  net/caif/cfctrl.o
  CC [M]  drivers/net/wireless/mediatek/mt76/pci.o
  CC [M]  drivers/gpu/drm/nouveau/nvkm/subdev/i2c/busgf119.o
  CC [M]  drivers/net/netdevsim/health.o
  CC [M]  net/mac80211/agg-rx.o
  CC [M]  drivers/net/ethernet/intel/ixgbe/ixgbe_phy.o
  CC [M]  drivers/media/pci/bt8xx/btcx-risc.o
  CC [M]  drivers/scsi/libiscsi.o
  CC [M]  drivers/hwmon/lm63.o
  CC [M]  fs/xfs/libxfs/xfs_sb.o
  CC [M]  drivers/usb/usbip/stub_dev.o
  CC      drivers/cpufreq/cpufreq_stats.o
  CC [M]  net/tipc/eth_media.o
  CC [M]  drivers/gpu/drm/i915/display/intel_fifo_underrun.o
  CC [M]  net/caif/cffrml.o
  CC [M]  net/smc/smc_wr.o
  CC [M]  drivers/net/wireless/intel/iwlwifi/pcie/trans-gen2.o
  CC [M]  drivers/net/usb/ax88179_178a.o
  CC [M]  drivers/net/ethernet/intel/ixgbe/ixgbe_sriov.o
  CC [M]  drivers/media/usb/gspca/stv06xx/stv06xx_hdcs.o
  CC [M]  drivers/net/wwan/mhi_wwan_mbim.o
  CC [M]  drivers/hwmon/lm70.o
  CC [M]  drivers/usb/gadget/udc/max3420_udc.o
  CC [M]  net/9p/trans_rdma.o
  CC [M]  drivers/gpu/drm/nouveau/nvkm/subdev/i2c/bit.o
  CC [M]  drivers/net/dsa/sja1105/sja1105_main.o
  CC [M]  drivers/net/can/vxcan.o
  CC [M]  drivers/usb/gadget/function/f_uac1_legacy.o
  CC [M]  drivers/media/pci/bt8xx/bt878.o
  CC      drivers/cpufreq/cpufreq_performance.o
  CC [M]  drivers/md/dm-crypt.o
  CC [M]  net/sctp/proc.o
  CC [M]  drivers/usb/usbip/stub_main.o
  CC [M]  drivers/net/netdevsim/hwstats.o
  CC [M]  drivers/net/wireless/ath/ath11k/dp_rx.o
  CC [M]  net/tipc/topsrv.o
  CC [M]  net/rds/rdma.o
  CC [M]  net/caif/cfveil.o
  CC      drivers/cpufreq/cpufreq_powersave.o
  LD [M]  net/9p/9pnet.o
  CC [M]  drivers/hwmon/lm73.o
  CC [M]  drivers/media/usb/hackrf/hackrf.o
  CC [M]  fs/xfs/libxfs/xfs_symlink_remote.o
  CC [M]  drivers/media/pci/cx18/cx18-ioctl.o
  CC [M]  drivers/net/wireless/mediatek/mt76/usb.o
  CC [M]  drivers/media/usb/gspca/stv06xx/stv06xx_pb0100.o
  CC [M]  drivers/gpu/drm/nouveau/nvkm/subdev/i2c/aux.o
  CC [M]  net/caif/cfdbgl.o
  CC [M]  drivers/net/wwan/rpmsg_wwan_ctrl.o
  CC [M]  drivers/gpu/drm/i915/display/intel_frontbuffer.o
  CC [M]  drivers/net/wireless/intel/iwlwifi/pcie/tx-gen2.o
  CC [M]  drivers/net/usb/cdc_ether.o
  CC      drivers/cpufreq/cpufreq_userspace.o
  CC [M]  drivers/net/can/janz-ican3.o
  CC [M]  net/smc/smc_llc.o
  CC [M]  drivers/usb/gadget/function/u_uac1_legacy.o
  CC [M]  drivers/usb/usbip/stub_rx.o
  CC [M]  net/sctp/sysctl.o
  LD [M]  drivers/usb/gadget/udc/udc-core.o
  LD [M]  net/9p/9pnet_fd.o
  LD [M]  drivers/usb/gadget/udc/mv_udc.o
  LD [M]  net/9p/9pnet_xen.o
  LD [M]  net/9p/9pnet_virtio.o
  CC [M]  net/tipc/group.o
  LD [M]  net/9p/9pnet_rdma.o
  CC [M]  net/caif/cfserl.o
  CC [M]  net/mac80211/vht.o
  CC [M]  drivers/net/dsa/xrs700x/xrs700x.o
  CC [M]  drivers/hwmon/lm75.o
  CC      drivers/cpufreq/cpufreq_ondemand.o
  CC [M]  fs/xfs/libxfs/xfs_trans_inode.o
  CC [M]  drivers/media/pci/bt8xx/dvb-bt8xx.o
  CC [M]  drivers/net/netdevsim/udp_tunnels.o
  CC [M]  drivers/media/usb/gspca/stv06xx/stv06xx_st6422.o
  CC [M]  drivers/net/dsa/xrs700x/xrs700x_i2c.o
  CC [M]  drivers/gpu/drm/nouveau/nvkm/subdev/i2c/auxg94.o
  CC [M]  drivers/net/ethernet/intel/ixgbe/ixgbe_mbx.o
  CC [M]  net/caif/cfdgml.o
  CC [M]  net/caif/cfrfml.o
  LD [M]  drivers/net/wwan/wwan.o
  CC [M]  drivers/net/dsa/xrs700x/xrs700x_mdio.o
  CC [M]  net/rds/rdma_transport.o
  CC [M]  drivers/usb/gadget/function/f_uac2.o
  CC [M]  drivers/media/pci/cx18/cx18-controls.o
  CC [M]  drivers/usb/usbip/stub_tx.o
  CC [M]  fs/xfs/libxfs/xfs_trans_resv.o
  CC [M]  drivers/media/usb/msi2500/msi2500.o
  CC [M]  net/sctp/ipv6.o
  CC [M]  net/caif/cfvidl.o
  CC [M]  drivers/gpu/drm/i915/display/intel_global_state.o
  CC [M]  drivers/net/wireless/intel/iwlwifi/iwl-dbg-tlv.o
  CC [M]  drivers/net/netdevsim/bpf.o
  CC [M]  drivers/hwmon/lm77.o
  CC [M]  drivers/net/dsa/sja1105/sja1105_mdio.o
  CC [M]  drivers/net/can/kvaser_pciefd.o
  AR      drivers/media/spi/built-in.a
  CC [M]  drivers/media/spi/cxd2880-spi.o
  CC [M]  drivers/net/usb/cdc_eem.o
  LD [M]  drivers/media/usb/gspca/stv06xx/gspca_stv06xx.o
  CC [M]  net/caif/cfutill.o
  CC [M]  drivers/gpu/drm/nouveau/nvkm/subdev/i2c/auxgf119.o
  CC [M]  net/tipc/trace.o
  CC [M]  drivers/media/usb/gspca/gl860/gl860.o
  CC [M]  drivers/media/pci/bt8xx/dst.o
  CC      drivers/cpufreq/cpufreq_conservative.o
  CC [M]  drivers/media/spi/gs1662.o
  CC [M]  drivers/gpu/drm/drm_auth.o
  CC [M]  drivers/usb/usbip/vudc_dev.o
  CC [M]  drivers/net/ethernet/intel/ixgbe/ixgbe_x540.o
  CC [M]  drivers/media/pci/cx18/cx18-mailbox.o
  CC [M]  drivers/md/dm-delay.o
  CC [M]  net/caif/cfsrvl.o
  CC [M]  drivers/scsi/libiscsi_tcp.o
  CC [M]  drivers/net/wireless/mediatek/mt76/usb_trace.o
  CC [M]  net/rds/ib.o
  CC [M]  drivers/gpu/drm/amd/amdgpu/amdgpu_sdma.o
  CC [M]  fs/xfs/libxfs/xfs_types.o
  CC [M]  drivers/hwmon/lm78.o
  CC      drivers/cpufreq/cpufreq_governor.o
  CC [M]  drivers/usb/gadget/function/f_uvc.o
  CC [M]  net/smc/smc_cdc.o
  CC [M]  drivers/gpu/drm/nouveau/nvkm/subdev/i2c/auxgm200.o
  CC [M]  drivers/gpu/drm/i915/display/intel_hdcp.o
  CC [M]  drivers/net/ethernet/intel/ixgbe/ixgbe_x550.o
  CC [M]  fs/xfs/libxfs/xfs_rtbitmap.o
  CC [M]  drivers/gpu/drm/nouveau/nvkm/subdev/i2c/anx9805.o
  CC [M]  drivers/net/usb/dm9601.o
  CC [M]  drivers/net/dsa/sja1105/sja1105_flower.o
  CC      drivers/net/tun.o
  CC [M]  net/mac80211/he.o
  CC [M]  drivers/media/usb/gspca/gl860/gl860-mi1320.o
  CC [M]  drivers/net/netdevsim/ipsec.o
  CC [M]  drivers/usb/usbip/vudc_sysfs.o
  CC [M]  drivers/md/dm-flakey.o
  CC [M]  net/sctp/diag.o
  CC [M]  drivers/net/wireless/ath/ath11k/debug.o
  CC [M]  drivers/media/pci/cx23885/cx23885-cards.o
  CC [M]  drivers/media/pci/cx25821/cx25821-core.o
  CC [M]  drivers/media/pci/cx25821/cx25821-cards.o
  CC [M]  drivers/media/pci/cx18/cx18-vbi.o
  CC [M]  drivers/usb/usbip/vudc_tx.o
  CC [M]  drivers/net/wireless/mediatek/mt76/sdio.o
  CC [M]  drivers/gpu/drm/amd/amdgpu/sdma_v2_4.o
  CC [M]  drivers/hwmon/lm80.o
  CC [M]  drivers/media/pci/cx88/cx88-cards.o
  CC [M]  net/rds/ib_cm.o
  CC [M]  net/caif/cfpkt_skbuff.o
  CC      drivers/cpufreq/cpufreq_governor_attr_set.o
  CC [M]  fs/xfs/xfs_aops.o
  CC [M]  drivers/net/wireless/intel/iwlwifi/iwl-trans.o
  CC [M]  drivers/gpu/drm/nouveau/nvkm/subdev/iccsense/base.o
  CC [M]  drivers/net/usb/sr9700.o
  CC [M]  drivers/usb/gadget/function/uvc_queue.o
  CC [M]  net/tipc/udp_media.o
  CC [M]  drivers/media/pci/bt8xx/dst_ca.o
  CC [M]  net/smc/smc_tx.o
  CC [M]  net/mac80211/s1g.o
  CC [M]  drivers/md/dm-path-selector.o
  CC [M]  drivers/net/wireless/intel/iwlwifi/queue/tx.o
  CC [M]  drivers/media/usb/gspca/gl860/gl860-ov2640.o
  CC [M]  drivers/net/wireless/mediatek/mt76/sdio_txrx.o
  CC [M]  drivers/net/dsa/sja1105/sja1105_ethtool.o
  CC [M]  drivers/net/netdevsim/psample.o
  LD [M]  net/sctp/sctp.o
  CC [M]  drivers/media/pci/cx23885/cx23885-video.o
  CC [M]  drivers/media/pci/cx18/cx18-audio.o
  LD [M]  net/sctp/sctp_diag.o
  CC [M]  drivers/usb/usbip/vudc_rx.o
  CC [M]  drivers/hwmon/lm83.o
  CC [M]  drivers/usb/typec/altmodes/displayport.o
  CC [M]  drivers/net/ethernet/intel/ixgbe/ixgbe_lib.o
  CC      drivers/cpufreq/acpi-cpufreq.o
  CC [M]  drivers/gpu/drm/nouveau/nvkm/subdev/iccsense/gf100.o
  CC [M]  drivers/scsi/iscsi_tcp.o
  CC [M]  drivers/usb/gadget/function/uvc_v4l2.o
  CC [M]  drivers/net/usb/sr9800.o
  CC [M]  net/caif/chnl_net.o
  CC [M]  drivers/gpu/drm/i915/display/intel_hdcp_gsc.o
  CC [M]  drivers/net/wireless/ath/ath11k/ce.o
  CC [M]  drivers/media/usb/gspca/gl860/gl860-ov9655.o
  CC [M]  drivers/gpu/drm/amd/amdgpu/sdma_v3_0.o
  CC [M]  drivers/media/pci/cx25821/cx25821-i2c.o
  CC [M]  drivers/md/dm-mpath.o
  CC [M]  net/tipc/ib_media.o
  CC [M]  drivers/net/dsa/sja1105/sja1105_devlink.o
  CC [M]  drivers/media/pci/cx18/cx18-video.o
  CC [M]  drivers/usb/typec/tcpm/tcpm.o
  CC [M]  net/rds/ib_recv.o
  CC [M]  drivers/media/pci/cx88/cx88-core.o
  CC [M]  net/mac80211/ibss.o
  CC [M]  drivers/hwmon/lm85.o
  CC [M]  drivers/net/netdevsim/macsec.o
  CC [M]  drivers/usb/usbip/vudc_transfer.o
  CC [M]  drivers/gpu/drm/amd/amdgpu/sdma_v4_0.o
  CC [M]  drivers/gpu/drm/nouveau/nvkm/subdev/instmem/base.o
  CC [M]  net/smc/smc_rx.o
  LD [M]  drivers/media/pci/bt8xx/bttv.o
  CC      drivers/cpufreq/amd-pstate.o
  CC [M]  drivers/usb/gadget/function/uvc_video.o
  CC [M]  fs/xfs/xfs_attr_inactive.o
  CC [M]  drivers/media/pci/cx23885/cx23885-vbi.o
  CC [M]  drivers/gpu/drm/amd/amdgpu/sdma_v4_4.o
  CC [M]  drivers/usb/typec/altmodes/nvidia.o
  CC [M]  drivers/media/usb/gspca/gl860/gl860-mi2020.o
  CC [M]  net/caif/caif_socket.o
  CC [M]  net/tipc/sysctl.o
  CC [M]  drivers/net/ethernet/intel/ixgbe/ixgbe_ptp.o
  CC [M]  drivers/media/pci/cx18/cx18-irq.o
  CC [M]  drivers/net/wireless/intel/iwlwifi/fw/img.o
  CC [M]  drivers/net/usb/smsc75xx.o
  CC [M]  drivers/media/pci/cx25821/cx25821-gpio.o
  CC [M]  drivers/net/wireless/mediatek/mt76/mt76x02_util.o
  CC [M]  drivers/usb/usbip/vudc_main.o
  CC [M]  drivers/gpu/drm/i915/display/intel_hotplug.o
  LD [M]  drivers/usb/typec/altmodes/typec_displayport.o
  CC [M]  drivers/scsi/iscsi_boot_sysfs.o
  LD [M]  drivers/usb/typec/altmodes/typec_nvidia.o
  CC [M]  drivers/net/wireless/ath/ath11k/peer.o
  CC [M]  drivers/net/dsa/sja1105/sja1105_clocking.o
  CC [M]  drivers/gpu/drm/nouveau/nvkm/subdev/instmem/nv04.o
  CC [M]  fs/xfs/xfs_attr_list.o
  CC [M]  drivers/md/dm-ps-round-robin.o
  CC [M]  drivers/media/pci/cx18/cx18-av-core.o
  LD [M]  drivers/net/netdevsim/netdevsim.o
  CC [M]  drivers/media/pci/cx23885/cx23885-core.o
  CC [M]  drivers/net/usb/smsc95xx.o
  CC [M]  drivers/hwmon/lm87.o
  CC [M]  drivers/net/wireless/ath/main.o
  LD [M]  drivers/media/usb/gspca/gl860/gspca_gl860.o
  LD [M]  drivers/usb/usbip/usbip-core.o
  CC [M]  drivers/usb/gadget/function/uvc_configfs.o
  CC [M]  drivers/media/usb/gspca/gspca.o
  CC [M]  net/rds/ib_ring.o
  LD [M]  drivers/usb/usbip/vhci-hcd.o
  LD [M]  drivers/usb/usbip/usbip-host.o
  CC [M]  drivers/media/test-drivers/vicodec/vicodec-core.o
  LD [M]  drivers/usb/usbip/usbip-vudc.o
  CC      drivers/cpufreq/amd-pstate-trace.o
  CC [M]  net/smc/smc_close.o
  CC [M]  drivers/media/dvb-frontends/cxd2880/cxd2880_common.o
  CC [M]  drivers/media/mc/mc-device.o
  CC [M]  drivers/net/ethernet/intel/ixgbevf/vf.o
  CC [M]  drivers/scsi/advansys.o
  CC [M]  net/tipc/crypto.o
  CC [M]  drivers/media/pci/cx88/cx88-i2c.o
  CC [M]  drivers/media/dvb-frontends/cxd2880/cxd2880_devio_spi.o
  CC [M]  drivers/gpu/drm/amd/amdgpu/sdma_v4_4_2.o
  CC [M]  drivers/gpu/drm/nouveau/nvkm/subdev/instmem/nv40.o
  CC [M]  drivers/net/wireless/intel/iwlwifi/fw/notif-wait.o
  CC [M]  drivers/md/dm-ps-queue-length.o
  CC [M]  drivers/media/pci/cx25821/cx25821-medusa-video.o
  CC [M]  drivers/net/ethernet/intel/ixgbe/ixgbe_xsk.o
  CC      drivers/cpufreq/powernow-k8.o
  CC [M]  drivers/media/dvb-frontends/cxd2880/cxd2880_integ.o
  CC [M]  drivers/net/dsa/sja1105/sja1105_static_config.o
  CC [M]  drivers/gpu/drm/i915/display/intel_hotplug_irq.o
  CC [M]  drivers/net/wireless/ath/ath11k/dbring.o
  CC [M]  net/mac80211/iface.o
  CC [M]  net/caif/caif_usb.o
  CC [M]  drivers/net/wireless/ath/regd.o
  CC [M]  drivers/hwmon/lm90.o
  CC [M]  net/rds/ib_send.o
  CC [M]  drivers/media/dvb-frontends/cxd2880/cxd2880_io.o
  CC [M]  drivers/media/pci/cx88/cx88-tvaudio.o
  CC [M]  drivers/md/dm-ps-service-time.o
  CC [M]  drivers/media/pci/cx18/cx18-av-audio.o
  CC [M]  drivers/net/ethernet/intel/ixgbevf/mbx.o
  CC [M]  drivers/net/wireless/mediatek/mt76/mt76x02_mac.o
  CC [M]  drivers/net/ethernet/intel/i40e/i40e_main.o
  CC [M]  drivers/gpu/drm/nouveau/nvkm/subdev/instmem/nv50.o
  CC [M]  drivers/media/pci/cx23885/cx23885-i2c.o
  CC [M]  drivers/net/usb/gl620a.o
  CC [M]  net/smc/smc_ism.o
  CC [M]  drivers/media/dvb-frontends/cxd2880/cxd2880_spi_device.o
  CC [M]  drivers/media/mc/mc-devnode.o
  CC [M]  drivers/media/pci/cx25821/cx25821-video.o
  CC [M]  drivers/media/test-drivers/vicodec/codec-fwht.o
  CC [M]  drivers/usb/typec/tcpm/fusb302.o
  CC [M]  fs/xfs/xfs_bmap_util.o
  CC [M]  drivers/net/dsa/sja1105/sja1105_dynamic_config.o
  CC [M]  drivers/usb/gadget/function/f_midi.o
  CC      drivers/cpufreq/pcc-cpufreq.o
  LD [M]  net/caif/caif.o
  CC [M]  drivers/net/ethernet/intel/i40e/i40e_ethtool.o
  CC [M]  drivers/net/wireless/intel/iwlwifi/fw/rs.o
  CC [M]  drivers/media/usb/gspca/autogain_functions.o
  CC [M]  drivers/net/wireless/ath/ath11k/hw.o
  CC [M]  drivers/md/dm-ps-historical-service-time.o
  CC [M]  net/tipc/diag.o
  CC [M]  drivers/net/ethernet/intel/ixgbe/ixgbe_dcb.o
  CC [M]  drivers/media/dvb-frontends/cxd2880/cxd2880_tnrdmd.o
  CC [M]  drivers/media/pci/cx18/cx18-av-firmware.o
  CC [M]  drivers/gpu/drm/nouveau/nvkm/subdev/instmem/gk20a.o
  CC [M]  drivers/media/mc/mc-entity.o
  CC [M]  drivers/media/test-drivers/vicodec/codec-v4l2-fwht.o
  CC [M]  drivers/net/usb/net1080.o
  CC [M]  drivers/net/ethernet/intel/ixgbevf/ethtool.o
  CC [M]  drivers/media/pci/cx23885/cx23885-dvb.o
  CC [M]  drivers/gpu/drm/amd/amdgpu/sdma_v5_0.o
  CC      drivers/cpufreq/speedstep-centrino.o
  LD [M]  drivers/media/test-drivers/vicodec/vicodec.o
  CC [M]  drivers/hwmon/lm92.o
  CC [M]  drivers/gpu/drm/drm_blend.o
  CC [M]  drivers/media/pci/cx25821/cx25821-alsa.o
  CC [M]  drivers/media/test-drivers/vimc/vimc-core.o
  CC [M]  drivers/gpu/drm/i915/display/intel_hti.o
  CC [M]  net/rds/ib_stats.o
  CC [M]  net/smc/smc_netlink.o
  CC [M]  drivers/usb/typec/tcpm/tcpci.o
  CC [M]  drivers/media/pci/cx88/cx88-dsp.o
  CC [M]  drivers/usb/gadget/function/f_hid.o
  CC [M]  drivers/md/dm-ps-io-affinity.o
  LD [M]  net/tipc/tipc.o
  CC      drivers/cpufreq/intel_pstate.o
  CC [M]  drivers/net/dsa/sja1105/sja1105_ptp.o
  CC [M]  drivers/media/pci/cx18/cx18-av-vbi.o
  CC [M]  drivers/media/test-drivers/vimc/vimc-common.o
  CC [M]  drivers/gpu/drm/nouveau/nvkm/subdev/ltc/base.o
  CC [M]  drivers/scsi/BusLogic.o
  CC [M]  net/mac80211/link.o
  CC [M]  drivers/net/ethernet/intel/ixgbe/ixgbe_dcb_82598.o
  CC [M]  drivers/net/usb/plusb.o
  CC [M]  drivers/media/usb/gspca/benq.o
  CC [M]  drivers/net/wireless/intel/iwlwifi/fw/dbg.o
  CC [M]  drivers/hwmon/lm93.o
  CC [M]  drivers/net/wireless/ath/ath11k/pcic.o
  CC [M]  drivers/media/dvb-frontends/cxd2880/cxd2880_tnrdmd_dvbt2.o
  CC [M]  drivers/md/dm-switch.o
  CC [M]  drivers/gpu/drm/i915/display/intel_load_detect.o
  CC [M]  drivers/media/test-drivers/vimc/vimc-streamer.o
  LD [M]  drivers/media/pci/cx25821/cx25821.o
  CC [M]  net/rds/ib_sysctl.o
  CC [M]  drivers/net/wireless/mediatek/mt76/mt76x02_mcu.o
  CC [M]  drivers/media/test-drivers/vimc/vimc-capture.o
  CC [M]  drivers/net/ethernet/intel/ixgbevf/ixgbevf_main.o
  CC [M]  net/smc/smc_stats.o
  CC      drivers/cpuidle/governors/ladder.o
  CC [M]  drivers/usb/gadget/function/f_printer.o
  CC [M]  drivers/media/mc/mc-request.o
  CC      drivers/cpuidle/governors/menu.o
  CC [M]  drivers/gpu/drm/nouveau/nvkm/subdev/ltc/gf100.o
  CC [M]  drivers/net/usb/rndis_host.o
  CC [M]  drivers/media/pci/cx18/cx18-scb.o
  CC [M]  fs/xfs/xfs_bio_io.o
  CC [M]  drivers/usb/typec/tcpm/tcpci_rt1711h.o
  CC [M]  drivers/media/pci/cx88/cx88-input.o
  CC [M]  drivers/media/usb/gspca/conex.o
  CC [M]  drivers/net/ethernet/intel/ixgbe/ixgbe_dcb_82599.o
  CC [M]  drivers/media/pci/cx23885/cx23885-417.o
  CC [M]  drivers/md/dm-snap.o
  CC [M]  drivers/media/dvb-frontends/cxd2880/cxd2880_tnrdmd_dvbt2_mon.o
  CC [M]  drivers/media/mc/mc-dev-allocator.o
  CC [M]  drivers/net/dsa/sja1105/sja1105_tas.o
  CC [M]  drivers/media/pci/cx23885/cx23885-ioctl.o
  CC      drivers/cpuidle/governors/teo.o
  CC [M]  drivers/gpu/drm/amd/amdgpu/sdma_v5_2.o
  CC [M]  drivers/media/test-drivers/vimc/vimc-debayer.o
  CC [M]  net/rds/ib_rdma.o
  CC [M]  drivers/gpu/drm/i915/display/intel_lpe_audio.o
  CC [M]  drivers/cpufreq/speedstep-lib.o
  CC [M]  fs/xfs/xfs_buf.o
  CC [M]  drivers/gpu/drm/nouveau/nvkm/subdev/ltc/gk104.o
  CC [M]  drivers/net/wireless/ath/ath11k/debugfs.o
  CC [M]  net/smc/smc_tracepoint.o
  CC [M]  drivers/usb/typec/tcpm/tcpci_mt6360.o
  CC [M]  drivers/usb/gadget/function/f_tcm.o
  CC      drivers/cpuidle/governors/haltpoll.o
  CC [M]  drivers/media/dvb-frontends/cxd2880/cxd2880_tnrdmd_dvbt.o
  CC [M]  drivers/media/pci/cx18/cx18-dvb.o
  CC [M]  drivers/hwmon/lm95234.o
  CC [M]  drivers/net/wireless/mediatek/mt76/mt76x02_eeprom.o
  CC [M]  drivers/usb/typec/tcpm/tcpci_maxim_core.o
  CC [M]  drivers/md/dm-exception-store.o
  CC [M]  drivers/net/ethernet/intel/ixgbe/ixgbe_dcb_nl.o
  CC [M]  drivers/media/usb/gspca/cpia1.o
  LD [M]  drivers/media/mc/mc.o
  CC [M]  drivers/media/pci/dt3155/dt3155.o
  CC [M]  drivers/scsi/ips.o
  CC [M]  fs/ocfs2/dlmfs/userdlm.o
  CC [M]  net/mac80211/rate.o
  CC [M]  drivers/media/test-drivers/vimc/vimc-scaler.o
  CC [M]  drivers/media/pci/cx23885/cx23885-ir.o
  CC [M]  drivers/cpufreq/p4-clockmod.o
  CC [M]  drivers/net/usb/cdc_subset.o
  CC [M]  drivers/gpu/drm/nouveau/nvkm/subdev/ltc/gm107.o
  CC [M]  drivers/gpu/drm/i915/display/intel_modeset_lock.o
  CC [M]  drivers/media/pci/cx88/cx88-video.o
  CC [M]  drivers/net/dsa/sja1105/sja1105_vl.o
  AR      drivers/cpuidle/governors/built-in.a
  CC      drivers/cpuidle/cpuidle.o
  CC [M]  drivers/media/dvb-frontends/cxd2880/cxd2880_tnrdmd_dvbt_mon.o
  CC [M]  drivers/hwmon/lm95241.o
  CC [M]  drivers/media/pci/cx18/cx18-io.o
  CC [M]  net/rds/ib_frmr.o
  CC [M]  drivers/cpufreq/amd_freq_sensitivity.o
  CC [M]  drivers/usb/typec/tcpm/maxim_contaminant.o
  LD [M]  drivers/usb/gadget/function/usb_f_acm.o
  CC [M]  drivers/net/wireless/intel/iwlwifi/fw/pnvm.o
  LD [M]  drivers/usb/gadget/function/usb_f_ss_lb.o
  CC [M]  drivers/media/test-drivers/vimc/vimc-sensor.o
  CC [M]  drivers/md/dm-snap-transient.o
  LD [M]  drivers/usb/gadget/function/usb_f_serial.o
  LD [M]  drivers/usb/gadget/function/usb_f_obex.o
  CC [M]  fs/ocfs2/dlmfs/dlmfs.o
  LD [M]  drivers/usb/gadget/function/usb_f_ncm.o
  LD [M]  drivers/usb/gadget/function/usb_f_ecm.o
  LD [M]  drivers/usb/gadget/function/usb_f_phonet.o
  LD [M]  drivers/usb/gadget/function/usb_f_eem.o
  CC [M]  drivers/media/dvb-frontends/cxd2880/cxd2880_tnrdmd_mon.o
  LD [M]  drivers/usb/gadget/function/usb_f_ecm_subset.o
  LD [M]  drivers/usb/gadget/function/usb_f_rndis.o
  LD [M]  drivers/usb/gadget/function/usb_f_mass_storage.o
  CC [M]  drivers/media/pci/cx23885/cx23885-av.o
  LD [M]  drivers/usb/gadget/function/usb_f_fs.o
  CC [M]  drivers/media/pci/cx88/cx88-vbi.o
  CC [M]  net/mac80211/michael.o
  CC [M]  drivers/net/usb/zaurus.o
  LD [M]  drivers/usb/gadget/function/usb_f_uac1.o
  LD [M]  drivers/usb/gadget/function/usb_f_uac1_legacy.o
  CC [M]  drivers/gpu/drm/i915/display/intel_modeset_verify.o
  LD [M]  drivers/usb/gadget/function/usb_f_uac2.o
  CC [M]  drivers/media/usb/gspca/dtcs033.o
  LD [M]  drivers/usb/gadget/function/usb_f_uvc.o
  CC [M]  drivers/gpu/drm/nouveau/nvkm/subdev/ltc/gm200.o
  CC [M]  drivers/net/ethernet/intel/ixgbevf/ipsec.o
  CC [M]  drivers/net/ethernet/intel/ixgbe/ixgbe_sysfs.o
  LD [M]  drivers/usb/gadget/function/usb_f_midi.o
  LD [M]  drivers/usb/gadget/function/usb_f_hid.o
  CC [M]  drivers/media/dvb-frontends/cxd2880/cxd2880_top.o
  CC [M]  drivers/gpu/drm/amd/amdgpu/sdma_v6_0.o
  LD [M]  drivers/usb/gadget/function/usb_f_printer.o
  LD [M]  drivers/usb/typec/tcpm/tcpci_maxim.o
  LD [M]  drivers/usb/gadget/function/usb_f_tcm.o
  CC [M]  drivers/usb/gadget/usbstring.o
  CC [M]  drivers/usb/typec/ucsi/ucsi.o
  AR      drivers/cpufreq/built-in.a
  CC [M]  drivers/net/wireless/ath/ath11k/debugfs_htt_stats.o
  CC [M]  net/smc/smc_sysctl.o
  CC [M]  drivers/hwmon/lm95245.o
  CC [M]  drivers/md/dm-snap-persistent.o
  CC [M]  drivers/net/wireless/mediatek/mt76/mt76x02_phy.o
  CC [M]  drivers/media/pci/cx18/cx18-alsa-main.o
  LD [M]  drivers/net/dsa/sja1105/sja1105.o
  LD [M]  fs/ocfs2/dlmfs/ocfs2_dlmfs.o
  CC [M]  drivers/net/dsa/bcm_sf2.o
  CC [M]  drivers/gpu/drm/amd/amdgpu/amdgpu_mes.o
  CC [M]  drivers/media/test-drivers/vimc/vimc-lens.o
  CC [M]  fs/ocfs2/cluster/heartbeat.o
  CC [M]  drivers/usb/typec/tipd/core.o
  CC [M]  drivers/media/pci/cx23885/cx23885-input.o
  CC [M]  net/rds/tcp.o
  CC [M]  drivers/gpu/drm/amd/amdgpu/mes_v10_1.o
  CC [M]  drivers/net/usb/mcs7830.o
  CC [M]  drivers/gpu/drm/nouveau/nvkm/subdev/ltc/gp100.o
  CC [M]  drivers/media/usb/gspca/etoms.o
  CC      drivers/cpuidle/driver.o
  CC [M]  fs/xfs/xfs_dahash_test.o
  CC [M]  drivers/net/ethernet/intel/ixgbe/ixgbe_debugfs.o
  CC [M]  drivers/usb/gadget/config.o
  CC [M]  drivers/hwmon/ltc2945.o
  CC [M]  drivers/media/pci/cx88/cx88-mpeg.o
  CC [M]  drivers/md/dm-raid1.o
  CC [M]  drivers/media/pci/cx18/cx18-alsa-pcm.o
  CC [M]  net/smc/smc_diag.o
  CC [M]  drivers/net/wireless/intel/iwlwifi/fw/dump.o
  CC [M]  drivers/gpu/drm/i915/display/intel_modeset_setup.o
  LD [M]  drivers/media/pci/cx18/cx18.o
  CC [M]  drivers/scsi/fdomain.o
  LD [M]  drivers/net/ethernet/intel/ixgbevf/ixgbevf.o
  LD [M]  drivers/media/test-drivers/vimc/vimc.o
  CC [M]  drivers/usb/typec/tipd/trace.o
  CC [M]  drivers/gpu/drm/amd/amdgpu/mes_v11_0.o
  CC [M]  drivers/media/test-drivers/vivid/vivid-core.o
  CC [M]  drivers/usb/typec/ucsi/debugfs.o
  CC [M]  net/mac80211/tkip.o
  CC [M]  drivers/gpu/drm/nouveau/nvkm/subdev/ltc/gp102.o
  CC [M]  drivers/media/pci/cx23885/cx23888-ir.o
  AR      drivers/media/test-drivers/built-in.a
  CC [M]  drivers/usb/typec/mux/pi3usb30532.o
  CC [M]  drivers/net/usb/usbnet.o
  CC [M]  drivers/net/dsa/bcm_sf2_cfp.o
  CC [M]  fs/xfs/xfs_dir2_readdir.o
  CC      drivers/cpuidle/governor.o
  LD [M]  drivers/media/dvb-frontends/cxd2880/cxd2880.o
  CC [M]  drivers/hwmon/ltc2947-core.o
  CC [M]  drivers/net/wireless/mediatek/mt76/mt76x02_mmio.o
  CC [M]  drivers/media/usb/gspca/finepix.o
  CC      drivers/cpuidle/sysfs.o
  CC [M]  drivers/media/dvb-frontends/drx39xyj/drxj.o
  CC [M]  drivers/net/ethernet/intel/ixgbe/ixgbe_fcoe.o
  LD [M]  drivers/media/pci/cx18/cx18-alsa.o
  CC [M]  drivers/usb/typec/ucsi/trace.o
  CC [M]  net/rds/tcp_connect.o
  CC [M]  drivers/usb/typec/ucsi/psy.o
  CC [M]  drivers/usb/typec/mux/intel_pmc_mux.o
  CC [M]  drivers/usb/gadget/epautoconf.o
  CC [M]  drivers/gpu/drm/nouveau/nvkm/subdev/ltc/gp10b.o
  CC [M]  drivers/net/wireless/realtek/rtl818x/rtl8180/dev.o
  CC [M]  drivers/md/dm-log.o
  CC [M]  drivers/net/ethernet/intel/i40e/i40e_adminq.o
  LD [M]  net/smc/smc.o
  LD [M]  drivers/usb/typec/tipd/tps6598x.o
  CC [M]  drivers/net/wireless/realtek/rtlwifi/rtl8192c/main.o
  CC [M]  drivers/net/wireless/realtek/rtl8xxxu/rtl8xxxu_core.o
  CC [M]  drivers/net/wireless/realtek/rtl8xxxu/rtl8xxxu_8192e.o
  CC [M]  drivers/net/wireless/realtek/rtw88/main.o
  CC [M]  drivers/scsi/fdomain_pci.o
  CC [M]  drivers/net/wireless/realtek/rtl8xxxu/rtl8xxxu_8723b.o
  CC      drivers/cpuidle/poll_state.o
  CC [M]  drivers/media/pci/cx23885/netup-init.o
  CC [M]  drivers/media/pci/cx88/cx88-alsa.o
  CC [M]  fs/ocfs2/cluster/masklog.o
  CC [M]  drivers/gpu/drm/i915/display/intel_overlay.o
  CC [M]  drivers/hwmon/ltc2947-i2c.o
  CC [M]  drivers/media/usb/gspca/jeilinj.o
  CC [M]  drivers/net/wireless/intel/iwlwifi/cfg/1000.o
  CC [M]  drivers/usb/typec/ucsi/displayport.o
  CC [M]  drivers/media/test-drivers/vim2m.o
  CC [M]  drivers/gpu/drm/nouveau/nvkm/subdev/ltc/ga102.o
  CC [M]  drivers/cpuidle/cpuidle-haltpoll.o
  CC [M]  drivers/gpu/drm/amd/amdgpu/amdgpu_uvd.o
  CC [M]  drivers/net/wireless/realtek/rtlwifi/rtl8192c/dm_common.o
  CC [M]  drivers/scsi/qlogicfas408.o
  CC [M]  net/rds/tcp_listen.o
  CC [M]  drivers/net/dsa/lantiq_gswip.o
  CC [M]  drivers/usb/gadget/composite.o
  CC [M]  drivers/net/ethernet/intel/ixgbe/ixgbe_ipsec.o
  CC [M]  drivers/usb/typec/ucsi/ucsi_acpi.o
  CC [M]  drivers/net/ethernet/intel/i40e/i40e_common.o
  CC [M]  drivers/media/test-drivers/vivid/vivid-ctrls.o
  CC [M]  drivers/md/dm-region-hash.o
  AR      drivers/cpuidle/built-in.a
  CC [M]  drivers/media/pci/cx23885/cimax2.o
  CC [M]  drivers/hwmon/ltc2947-spi.o
  CC [M]  drivers/media/dvb-frontends/a8293.o
  CC [M]  drivers/net/wireless/intel/iwlwifi/cfg/2000.o
  CC [M]  drivers/net/wireless/ath/ath11k/debugfs_sta.o
  CC [M]  fs/xfs/xfs_discard.o
  CC [M]  drivers/net/wireless/realtek/rtw89/core.o
  CC [M]  drivers/net/wireless/mediatek/mt76/mt76x02_txrx.o
  CC [M]  fs/ocfs2/cluster/sys.o
  CC [M]  drivers/gpu/drm/nouveau/nvkm/subdev/mc/base.o
  AR      drivers/net/wireless/realtek/built-in.a
  CC [M]  drivers/media/pci/cx88/cx88-blackbird.o
  CC [M]  net/mac80211/aes_cmac.o
  CC [M]  drivers/net/wireless/realtek/rtl818x/rtl8180/rtl8225.o
  CC [M]  drivers/media/usb/gspca/jl2005bcd.o
  CC [M]  drivers/net/usb/int51x1.o
  CC [M]  drivers/media/v4l2-core/v4l2-async.o
  CC [M]  drivers/usb/typec/ucsi/ucsi_ccg.o
  CC [M]  fs/ocfs2/cluster/nodemanager.o
  CC [M]  drivers/hwmon/ltc2990.o
  CC [M]  drivers/net/wireless/intel/iwlwifi/cfg/5000.o
  CC [M]  drivers/net/wireless/intel/iwlwifi/cfg/6000.o
  CC [M]  fs/btrfs/super.o
  CC [M]  net/rds/tcp_recv.o
  CC [M]  drivers/gpu/drm/i915/display/intel_pch_display.o
  CC [M]  drivers/media/pci/cx23885/netup-eeprom.o
  CC [M]  drivers/gpu/drm/nouveau/nvkm/subdev/mc/nv04.o
  CC [M]  drivers/gpu/drm/amd/amdgpu/uvd_v5_0.o
  CC [M]  drivers/scsi/qla1280.o
  CC [M]  drivers/net/wireless/realtek/rtw88/mac80211.o
  CC [M]  drivers/media/usb/gspca/kinect.o
  CC [M]  net/mac80211/aes_gmac.o
  CC [M]  drivers/net/usb/cdc-phonet.o
  CC [M]  drivers/media/test-drivers/vivid/vivid-vid-common.o
  CC [M]  drivers/net/dsa/mt7530.o
  CC [M]  drivers/md/dm-log-userspace-base.o
  LD [M]  drivers/net/ethernet/intel/ixgbe/ixgbe.o
  CC [M]  drivers/media/pci/cx88/cx88-dvb.o
  CC [M]  drivers/net/wireless/ath/ath11k/trace.o
  CC [M]  drivers/net/wireless/realtek/rtl818x/rtl8180/sa2400.o
  CC [M]  drivers/hwmon/ltc2992.o
  LD [M]  drivers/usb/typec/ucsi/typec_ucsi.o
  CC [M]  drivers/usb/typec/class.o
  CC [M]  fs/btrfs/ctree.o
  CC [M]  drivers/net/wireless/realtek/rtw88/util.o
  CC [M]  drivers/net/wireless/intel/iwlwifi/cfg/7000.o
  CC [M]  drivers/gpu/drm/nouveau/nvkm/subdev/mc/nv11.o
  CC [M]  drivers/net/wireless/mediatek/mt76/mt76x02_trace.o
  CC [M]  drivers/media/pci/cx23885/cx23885-f300.o
  CC [M]  drivers/net/wireless/realtek/rtlwifi/rtl8192c/fw_common.o
  CC [M]  drivers/media/v4l2-core/v4l2-cci.o
  CC [M]  fs/xfs/xfs_error.o
  LD [M]  drivers/media/dvb-frontends/drx39xyj/drx39xyj.o
  CC [M]  drivers/usb/gadget/functions.o
  CC [M]  drivers/media/dvb-frontends/af9013.o
  CC [M]  net/mac80211/fils_aead.o
  CC [M]  drivers/media/usb/gspca/konica.o
  CC [M]  drivers/md/dm-log-userspace-transfer.o
  CC [M]  drivers/net/usb/kalmia.o
  CC [M]  net/rds/tcp_send.o
  CC [M]  drivers/gpu/drm/amd/amdgpu/uvd_v6_0.o
  CC [M]  drivers/media/test-drivers/vivid/vivid-vbi-gen.o
  CC [M]  drivers/net/wireless/realtek/rtl8xxxu/rtl8xxxu_8723a.o
  CC [M]  drivers/gpu/drm/i915/display/intel_pch_refclk.o
  CC [M]  fs/ocfs2/cluster/quorum.o
  CC [M]  drivers/net/wireless/intel/iwlwifi/cfg/8000.o
  CC [M]  drivers/net/ethernet/intel/i40e/i40e_hmc.o
  CC [M]  drivers/net/wireless/realtek/rtl818x/rtl8180/max2820.o
  CC [M]  drivers/hwmon/ltc4151.o
  CC [M]  drivers/gpu/drm/nouveau/nvkm/subdev/mc/nv17.o
  CC [M]  drivers/media/v4l2-core/v4l2-flash-led-class.o
  CC [M]  drivers/media/pci/cx23885/cx23885-alsa.o
  CC [M]  drivers/media/test-drivers/vivid/vivid-vid-cap.o
  CC [M]  fs/xfs/xfs_export.o
  CC [M]  drivers/scsi/dmx3191d.o
  CC [M]  drivers/net/usb/ipheth.o
  CC [M]  drivers/net/wireless/mediatek/mt76/mt76x02_debugfs.o
  CC [M]  fs/ocfs2/cluster/tcp.o
  CC [M]  drivers/usb/typec/mux.o
  CC [M]  drivers/media/pci/cx88/cx88-vp3054-i2c.o
  CC [M]  drivers/usb/gadget/configfs.o
  CC [M]  drivers/net/wireless/realtek/rtw88/debug.o
  CC [M]  drivers/net/wireless/intel/iwlwifi/cfg/9000.o
  CC [M]  drivers/media/usb/gspca/mars.o
  CC [M]  drivers/md/dm-zero.o
  CC [M]  drivers/gpu/drm/drm_bridge.o
  CC [M]  net/mac80211/cfg.o
  CC [M]  drivers/media/dvb-frontends/af9033.o
  CC [M]  drivers/gpu/drm/nouveau/nvkm/subdev/mc/nv44.o
  CC [M]  drivers/net/wireless/realtek/rtl8xxxu/rtl8xxxu_8192c.o
  CC [M]  drivers/hwmon/ltc4215.o
  CC [M]  net/rds/tcp_stats.o
  CC [M]  drivers/net/wireless/realtek/rtl818x/rtl8180/grf5101.o
  CC [M]  fs/xfs/xfs_extent_busy.o
  CC [M]  drivers/net/wireless/realtek/rtlwifi/rtl8192c/phy_common.o
  CC [M]  drivers/gpu/drm/i915/display/intel_plane_initial.o
  CC [M]  drivers/media/pci/cx23885/altera-ci.o
  CC [M]  drivers/gpu/drm/amd/amdgpu/uvd_v7_0.o
  CC [M]  drivers/net/ethernet/intel/i40e/i40e_lan_hmc.o
  CC [M]  drivers/net/usb/sierra_net.o
  CC [M]  drivers/usb/typec/bus.o
  CC [M]  drivers/md/dm-raid.o
  CC [M]  drivers/scsi/hpsa.o
  CC [M]  drivers/net/wireless/intel/iwlwifi/cfg/22000.o
  CC [M]  drivers/net/wireless/realtek/rtw89/mac80211.o
  CC [M]  drivers/media/v4l2-core/v4l2-fwnode.o
  CC [M]  drivers/gpu/drm/nouveau/nvkm/subdev/mc/nv50.o
  CC [M]  drivers/hwmon/ltc4222.o
  CC [M]  drivers/media/usb/gspca/mr97310a.o
  CC [M]  drivers/net/wireless/ath/ath11k/thermal.o
  CC [M]  drivers/net/dsa/mt7530-mdio.o
  CC [M]  drivers/net/wireless/realtek/rtl8xxxu/rtl8xxxu_8188f.o
  CC [M]  drivers/net/wireless/mediatek/mt76/mt76x02_dfs.o
  CC [M]  drivers/net/wireless/realtek/rtl818x/rtl8180/rtl8225se.o
  LD [M]  net/rds/rds.o
  LD [M]  net/rds/rds_rdma.o
  CC [M]  drivers/media/dvb-frontends/as102_fe.o
  LD [M]  net/rds/rds_tcp.o
  LD [M]  drivers/media/pci/cx88/cx88xx.o
  CC [M]  drivers/media/test-drivers/vivid/vivid-vid-out.o
  LD [M]  drivers/media/pci/cx88/cx8800.o
  CC [M]  drivers/usb/gadget/u_f.o
  CC [M]  drivers/hwmon/ltc4245.o
  LD [M]  drivers/media/pci/cx88/cx8802.o
  CC [M]  drivers/gpu/drm/i915/display/intel_pmdemand.o
  CC [M]  drivers/usb/typec/pd.o
  CC [M]  drivers/usb/typec/retimer.o
  CC [M]  drivers/net/wireless/intel/iwlwifi/cfg/ax210.o
  CC [M]  drivers/net/dsa/mt7530-mmio.o
  AR      drivers/usb/built-in.a
  CC [M]  drivers/media/usb/pwc/pwc-if.o
  CC [M]  drivers/gpu/drm/nouveau/nvkm/subdev/mc/g84.o
  CC [M]  drivers/media/usb/uvc/uvc_driver.o
  CC [M]  drivers/net/usb/cx82310_eth.o
  CC [M]  drivers/net/wireless/realtek/rtw88/tx.o
  CC [M]  drivers/media/usb/gspca/nw80x.o
  LD [M]  drivers/media/pci/cx23885/cx23885.o
  CC [M]  drivers/net/wireless/ath/ath11k/spectral.o
  CC [M]  drivers/hwmon/ltc4260.o
  CC [M]  drivers/net/ethernet/intel/i40e/i40e_nvm.o
  CC [M]  fs/xfs/xfs_file.o
  LD [M]  drivers/net/wireless/realtek/rtl818x/rtl8180/rtl818x_pci.o
  CC [M]  drivers/usb/typec/port-mapper.o
  CC [M]  drivers/hwmon/ltc4261.o
  CC [M]  drivers/media/pci/ivtv/ivtv-routing.o
  LD [M]  drivers/usb/gadget/libcomposite.o
  CC [M]  drivers/media/test-drivers/vivid/vivid-kthread-cap.o
  CC [M]  fs/ocfs2/cluster/netdebug.o
  CC [M]  drivers/net/wireless/realtek/rtl818x/rtl8187/dev.o
  CC [M]  drivers/media/v4l2-core/v4l2-mem2mem.o
  CC [M]  drivers/net/wireless/intel/iwlwifi/cfg/bz.o
  CC [M]  drivers/net/wireless/realtek/rtl8xxxu/rtl8xxxu_8188e.o
  CC [M]  drivers/media/test-drivers/vivid/vivid-kthread-out.o
  CC [M]  drivers/gpu/drm/nouveau/nvkm/subdev/mc/g98.o
  LD [M]  drivers/net/wireless/realtek/rtlwifi/rtl8192c/rtl8192c-common.o
  CC [M]  drivers/net/wireless/realtek/rtlwifi/rtl8192ce/dm.o
  CC [M]  drivers/usb/typec/hd3ss3220.o
  CC [M]  drivers/net/dsa/mv88e6060.o
  CC [M]  drivers/media/dvb-frontends/ascot2e.o
  CC [M]  drivers/md/dm-thin.o
  CC [M]  drivers/net/usb/cdc_ncm.o
  CC [M]  drivers/hwmon/max1111.o
  CC [M]  drivers/net/wireless/realtek/rtw89/mac.o
  CC [M]  drivers/media/usb/uvc/uvc_queue.o
  CC [M]  drivers/gpu/drm/i915/display/intel_psr.o
  CC [M]  drivers/net/wireless/mediatek/mt76/mt76x02_beacon.o
  CC [M]  drivers/gpu/drm/amd/amdgpu/amdgpu_vce.o
  CC [M]  drivers/net/wireless/ath/ath11k/wow.o
  CC [M]  drivers/net/wireless/intel/iwlwifi/cfg/sc.o
  CC [M]  drivers/media/usb/gspca/ov519.o
  CC [M]  drivers/media/usb/pwc/pwc-misc.o
  CC [M]  drivers/media/pci/ivtv/ivtv-cards.o
  CC [M]  drivers/gpu/drm/nouveau/nvkm/subdev/mc/gt215.o
  CC [M]  fs/btrfs/extent-tree.o
  CC [M]  drivers/media/pci/saa7134/saa7134-cards.o
  LD [M]  fs/ocfs2/cluster/ocfs2_nodemanager.o
  CC [M]  drivers/usb/typec/stusb160x.o
  CC [M]  fs/ocfs2/dlm/dlmdomain.o
  CC [M]  drivers/media/pci/saa7164/saa7164-cards.o
  CC [M]  drivers/media/pci/saa7164/saa7164-core.o
  CC [M]  drivers/hwmon/max127.o
  CC [M]  drivers/net/ethernet/intel/i40e/i40e_debugfs.o
  CC [M]  drivers/net/wireless/realtek/rtlwifi/rtl8192ce/hw.o
  CC [M]  drivers/net/wireless/realtek/rtw88/rx.o
  CC [M]  drivers/net/wireless/realtek/rtl8xxxu/rtl8xxxu_8710b.o
  CC [M]  drivers/net/wireless/realtek/rtl818x/rtl8187/rtl8225.o
  CC [M]  drivers/media/test-drivers/vivid/vivid-radio-rx.o
  CC [M]  drivers/net/wireless/intel/iwlwifi/fw/paging.o
  CC [M]  drivers/net/dsa/lan9303-core.o
  CC [M]  drivers/media/usb/uvc/uvc_v4l2.o
  CC [M]  drivers/media/usb/pwc/pwc-ctrl.o
  CC [M]  drivers/gpu/drm/nouveau/nvkm/subdev/mc/gf100.o
  CC [M]  drivers/media/pci/ivtv/ivtv-controls.o
  CC [M]  drivers/media/dvb-frontends/atbm8830.o
  CC [M]  drivers/media/v4l2-core/tuner-core.o
  CC [M]  drivers/hwmon/max16065.o
  CC [M]  drivers/gpu/drm/amd/amdgpu/vce_v3_0.o
  CC [M]  drivers/net/usb/huawei_cdc_ncm.o
  CC [M]  drivers/net/wireless/ath/ath11k/ahb.o
  LD [M]  drivers/usb/typec/typec.o
  CC [M]  drivers/net/wireless/intel/iwlwifi/fw/smem.o
  CC [M]  net/mac80211/ethtool.o
  CC [M]  fs/xfs/xfs_filestream.o
  CC [M]  drivers/gpu/drm/nouveau/nvkm/subdev/mc/gk104.o
  CC [M]  drivers/media/test-drivers/vivid/vivid-radio-tx.o
  CC [M]  drivers/net/wireless/mediatek/mt76/mt76x02_usb_mcu.o
  CC [M]  drivers/net/wireless/realtek/rtl8xxxu/rtl8xxxu_8192f.o
  CC [M]  drivers/media/pci/ivtv/ivtv-driver.o
  CC [M]  drivers/media/pci/saa7164/saa7164-i2c.o
  CC [M]  drivers/net/wireless/intel/iwlwifi/fw/init.o
  CC [M]  drivers/md/dm-thin-metadata.o
  CC [M]  drivers/net/wireless/realtek/rtl818x/rtl8187/leds.o
  CC [M]  drivers/media/usb/pwc/pwc-v4l.o
  CC [M]  drivers/media/pci/saa7134/saa7134-core.o
  CC [M]  drivers/scsi/dc395x.o
  CC [M]  drivers/net/usb/lg-vl600.o
  CC [M]  drivers/media/usb/gspca/ov534.o
  CC [M]  drivers/hwmon/max1619.o
  CC [M]  drivers/media/usb/uvc/uvc_video.o
  CC [M]  drivers/net/wireless/realtek/rtw88/mac.o
  CC [M]  drivers/net/ethernet/intel/i40e/i40e_diag.o
  CC [M]  drivers/media/v4l2-core/v4l2-dv-timings.o
  AR      drivers/net/ethernet/i825xx/built-in.a
  CC [M]  drivers/gpu/drm/nouveau/nvkm/subdev/mc/gk20a.o
  CC [M]  drivers/net/wireless/ath/hw.o
  CC [M]  drivers/media/dvb-frontends/au8522_common.o
  CC [M]  drivers/net/wireless/ath/ath11k/mhi.o
  CC [M]  drivers/gpu/drm/amd/amdgpu/vce_v4_0.o
  CC [M]  drivers/media/pci/saa7164/saa7164-dvb.o
  CC [M]  drivers/media/test-drivers/vivid/vivid-radio-common.o
  CC [M]  drivers/net/wireless/realtek/rtlwifi/rtl8192ce/led.o
  CC [M]  drivers/gpu/drm/i915/display/intel_quirks.o
  CC [M]  drivers/net/dsa/lan9303_i2c.o
  CC [M]  drivers/net/wireless/realtek/rtl818x/rtl8187/rfkill.o
  CC [M]  fs/ocfs2/dlm/dlmdebug.o
  CC [M]  drivers/hwmon/max1668.o
  CC [M]  drivers/media/usb/pwc/pwc-uncompress.o
  CC [M]  net/mac80211/rx.o
  CC [M]  drivers/net/usb/qmi_wwan.o
  CC [M]  drivers/md/dm-verity-verify-sig.o
  LD [M]  drivers/net/wireless/realtek/rtl8xxxu/rtl8xxxu.o
  CC [M]  drivers/media/usb/gspca/ov534_9.o
  CC [M]  drivers/gpu/drm/drm_cache.o
  CC [M]  drivers/gpu/drm/nouveau/nvkm/subdev/mc/gp100.o
  CC [M]  drivers/media/test-drivers/vivid/vivid-rds-gen.o
  CC [M]  drivers/net/ethernet/intel/i40e/i40e_txrx.o
  CC [M]  drivers/net/wireless/mediatek/mt76/mt76x02_usb_core.o
  CC [M]  fs/btrfs/print-tree.o
  CC [M]  fs/xfs/xfs_fsmap.o
  CC [M]  drivers/net/ethernet/intel/i40e/i40e_ptp.o
  CC [M]  drivers/net/wireless/intel/iwlwifi/fw/acpi.o
  CC [M]  drivers/media/test-drivers/vivid/vivid-sdr-cap.o
  CC [M]  drivers/media/usb/uvc/uvc_ctrl.o
  CC [M]  drivers/net/wireless/ath/ath11k/pci.o
  CC [M]  drivers/md/dm-verity-target.o
  CC [M]  drivers/media/pci/saa7164/saa7164-fw.o
  CC [M]  drivers/net/wireless/realtek/rtlwifi/rtl8192ce/phy.o
  LD [M]  drivers/net/wireless/realtek/rtl818x/rtl8187/rtl8187.o
  CC [M]  drivers/media/v4l2-core/v4l2-dev.o
  CC [M]  drivers/media/usb/pwc/pwc-dec1.o
  CC [M]  drivers/hwmon/max197.o
  CC [M]  drivers/media/v4l2-core/v4l2-ioctl.o
  CC [M]  drivers/net/dsa/lan9303_mdio.o
  CC [M]  drivers/media/pci/ivtv/ivtv-fileops.o
  CC [M]  drivers/gpu/drm/i915/display/intel_sprite.o
  CC [M]  drivers/media/pci/saa7134/saa7134-i2c.o
  CC [M]  drivers/media/dvb-frontends/au8522_dig.o
  CC [M]  drivers/gpu/drm/amd/amdgpu/amdgpu_vcn.o
  CC [M]  drivers/media/pci/saa7164/saa7164-bus.o
  CC [M]  drivers/scsi/esp_scsi.o
  CC [M]  drivers/gpu/drm/nouveau/nvkm/subdev/mc/gp10b.o
  CC [M]  drivers/net/wireless/realtek/rtw88/phy.o
  CC [M]  drivers/net/usb/cdc_mbim.o
  CC [M]  drivers/media/usb/gspca/pac207.o
  LD [M]  drivers/net/wireless/ath/ath11k/ath11k.o
  CC [M]  drivers/hwmon/max31722.o
  CC [M]  drivers/net/wireless/realtek/rtw89/phy.o
  CC [M]  fs/btrfs/root-tree.o
  CC [M]  drivers/media/usb/pwc/pwc-dec23.o
  CC      drivers/mmc/core/core.o
  CC [M]  fs/ocfs2/dlm/dlmthread.o
  CC      drivers/mmc/core/bus.o
  CC [M]  drivers/net/dsa/vitesse-vsc73xx-core.o
  CC [M]  drivers/gpu/drm/nouveau/nvkm/subdev/mc/ga100.o
  CC [M]  drivers/media/test-drivers/vivid/vivid-vbi-cap.o
  CC [M]  drivers/media/pci/saa7134/saa7134-ts.o
  CC [M]  drivers/net/wireless/realtek/rtlwifi/rtl8192ce/rf.o
  LD [M]  drivers/net/wireless/ath/ath11k/ath11k_ahb.o
  LD [M]  drivers/net/wireless/ath/ath11k/ath11k_pci.o
  CC [M]  drivers/media/pci/saa7164/saa7164-cmd.o
  CC [M]  drivers/net/wireless/mediatek/mt76/mt76_connac_mcu.o
  CC [M]  drivers/net/wireless/ath/key.o
  CC [M]  drivers/md/dm-cache-target.o
  CC [M]  drivers/hwmon/max31730.o
  CC [M]  drivers/media/usb/uvc/uvc_status.o
  CC [M]  drivers/media/usb/gspca/pac7302.o
  AR      drivers/mmc/host/built-in.a
  CC [M]  drivers/mmc/host/sdhci.o
  CC [M]  drivers/media/dvb-frontends/au8522_decoder.o
  CC [M]  drivers/gpu/drm/amd/amdgpu/vcn_sw_ring.o
  CC [M]  drivers/net/usb/ch9200.o
  CC [M]  drivers/net/wireless/intel/iwlwifi/fw/uefi.o
  CC      drivers/mmc/core/host.o
  CC [M]  drivers/gpu/drm/nouveau/nvkm/subdev/mmu/base.o
  CC [M]  fs/btrfs/dir-item.o
  CC [M]  drivers/media/usb/pwc/pwc-kiara.o
  CC [M]  fs/xfs/xfs_fsops.o
  CC [M]  drivers/media/pci/ivtv/ivtv-firmware.o
  CC [M]  fs/ocfs2/dlm/dlmrecovery.o
  CC [M]  drivers/net/wireless/intel/iwlwifi/fw/debugfs.o
  CC [M]  drivers/media/test-drivers/vivid/vivid-vbi-out.o
  CC [M]  drivers/net/wireless/realtek/rtlwifi/rtl8192ce/sw.o
  CC [M]  drivers/media/pci/saa7164/saa7164-api.o
  CC [M]  drivers/scsi/am53c974.o
  CC [M]  drivers/hwmon/max6621.o
  CC [M]  drivers/media/usb/uvc/uvc_isight.o
  CC [M]  drivers/gpu/drm/i915/display/intel_sprite_uapi.o
  CC [M]  drivers/net/ethernet/intel/i40e/i40e_ddp.o
  CC [M]  drivers/media/dvb-frontends/bcm3510.o
  CC [M]  drivers/media/usb/gspca/pac7311.o
  CC [M]  drivers/media/pci/saa7134/saa7134-tvaudio.o
  CC [M]  drivers/net/usb/aqc111.o
  CC [M]  drivers/gpu/drm/amd/amdgpu/vcn_v1_0.o
  CC [M]  drivers/media/usb/pwc/pwc-timon.o
  CC [M]  drivers/media/v4l2-core/v4l2-device.o
  CC [M]  drivers/gpu/drm/nouveau/nvkm/subdev/mmu/nv04.o
  CC [M]  drivers/net/wireless/ath/dfs_pattern_detector.o
  CC [M]  drivers/scsi/megaraid.o
  CC [M]  fs/btrfs/file-item.o
  CC [M]  drivers/media/pci/ivtv/ivtv-gpio.o
  CC [M]  drivers/net/dsa/vitesse-vsc73xx-platform.o
  CC [M]  drivers/hwmon/max6639.o
  CC [M]  drivers/md/dm-cache-metadata.o
  CC [M]  drivers/media/test-drivers/vivid/vivid-osd.o
  CC [M]  drivers/net/wireless/realtek/rtw88/coex.o
  CC [M]  drivers/net/wireless/realtek/rtlwifi/rtl8192ce/table.o
  CC [M]  drivers/media/usb/uvc/uvc_debugfs.o
  CC [M]  drivers/net/wireless/realtek/rtlwifi/rtl8192ce/trx.o
  CC      drivers/net/virtio_net.o
  CC      drivers/mmc/core/mmc.o
  CC [M]  net/6lowpan/core.o
  CC [M]  drivers/gpu/drm/i915/display/intel_tc.o
  LD [M]  drivers/media/usb/pwc/pwc.o
  CC [M]  drivers/net/wireless/realtek/rtlwifi/rtl8192cu/dm.o
  CC [M]  drivers/media/usb/gspca/se401.o
  CC [M]  drivers/media/pci/saa7164/saa7164-buffer.o
  CC [M]  drivers/net/ethernet/intel/i40e/i40e_client.o
  CC [M]  drivers/gpu/drm/nouveau/nvkm/subdev/mmu/nv41.o
  CC [M]  drivers/net/wireless/intel/iwlwifi/iwl-devtrace.o
  CC [M]  drivers/media/pci/ivtv/ivtv-i2c.o
  CC [M]  drivers/net/dsa/vitesse-vsc73xx-spi.o
  CC [M]  net/mac80211/spectmgmt.o
  CC [M]  fs/xfs/xfs_globals.o
  CC [M]  drivers/media/dvb-frontends/cx22700.o
  CC [M]  drivers/hwmon/max6650.o
  CC [M]  drivers/net/usb/r8153_ecm.o
  CC [M]  drivers/media/usb/uvc/uvc_metadata.o
  CC [M]  drivers/media/test-drivers/vivid/vivid-meta-cap.o
  CC [M]  fs/ocfs2/dlm/dlmmaster.o
  CC [M]  drivers/md/dm-cache-policy.o
  CC [M]  drivers/media/v4l2-core/v4l2-fh.o
  CC [M]  drivers/net/wireless/ath/dfs_pri_detector.o
  CC [M]  drivers/media/pci/saa7134/saa7134-vbi.o
  CC [M]  drivers/gpu/drm/nouveau/nvkm/subdev/mmu/nv44.o
  LD [M]  drivers/net/wireless/realtek/rtlwifi/rtl8192ce/rtl8192ce.o
  CC [M]  fs/btrfs/inode-item.o
  CC [M]  net/6lowpan/iphc.o
  CC [M]  fs/xfs/xfs_health.o
  CC [M]  drivers/net/wireless/realtek/rtlwifi/rtl8192cu/hw.o
  CC [M]  drivers/net/wireless/mediatek/mt76/mt76_connac_mac.o
  CC [M]  drivers/media/pci/saa7164/saa7164-encoder.o
  CC      drivers/mmc/core/mmc_ops.o
  CC [M]  drivers/media/usb/gspca/sn9c2028.o
  CC [M]  drivers/mmc/host/sdhci-pci-core.o
  CC [M]  drivers/scsi/atp870u.o
  LD [M]  drivers/net/dsa/bcm-sf2.o
  CC [M]  drivers/hwmon/max6697.o
  CC [M]  drivers/media/pci/ivtv/ivtv-ioctl.o
  CC [M]  net/mac80211/tx.o
  CC [M]  drivers/net/wireless/realtek/rtw89/fw.o
  CC [M]  drivers/mmc/host/sdhci-pci-o2micro.o
  CC [M]  drivers/net/wireless/mediatek/mt76/mt76_connac3_mac.o
  CC [M]  drivers/media/usb/uvc/uvc_entity.o
  CC [M]  drivers/media/test-drivers/vivid/vivid-meta-out.o
  LD [M]  drivers/net/usb/asix.o
  CC [M]  drivers/gpu/drm/nouveau/nvkm/subdev/mmu/nv50.o
  CC [M]  fs/btrfs/disk-io.o
  CC [M]  drivers/md/dm-cache-background-tracker.o
  CC [M]  drivers/gpu/drm/i915/display/intel_vblank.o
  CC [M]  drivers/media/dvb-frontends/cx22702.o
  LD [M]  drivers/net/wireless/ath/ath.o
  CC [M]  drivers/media/pci/saa7134/saa7134-video.o
  CC [M]  drivers/media/pci/saa7134/saa7134-input.o
  CC [M]  drivers/gpu/drm/amd/amdgpu/vcn_v2_0.o
  CC [M]  drivers/media/v4l2-core/v4l2-event.o
  CC [M]  drivers/media/usb/gspca/sn9c20x.o
  CC [M]  drivers/media/v4l2-core/v4l2-subdev.o
  CC [M]  drivers/media/pci/saa7164/saa7164-vbi.o
  CC [M]  drivers/hwmon/max31790.o
  LD [M]  drivers/media/usb/uvc/uvcvideo.o
  CC [M]  net/mac80211/key.o
  CC [M]  drivers/ufs/core/ufshcd.o
  CC [M]  drivers/gpu/drm/nouveau/nvkm/subdev/mmu/g84.o
  CC      drivers/mmc/core/sd.o
  CC [M]  drivers/media/test-drivers/vivid/vivid-kthread-touch.o
  CC [M]  drivers/net/ethernet/intel/i40e/i40e_virtchnl_pf.o
  CC [M]  drivers/net/wireless/realtek/rtw88/efuse.o
  CC [M]  drivers/mmc/host/sdhci-pci-arasan.o
  CC [M]  drivers/media/pci/ivtv/ivtv-irq.o
  CC [M]  drivers/md/dm-cache-policy-smq.o
  CC [M]  fs/xfs/xfs_icache.o
  CC [M]  drivers/net/ethernet/microsoft/mana/gdma_main.o
  CC [M]  drivers/net/wireless/realtek/rtlwifi/rtl8192cu/led.o
  AR      drivers/net/ethernet/microsoft/built-in.a
  CC [M]  drivers/net/ethernet/microsoft/mana/shm_channel.o
  CC [M]  drivers/gpu/drm/i915/display/intel_vga.o
  CC [M]  drivers/hwmon/mc13783-adc.o
  CC [M]  net/6lowpan/nhc.o
  CC [M]  fs/ocfs2/dlm/dlmast.o
  CC [M]  drivers/gpu/drm/nouveau/nvkm/subdev/mmu/mcp77.o
  CC [M]  drivers/media/dvb-frontends/cx24110.o
  CC [M]  net/ieee802154/6lowpan/core.o
  CC [M]  drivers/mmc/host/sdhci-pci-dwc-mshc.o
  LD [M]  drivers/media/pci/saa7164/saa7164.o
  CC [M]  fs/xfs/xfs_ioctl.o
  CC [M]  drivers/media/test-drivers/vivid/vivid-touch-cap.o
  CC [M]  drivers/net/wireless/mediatek/mt76/mt792x_core.o
  CC [M]  fs/xfs/xfs_iomap.o
  CC [M]  drivers/media/usb/gspca/sonixb.o
  LD [M]  drivers/net/wireless/intel/iwlwifi/iwlwifi.o
  CC [M]  drivers/ufs/core/ufs-sysfs.o
  CC [M]  drivers/hwmon/mcp3021.o
  CC      drivers/mmc/core/sd_ops.o
  CC [M]  drivers/ufs/core/ufs-mcq.o
  CC [M]  drivers/scsi/initio.o
  CC [M]  drivers/net/wireless/realtek/rtlwifi/rtl8192cu/mac.o
  CC [M]  drivers/media/pci/saa7134/saa7134-empress.o
  CC [M]  drivers/mmc/host/sdhci-pci-gli.o
  CC [M]  drivers/gpu/drm/nouveau/nvkm/subdev/mmu/gf100.o
  CC [M]  drivers/gpu/drm/i915/display/intel_wm.o
  CC [M]  drivers/media/pci/ivtv/ivtv-mailbox.o
  CC [M]  drivers/net/wireless/realtek/rtw88/fw.o
  CC [M]  drivers/md/dm-ebs-target.o
  CC [M]  net/ieee802154/6lowpan/rx.o
  CC [M]  fs/ocfs2/dlm/dlmconvert.o
  CC [M]  drivers/hwmon/tc654.o
  CC [M]  drivers/media/test-drivers/vivid/vivid-cec.o
  CC [M]  drivers/media/v4l2-core/v4l2-common.o
  CC [M]  fs/btrfs/transaction.o
  CC [M]  drivers/media/usb/gspca/sonixj.o
  CC [M]  drivers/media/dvb-frontends/cx24116.o
  CC [M]  net/6lowpan/ndisc.o
  CC [M]  drivers/gpu/drm/nouveau/nvkm/subdev/mmu/gk104.o
  CC      drivers/mmc/core/sdio.o
  CC [M]  drivers/media/pci/saa7134/saa7134-go7007.o
  CC [M]  drivers/net/wireless/realtek/rtlwifi/rtl8192cu/phy.o
  CC [M]  drivers/media/pci/ivtv/ivtv-queue.o
  CC [M]  drivers/md/dm-era-target.o
  CC [M]  drivers/gpu/drm/i915/display/i9xx_plane.o
  CC [M]  net/ieee802154/6lowpan/reassembly.o
  CC [M]  drivers/net/ethernet/microsoft/mana/hw_channel.o
  CC [M]  drivers/net/wireless/mediatek/mt76/mt792x_mac.o
  CC [M]  fs/btrfs/inode.o
  CC [M]  drivers/mmc/host/sdhci-acpi.o
  CC [M]  drivers/scsi/a100u2w.o
  CC [M]  drivers/hwmon/tps23861.o
  CC [M]  drivers/ufs/host/tc-dwc-g210-pci.o
  CC [M]  fs/ocfs2/dlm/dlmlock.o
  CC [M]  drivers/net/ethernet/intel/i40e/i40e_xsk.o
  AR      drivers/ufs/built-in.a
  CC [M]  fs/xfs/xfs_iops.o
  LD [M]  drivers/media/test-drivers/vivid/vivid.o
  CC [M]  drivers/gpu/drm/nouveau/nvkm/subdev/mmu/gk20a.o
  CC [M]  drivers/net/wireless/realtek/rtw89/cam.o
  CC [M]  drivers/ufs/host/ufshcd-dwc.o
  CC [M]  drivers/ufs/host/tc-dwc-g210.o
  CC [M]  drivers/ufs/host/cdns-pltfrm.o
  CC [M]  net/6lowpan/nhc_dest.o
  CC [M]  drivers/ufs/host/ufshcd-pci.o
  CC      drivers/mmc/core/sdio_ops.o
  CC [M]  drivers/media/usb/gspca/spca500.o
  CC [M]  drivers/media/pci/ivtv/ivtv-streams.o
  CC [M]  drivers/gpu/drm/amd/amdgpu/vcn_v2_5.o
  CC [M]  drivers/media/pci/saa7134/saa7134-alsa.o
  CC [M]  drivers/media/v4l2-core/v4l2-ctrls-core.o
  CC [M]  drivers/net/wireless/realtek/rtlwifi/rtl8192cu/rf.o
  CC [M]  drivers/net/ethernet/microsoft/mana/mana_en.o
  CC [M]  drivers/media/dvb-frontends/cx24117.o
  CC [M]  drivers/md/dm-clone-target.o
  CC [M]  net/ieee802154/6lowpan/tx.o
  CC [M]  drivers/hwmon/mlxreg-fan.o
  CC [M]  drivers/hwmon/menf21bmc_hwmon.o
  CC [M]  fs/gfs2/acl.o
  CC [M]  drivers/net/wireless/realtek/rtw88/ps.o
  CC [M]  drivers/mmc/host/sdhci_f_sdh30.o
  CC [M]  drivers/gpu/drm/nouveau/nvkm/subdev/mmu/gm200.o
  CC [M]  drivers/scsi/myrb.o
  CC [M]  fs/f2fs/dir.o
  CC      drivers/mmc/core/sdio_bus.o
  CC [M]  net/mac80211/util.o
  CC [M]  net/6lowpan/nhc_fragment.o
  CC [M]  drivers/gpu/drm/i915/display/i9xx_wm.o
  AR      drivers/net/ethernet/litex/built-in.a
  CC [M]  fs/f2fs/file.o
  CC [M]  drivers/media/pci/ivtv/ivtv-udma.o
  CC [M]  drivers/media/usb/gspca/spca501.o
  CC      drivers/net/xen-netfront.o
  CC [M]  drivers/ufs/host/ufshcd-pltfrm.o
  CC [M]  drivers/hwmon/mr75203.o
  CC [M]  drivers/net/wireless/realtek/rtw89/efuse.o
  CC [M]  fs/gfs2/bmap.o
  CC [M]  drivers/net/ethernet/intel/i40e/i40e_dcb.o
  LD [M]  net/ieee802154/6lowpan/ieee802154_6lowpan.o
  CC [M]  drivers/media/pci/saa7134/saa7134-dvb.o
  CC [M]  fs/ocfs2/dlm/dlmunlock.o
  CC [M]  net/ieee802154/netlink.o
  CC [M]  drivers/mmc/host/wbsd.o
  CC [M]  drivers/md/dm-clone-metadata.o
  CC [M]  drivers/net/wireless/realtek/rtlwifi/rtl8192cu/sw.o
  CC [M]  drivers/net/wireless/mediatek/mt76/mt792x_trace.o
  CC [M]  drivers/gpu/drm/nouveau/nvkm/subdev/mmu/gm20b.o
  CC [M]  net/6lowpan/nhc_hop.o
  CC [M]  drivers/net/ethernet/intel/iavf/iavf_main.o
  CC [M]  fs/xfs/xfs_inode.o
  CC [M]  drivers/media/pci/ivtv/ivtv-vbi.o
  CC [M]  drivers/media/usb/gspca/spca505.o
  CC      drivers/mmc/core/sdio_cis.o
  CC [M]  drivers/media/dvb-frontends/cx24120.o
  CC [M]  net/ieee802154/nl-mac.o
  CC [M]  drivers/hwmon/nct6683.o
  CC [M]  drivers/net/wireless/realtek/rtw88/sec.o
  CC [M]  drivers/gpu/drm/nouveau/nvkm/subdev/mmu/gp100.o
  CC [M]  drivers/media/v4l2-core/v4l2-ctrls-api.o
  CC [M]  drivers/md/dm-log-writes.o
  CC [M]  drivers/ufs/core/ufs-debugfs.o
  CC [M]  drivers/net/ethernet/intel/iavf/iavf_ethtool.o
  CC [M]  drivers/net/wireless/realtek/rtlwifi/rtl8192cu/table.o
  CC [M]  drivers/net/wireless/realtek/rtlwifi/rtl8192cu/trx.o
  CC [M]  drivers/scsi/myrs.o
  CC [M]  drivers/mmc/host/alcor.o
  CC [M]  net/6lowpan/nhc_ipv6.o
  CC [M]  drivers/net/ethernet/intel/i40e/i40e_dcb_nl.o
  CC      drivers/mmc/core/sdio_io.o
  CC [M]  drivers/net/ethernet/microsoft/mana/mana_ethtool.o
  CC [M]  drivers/net/wireless/realtek/rtw89/regd.o
  LD [M]  drivers/media/pci/saa7134/saa7134.o
  CC [M]  drivers/gpu/drm/nouveau/nvkm/subdev/mmu/gp10b.o
  CC [M]  drivers/media/usb/gspca/spca506.o
  CC [M]  drivers/media/pci/ivtv/ivtv-yuv.o
  CC [M]  drivers/net/ethernet/intel/iavf/iavf_virtchnl.o
  CC [M]  drivers/hwmon/nct6775-core.o
  CC [M]  fs/gfs2/dir.o
  CC [M]  drivers/ufs/core/ufs_bsg.o
  CC [M]  drivers/net/wireless/realtek/rtw88/bf.o
  CC [M]  drivers/net/wireless/mediatek/mt76/mt792x_debugfs.o
  LD [M]  fs/ocfs2/dlm/ocfs2_dlm.o
  CC [M]  drivers/md/dm-integrity.o
  CC [M]  fs/ocfs2/alloc.o
  CC [M]  net/6lowpan/nhc_mobility.o
  CC [M]  net/6lowpan/nhc_routing.o
  CC [M]  net/ieee802154/nl-phy.o
  LD [M]  drivers/net/wireless/realtek/rtlwifi/rtl8192cu/rtl8192cu.o
  CC [M]  drivers/mmc/host/mtk-sd.o
  CC [M]  drivers/hwmon/nct6775-platform.o
  CC [M]  drivers/net/wireless/realtek/rtlwifi/rtl8192se/dm.o
  CC [M]  drivers/media/dvb-frontends/cx24123.o
  CC [M]  drivers/gpu/drm/nouveau/nvkm/subdev/mmu/gv100.o
  CC [M]  drivers/net/ethernet/microsoft/mana/mana_bpf.o
  CC [M]  drivers/gpu/drm/i915/display/skl_scaler.o
  CC [M]  drivers/net/wireless/realtek/rtw89/sar.o
  CC      drivers/mmc/core/sdio_irq.o
  CC [M]  drivers/mmc/host/tifm_sd.o
  CC [M]  drivers/media/v4l2-core/v4l2-ctrls-request.o
  CC [M]  drivers/ufs/core/ufshcd-crypto.o
  CC [M]  drivers/media/usb/gspca/spca508.o
  CC [M]  drivers/scsi/3w-xxxx.o
  CC [M]  fs/btrfs/file.o
  CC [M]  drivers/media/pci/ivtv/ivtv-alsa-main.o
  LD [M]  drivers/net/ethernet/intel/i40e/i40e.o
  CC [M]  drivers/net/wireless/mediatek/mt76/mt792x_dma.o
  CC [M]  net/6lowpan/nhc_udp.o
  CC [M]  net/ieee802154/nl_policy.o
  CC [M]  fs/gfs2/xattr.o
  CC [M]  drivers/gpu/drm/nouveau/nvkm/subdev/mmu/tu102.o
  CC [M]  drivers/mmc/host/mmc_spi.o
  CC [M]  drivers/scsi/3w-9xxx.o
  CC [M]  drivers/net/wireless/realtek/rtlwifi/rtl8192se/fw.o
  CC [M]  fs/xfs/xfs_itable.o
  LD [M]  drivers/ufs/core/ufshcd-core.o
  CC [M]  fs/f2fs/inode.o
  CC [M]  drivers/scsi/3w-sas.o
  CC [M]  drivers/mmc/host/of_mmc_spi.o
  LD [M]  drivers/net/ethernet/microsoft/mana/mana.o
  CC [M]  drivers/net/wireless/realtek/rtlwifi/rtl8192se/hw.o
  CC [M]  drivers/net/wireless/realtek/rtw88/sar.o
  CC [M]  drivers/scsi/ppa.o
  CC [M]  drivers/net/wireless/realtek/rtw89/coex.o
  CC [M]  drivers/media/usb/gspca/spca561.o
  AR      drivers/net/wireless/rsi/built-in.a
  CC [M]  drivers/net/wireless/rsi/rsi_91x_main.o
  CC [M]  net/ieee802154/core.o
  CC [M]  drivers/net/ethernet/intel/iavf/iavf_fdir.o
  CC      drivers/mmc/core/slot-gpio.o
  CC [M]  drivers/gpu/drm/amd/amdgpu/vcn_v3_0.o
  CC [M]  drivers/media/v4l2-core/v4l2-ctrls-defs.o
  CC [M]  drivers/media/pci/ivtv/ivtv-alsa-pcm.o
  CC [M]  drivers/gpu/drm/nouveau/nvkm/subdev/mmu/mem.o
  CC [M]  drivers/media/dvb-frontends/cxd2099.o
  CC [M]  drivers/hwmon/nct7802.o
  CC [M]  drivers/net/wireless/rsi/rsi_91x_core.o
  CC [M]  drivers/gpu/drm/i915/display/skl_universal_plane.o
  LD [M]  net/6lowpan/6lowpan.o
  CC [M]  fs/xfs/xfs_iwalk.o
  CC [M]  drivers/media/v4l2-core/v4l2-compat-ioctl32.o
  CC [M]  drivers/net/wireless/realtek/rtlwifi/rtl8192de/dm.o
  CC [M]  net/mac80211/wme.o
  CC [M]  fs/gfs2/glock.o
  CC [M]  drivers/media/pci/solo6x10/solo6x10-core.o
  CC [M]  drivers/net/wireless/realtek/rtlwifi/rtl8192de/fw.o
  CC [M]  drivers/net/wireless/realtek/rtw88/regd.o
  CC [M]  drivers/media/usb/gspca/spca1528.o
  CC [M]  drivers/mmc/host/sdricoh_cs.o
  CC [M]  fs/ocfs2/aops.o
  CC [M]  drivers/net/wireless/realtek/rtlwifi/rtl8192se/led.o
  CC [M]  drivers/net/wireless/mediatek/mt76/mt792x_acpi_sar.o
  CC [M]  drivers/media/pci/ivtv/ivtvfb.o
  CC      drivers/mmc/core/regulator.o
  CC [M]  drivers/gpu/drm/nouveau/nvkm/subdev/mmu/memnv04.o
  CC [M]  net/ieee802154/header_ops.o
  CC [M]  drivers/scsi/imm.o
  CC [M]  drivers/media/dvb-frontends/cxd2820r_core.o
  CC [M]  drivers/net/ethernet/intel/iavf/iavf_adv_rss.o
  CC [M]  drivers/media/pci/solo6x10/solo6x10-i2c.o
  CC [M]  fs/f2fs/namei.o
  CC [M]  drivers/hwmon/nct7904.o
  CC [M]  drivers/md/dm-zoned-target.o
  CC [M]  drivers/gpu/drm/nouveau/nvkm/subdev/mmu/memnv50.o
  CC [M]  fs/btrfs/defrag.o
  CC [M]  drivers/net/wireless/rsi/rsi_91x_mac80211.o
  CC [M]  drivers/media/v4l2-core/v4l2-mc.o
  CC [M]  drivers/net/wireless/realtek/rtlwifi/rtl8192se/phy.o
  CC [M]  drivers/media/usb/gspca/sq905.o
  CC [M]  drivers/mmc/host/cb710-mmc.o
  CC [M]  net/mac80211/chan.o
  CC [M]  fs/gfs2/glops.o
  CC [M]  drivers/net/wireless/realtek/rtlwifi/rtl8723ae/dm.o
  CC [M]  drivers/net/wireless/realtek/rtlwifi/rtl8192de/hw.o
  CC [M]  drivers/hwmon/npcm750-pwm-fan.o
  CC [M]  drivers/net/wireless/silabs/wfx/bh.o
  CC [M]  drivers/media/pci/solo6x10/solo6x10-p2m.o
  CC [M]  drivers/scsi/ipr.o
  CC      drivers/mmc/core/debugfs.o
  CC [M]  drivers/net/ethernet/intel/iavf/iavf_txrx.o
  CC [M]  drivers/net/wireless/realtek/rtw88/wow.o
  CC [M]  drivers/gpu/drm/nouveau/nvkm/subdev/mmu/memgf100.o
  LD [M]  drivers/media/pci/ivtv/ivtv.o
  AR      drivers/net/wireless/silabs/built-in.a
  CC [M]  fs/xfs/xfs_message.o
  CC [M]  drivers/net/wireless/st/cw1200/fwio.o
  LD [M]  drivers/media/pci/ivtv/ivtv-alsa.o
  CC [M]  drivers/md/dm-zoned-metadata.o
  CC [M]  net/mac802154/main.o
  CC [M]  drivers/hwmon/ntc_thermistor.o
  CC [M]  net/ieee802154/sysfs.o
  CC [M]  drivers/mmc/host/via-sdmmc.o
  CC [M]  drivers/media/usb/gspca/sq905c.o
  CC [M]  fs/xfs/xfs_mount.o
  LD [M]  drivers/net/wireless/mediatek/mt76/mt76.o
  CC [M]  drivers/media/dvb-frontends/cxd2820r_c.o
  LD [M]  drivers/net/wireless/mediatek/mt76/mt76-usb.o
  CC [M]  drivers/gpu/drm/i915/display/skl_watermark.o
  LD [M]  drivers/net/wireless/mediatek/mt76/mt76-sdio.o
  LD [M]  drivers/net/wireless/mediatek/mt76/mt76x02-lib.o
  CC [M]  drivers/net/wireless/realtek/rtlwifi/rtl8723ae/fw.o
  CC [M]  fs/f2fs/hash.o
  LD [M]  drivers/net/wireless/mediatek/mt76/mt76x02-usb.o
  LD [M]  drivers/net/wireless/mediatek/mt76/mt76-connac-lib.o
  CC      drivers/mmc/core/crypto.o
  LD [M]  drivers/net/wireless/mediatek/mt76/mt792x-lib.o
  CC [M]  fs/btrfs/extent_map.o
  CC [M]  drivers/net/wireless/silabs/wfx/hwio.o
  CC [M]  drivers/net/wireless/realtek/rtlwifi/rtl8723ae/hal_btc.o
  CC [M]  drivers/gpu/drm/nouveau/nvkm/subdev/mmu/vmm.o
  CC [M]  drivers/hwmon/nzxt-kraken2.o
  CC [M]  drivers/mmc/host/vub300.o
  CC [M]  fs/btrfs/sysfs.o
  CC [M]  drivers/media/v4l2-core/v4l2-spi.o
  CC [M]  drivers/net/wireless/realtek/rtlwifi/rtl8192se/rf.o
  CC [M]  drivers/media/pci/solo6x10/solo6x10-v4l2.o
  CC [M]  fs/gfs2/log.o
  CC [M]  drivers/net/wireless/st/cw1200/txrx.o
  CC [M]  drivers/net/wireless/realtek/rtw88/rtw8822b.o
  CC [M]  fs/ocfs2/blockcheck.o
  CC [M]  net/ieee802154/nl802154.o
  CC [M]  fs/btrfs/accessors.o
  CC [M]  drivers/media/dvb-frontends/cxd2820r_t.o
  CC [M]  drivers/media/usb/gspca/sq930x.o
  CC [M]  fs/f2fs/super.o
  CC [M]  drivers/net/wireless/rsi/rsi_91x_mgmt.o
  CC [M]  drivers/hwmon/pc87360.o
  CC [M]  drivers/net/wireless/realtek/rtlwifi/rtl8192de/led.o
  CC [M]  drivers/mmc/core/block.o
  CC [M]  drivers/hwmon/pc87427.o
  CC [M]  drivers/md/dm-zoned-reclaim.o
  CC [M]  net/mac802154/rx.o
  CC [M]  drivers/net/ethernet/intel/iavf/iavf_common.o
  CC [M]  drivers/net/wireless/silabs/wfx/fwio.o
  CC [M]  drivers/net/wireless/realtek/rtlwifi/rtl8192se/sw.o
  CC [M]  drivers/media/v4l2-core/v4l2-trace.o
  CC [M]  fs/ocfs2/buffer_head_io.o
  CC [M]  drivers/net/wireless/realtek/rtlwifi/rtl8723ae/hal_bt_coexist.o
  CC [M]  drivers/media/pci/solo6x10/solo6x10-tw28.o
  CC [M]  drivers/net/wireless/realtek/rtw89/ps.o
  CC [M]  drivers/media/dvb-frontends/cxd2820r_t2.o
  CC [M]  net/ceph/ceph_common.o
  CC [M]  drivers/media/usb/gspca/sunplus.o
  CC [M]  fs/gfs2/lops.o
  CC [M]  drivers/mmc/host/ushc.o
  CC [M]  fs/btrfs/xattr.o
  CC [M]  net/batman-adv/bat_algo.o
  CC [M]  fs/xfs/xfs_mru_cache.o
  CC [M]  drivers/gpu/drm/nouveau/nvkm/subdev/mmu/vmmnv04.o
  CC [M]  net/mac80211/trace.o
  CC [M]  drivers/net/wireless/realtek/rtlwifi/rtl8723ae/hw.o
  CC [M]  drivers/md/dm-writecache.o
  CC [M]  drivers/net/wireless/realtek/rtlwifi/rtl8192de/phy.o
  CC [M]  drivers/gpu/drm/amd/amdgpu/vcn_v4_0.o
  CC [M]  drivers/net/wireless/rsi/rsi_91x_hal.o
  CC [M]  drivers/hwmon/pcf8591.o
  CC [M]  drivers/net/wireless/silabs/wfx/hif_tx_mib.o
  CC [M]  drivers/net/wireless/st/cw1200/main.o
  CC [M]  drivers/net/ethernet/intel/iavf/iavf_adminq.o
  CC [M]  drivers/net/wireless/realtek/rtlwifi/rtl8192se/table.o
  CC [M]  drivers/net/wireless/realtek/rtlwifi/rtl8192se/trx.o
  CC [M]  drivers/media/pci/solo6x10/solo6x10-gpio.o
  CC [M]  drivers/media/dvb-frontends/cxd2841er.o
  CC [M]  drivers/mmc/host/usdhi6rol0.o
  CC [M]  net/mac802154/tx.o
  CC [M]  drivers/net/wireless/realtek/rtw89/chan.o
  CC [M]  net/mac80211/mlme.o
  CC [M]  fs/xfs/xfs_pwork.o
  CC [M]  net/batman-adv/bat_iv_ogm.o
  CC [M]  drivers/mmc/core/queue.o
  CC [M]  drivers/media/usb/gspca/stk014.o
  CC [M]  drivers/gpu/drm/nouveau/nvkm/subdev/mmu/vmmnv41.o
  CC [M]  fs/ocfs2/dcache.o
  CC [M]  drivers/hwmon/powr1220.o
  CC [M]  drivers/media/v4l2-core/v4l2-i2c.o
  CC [M]  fs/btrfs/ordered-data.o
  CC [M]  fs/gfs2/main.o
  CC [M]  drivers/net/wireless/realtek/rtw88/rtw8822b_table.o
  CC [M]  net/ieee802154/trace.o
  CC [M]  net/ceph/messenger.o
  CC [M]  drivers/net/wireless/silabs/wfx/hif_tx.o
  CC [M]  drivers/gpu/drm/i915/display/intel_acpi.o
  CC [M]  drivers/media/pci/solo6x10/solo6x10-disp.o
  CC [M]  drivers/net/ethernet/intel/iavf/iavf_client.o
  CC [M]  net/mac802154/mac_cmd.o
  LD [M]  drivers/net/wireless/realtek/rtlwifi/rtl8192se/rtl8192se.o
  CC [M]  fs/gfs2/meta_io.o
  CC [M]  drivers/mmc/core/sdio_uart.o
  CC [M]  drivers/gpu/drm/nouveau/nvkm/subdev/mmu/vmmnv44.o
  CC [M]  drivers/scsi/hptiop.o
  CC [M]  drivers/hwmon/sbtsi_temp.o
  CC [M]  drivers/media/usb/gspca/stk1135.o
  CC [M]  drivers/net/wireless/st/cw1200/queue.o
  CC [M]  net/nfc/nci/core.o
  CC [M]  drivers/net/wireless/realtek/rtw89/ser.o
  LD [M]  drivers/md/linear.o
  CC [M]  drivers/mmc/host/toshsd.o
  LD [M]  drivers/md/raid456.o
  LD [M]  drivers/md/multipath.o
  LD [M]  drivers/md/faulty.o
  LD [M]  drivers/md/dm-bio-prison.o
  LD [M]  drivers/md/dm-multipath.o
  LD [M]  drivers/md/dm-round-robin.o
  CC [M]  drivers/net/wireless/rsi/rsi_91x_ps.o
  LD [M]  drivers/md/dm-queue-length.o
  CC [M]  drivers/net/wireless/realtek/rtw88/rtw8822be.o
  LD [M]  drivers/md/dm-service-time.o
  CC [M]  drivers/net/wireless/realtek/rtlwifi/rtl8723ae/led.o
  LD [M]  drivers/md/dm-historical-service-time.o
  LD [M]  drivers/md/dm-io-affinity.o
  LD [M]  drivers/md/dm-snapshot.o
  CC [M]  drivers/net/wireless/realtek/rtlwifi/rtl8192de/rf.o
  LD [M]  drivers/md/dm-mirror.o
  CC [M]  fs/ocfs2/dir.o
  LD [M]  drivers/md/dm-log-userspace.o
  LD [M]  drivers/md/dm-thin-pool.o
  LD [M]  drivers/md/dm-verity.o
  CC [M]  net/mac802154/mib.o
  CC [M]  drivers/media/pci/solo6x10/solo6x10-enc.o
  LD [M]  drivers/md/dm-cache.o
  CC [M]  drivers/net/wireless/silabs/wfx/hif_rx.o
  LD [M]  drivers/md/dm-cache-smq.o
  CC [M]  drivers/gpu/drm/i915/display/intel_opregion.o
  CC [M]  fs/xfs/xfs_reflink.o
  LD [M]  drivers/md/dm-ebs.o
  CC [M]  drivers/hwmon/sbrmi.o
  CC [M]  fs/btrfs/extent_io.o
  LD [M]  drivers/media/v4l2-core/tuner.o
  LD [M]  drivers/md/dm-era.o
  LD [M]  drivers/media/v4l2-core/videodev.o
  LD [M]  drivers/md/dm-clone.o
  LD [M]  drivers/md/dm-zoned.o
  CC [M]  drivers/gpu/drm/nouveau/nvkm/subdev/mmu/vmmnv50.o
  AR      drivers/md/built-in.a
  CC [M]  net/batman-adv/bitarray.o
  CC [M]  net/ceph/msgpool.o
  CC [M]  drivers/media/usb/gspca/stv0680.o
  LD [M]  drivers/mmc/core/mmc_block.o
  CC [M]  fs/gfs2/aops.o
  CC [M]  net/nfc/hci/core.o
  CC [M]  drivers/mmc/host/rtsx_pci_sdmmc.o
  AR      drivers/mmc/core/built-in.a
  CC [M]  drivers/gpu/drm/amd/amdgpu/vcn_v4_0_3.o
  CC [M]  net/ieee802154/socket.o
  CC [M]  drivers/net/wireless/st/cw1200/hwio.o
  CC [M]  drivers/scsi/stex.o
  CC [M]  drivers/net/wireless/realtek/rtw88/rtw8822c.o
  CC [M]  drivers/net/wireless/rsi/rsi_91x_coex.o
  CC [M]  drivers/net/wireless/realtek/rtlwifi/rtl8723ae/phy.o
  CC [M]  drivers/hwmon/sch56xx-common.o
  CC [M]  net/mac802154/iface.o
  CC [M]  drivers/media/dvb-frontends/dib3000mb.o
  CC [M]  drivers/media/pci/solo6x10/solo6x10-v4l2-enc.o
  CC [M]  drivers/net/wireless/realtek/rtlwifi/rtl8192de/sw.o
  LD [M]  drivers/net/ethernet/intel/iavf/iavf.o
  CC [M]  drivers/net/wireless/silabs/wfx/queue.o
  CC [M]  net/batman-adv/bridge_loop_avoidance.o
  CC [M]  drivers/net/ethernet/intel/fm10k/fm10k_main.o
  CC [M]  drivers/media/usb/gspca/t613.o
  CC [M]  drivers/net/wireless/realtek/rtw89/acpi.o
  CC [M]  drivers/gpu/drm/nouveau/nvkm/subdev/mmu/vmmmcp77.o
  CC [M]  drivers/net/ethernet/intel/fm10k/fm10k_common.o
  CC [M]  fs/gfs2/dentry.o
  CC [M]  drivers/mmc/host/rtsx_usb_sdmmc.o
  CC [M]  net/nfc/nci/data.o
  CC [M]  drivers/gpu/drm/i915/display/intel_fbdev.o
  CC [M]  drivers/net/wireless/st/cw1200/bh.o
  CC [M]  net/ceph/buffer.o
  CC [M]  drivers/net/wireless/rsi/rsi_91x_sdio.o
  CC [M]  drivers/scsi/mvumi.o
  CC [M]  net/nfc/hci/hcp.o
  LD [M]  net/ieee802154/ieee802154.o
  LD [M]  net/ieee802154/ieee802154_socket.o
  CC [M]  drivers/net/wireless/realtek/rtw88/rtw8822c_table.o
  CC [M]  drivers/net/wireless/realtek/rtlwifi/rtl8192de/table.o
  CC [M]  drivers/hwmon/sch5627.o
  CC [M]  drivers/gpu/drm/nouveau/nvkm/subdev/mmu/vmmgf100.o
  CC [M]  fs/f2fs/inline.o
  CC [M]  fs/gfs2/export.o
  CC [M]  drivers/net/wireless/realtek/rtlwifi/rtl8192de/trx.o
  CC [M]  drivers/net/wireless/realtek/rtw89/wow.o
  CC [M]  fs/xfs/xfs_stats.o
  CC [M]  net/mac802154/llsec.o
  CC [M]  drivers/net/wireless/realtek/rtlwifi/rtl8723ae/pwrseq.o
  CC [M]  fs/ceph/super.o
  CC [M]  drivers/net/wireless/silabs/wfx/data_tx.o
  CC [M]  drivers/media/usb/gspca/topro.o
  CC      drivers/net/net_failover.o
  CC [M]  drivers/media/pci/solo6x10/solo6x10-g723.o
  CC [M]  drivers/hwmon/sch5636.o
  CC [M]  net/nfc/hci/command.o
  CC [M]  drivers/mmc/host/sdhci-pltfm.o
  CC [M]  drivers/media/dvb-frontends/dib3000mc.o
  CC [M]  net/ceph/pagelist.o
  CC [M]  fs/gfs2/file.o
  CC [M]  drivers/gpu/drm/i915/display/dvo_ch7017.o
  CC [M]  drivers/net/wireless/rsi/rsi_91x_sdio_ops.o
  CC [M]  fs/xfs/xfs_super.o
  CC [M]  drivers/net/ethernet/intel/fm10k/fm10k_pci.o
  CC [M]  drivers/net/wireless/realtek/rtlwifi/rtl8723ae/rf.o
  CC [M]  net/batman-adv/distributed-arp-table.o
  CC [M]  fs/btrfs/volumes.o
  CC [M]  net/nfc/nci/lib.o
  CC [M]  fs/ocfs2/dlmglue.o
  CC [M]  drivers/gpu/drm/nouveau/nvkm/subdev/mmu/vmmgk104.o
  CC [M]  drivers/net/wireless/realtek/rtlwifi/rtl8723be/dm.o
  CC [M]  drivers/hwmon/sht15.o
  CC [M]  drivers/scsi/pmcraid.o
  LD [M]  drivers/net/wireless/realtek/rtlwifi/rtl8192de/rtl8192de.o
  CC [M]  drivers/net/wireless/st/cw1200/wsm.o
  CC [M]  drivers/net/wireless/realtek/rtw89/debug.o
  CC [M]  fs/ocfs2/export.o
  CC [M]  net/mac802154/util.o
  CC [M]  drivers/media/pci/solo6x10/solo6x10-eeprom.o
  CC [M]  fs/ceph/inode.o
  CC [M]  drivers/net/wireless/silabs/wfx/data_rx.o
  CC [M]  drivers/media/usb/gspca/touptek.o
  CC [M]  drivers/mmc/host/cqhci-core.o
  CC [M]  net/ceph/mon_client.o
  CC [M]  net/nfc/hci/llc.o
  CC [M]  drivers/net/wireless/rsi/rsi_91x_usb.o
  CC [M]  drivers/gpu/drm/i915/display/dvo_ch7xxx.o
  CC [M]  fs/f2fs/checkpoint.o
  CC [M]  drivers/gpu/drm/nouveau/nvkm/subdev/mmu/vmmgk20a.o
  CC [M]  net/nfc/nci/ntf.o
  CC [M]  drivers/hwmon/sht21.o
  CC [M]  drivers/net/wireless/realtek/rtlwifi/rtl8723ae/sw.o
  CC [M]  fs/gfs2/ops_fstype.o
  CC [M]  fs/f2fs/gc.o
  CC [M]  drivers/media/dvb-frontends/dibx000_common.o
  LD [M]  drivers/media/pci/solo6x10/solo6x10.o
  CC [M]  drivers/net/ethernet/intel/fm10k/fm10k_netdev.o
  CC [M]  drivers/net/wireless/realtek/rtlwifi/rtl8723be/fw.o
  CC [M]  drivers/media/pci/tw5864/tw5864-core.o
  CC [M]  net/batman-adv/fragmentation.o
  CC [M]  net/nfc/nci/rsp.o
  CC [M]  drivers/net/wireless/silabs/wfx/scan.o
  CC [M]  drivers/net/wireless/realtek/rtw88/rtw8822ce.o
  CC [M]  drivers/gpu/drm/nouveau/nvkm/subdev/mmu/vmmgm200.o
  CC [M]  drivers/media/usb/gspca/tv8532.o
  CC [M]  drivers/media/pci/tw5864/tw5864-video.o
  CC [M]  drivers/gpu/drm/i915/display/dvo_ivch.o
  CC [M]  net/mac802154/cfg.o
  CC [M]  drivers/net/wireless/rsi/rsi_91x_usb_ops.o
  CC [M]  net/nfc/hci/llc_nop.o
  CC [M]  drivers/hwmon/sht3x.o
  CC [M]  drivers/net/wireless/st/cw1200/sta.o
  CC [M]  drivers/net/wireless/realtek/rtlwifi/rtl8723ae/table.o
  CC [M]  fs/ocfs2/extent_map.o
  CC [M]  drivers/gpu/drm/amd/amdgpu/amdgpu_jpeg.o
  CC [M]  drivers/net/wireless/realtek/rtlwifi/rtl8723ae/trx.o
  CC [M]  fs/xfs/xfs_symlink.o
  CC [M]  drivers/mmc/host/cqhci-crypto.o
  CC [M]  drivers/gpu/drm/drm_client.o
  CC [M]  drivers/net/ethernet/intel/ice/ice_main.o
  CC [M]  net/batman-adv/gateway_client.o
  CC [M]  drivers/gpu/drm/nouveau/nvkm/subdev/mmu/vmmgm20b.o
  CC [M]  drivers/net/wireless/silabs/wfx/sta.o
  CC [M]  fs/gfs2/inode.o
  CC [M]  drivers/net/wireless/realtek/rtlwifi/rtl8723be/hw.o
  CC [M]  drivers/net/wireless/realtek/rtw88/rtw8723d.o
  CC [M]  net/nfc/nci/hci.o
  CC [M]  net/ceph/decode.o
  CC [M]  drivers/media/dvb-frontends/dib7000m.o
  CC [M]  net/nfc/hci/llc_shdlc.o
  CC [M]  drivers/scsi/virtio_scsi.o
  CC [M]  fs/ceph/dir.o
  CC [M]  drivers/media/usb/gspca/vc032x.o
  CC [M]  drivers/gpu/drm/i915/display/dvo_ns2501.o
  LD [M]  drivers/net/wireless/rsi/rsi_91x.o
  CC [M]  drivers/net/ethernet/intel/fm10k/fm10k_ethtool.o
  LD [M]  drivers/net/wireless/rsi/rsi_sdio.o
  CC [M]  drivers/hwmon/sht4x.o
  LD [M]  drivers/net/wireless/rsi/rsi_usb.o
  CC [M]  drivers/media/pci/tw5864/tw5864-h264.o
  CC [M]  net/batman-adv/gateway_common.o
  CC [M]  drivers/media/dvb-frontends/dib7000p.o
  CC [M]  net/mac802154/scan.o
  CC [M]  drivers/mmc/host/sdhci-xenon.o
  CC [M]  drivers/gpu/drm/nouveau/nvkm/subdev/mmu/vmmgp100.o
  CC [M]  fs/f2fs/data.o
  CC [M]  drivers/gpu/drm/amd/amdgpu/jpeg_v1_0.o
  LD [M]  drivers/net/wireless/realtek/rtlwifi/rtl8723ae/rtl8723ae.o
  CC [M]  drivers/net/wireless/realtek/rtlwifi/rtl8723be/led.o
  LD [M]  net/nfc/hci/hci.o
  CC [M]  drivers/net/wireless/realtek/rtw88/rtw8723d_table.o
  CC [M]  drivers/net/wireless/ti/wlcore/main.o
  CC [M]  drivers/net/wireless/realtek/rtw89/rtw8852a.o
  CC [M]  drivers/hwmon/shtc1.o
  CC [M]  net/ceph/cls_lock_client.o
  CC [M]  drivers/net/wireless/zydas/zd1211rw/zd_chip.o
  CC [M]  drivers/net/wireless/silabs/wfx/key.o
  CC [M]  fs/ocfs2/file.o
  CC [M]  net/batman-adv/hard-interface.o
  CC [M]  fs/gfs2/quota.o
  CC [M]  drivers/media/pci/tw5864/tw5864-util.o
  CC [M]  drivers/scsi/vmw_pvscsi.o
  CC [M]  drivers/net/wireless/st/cw1200/scan.o
  CC [M]  drivers/gpu/drm/i915/display/dvo_sil164.o
  CC [M]  drivers/media/usb/gspca/vicam.o
  CC [M]  fs/btrfs/async-thread.o
  CC [M]  drivers/mmc/host/sdhci-xenon-phy.o
  CC [M]  drivers/net/ethernet/intel/fm10k/fm10k_pf.o
  CC [M]  net/mac802154/trace.o
  CC [M]  fs/xfs/xfs_sysfs.o
  AR      drivers/net/wireless/zydas/built-in.a
  CC [M]  net/nfc/nci/spi.o
  CC [M]  fs/erofs/super.o
  CC [M]  net/mac80211/tdls.o
  CC [M]  net/nfc/nci/uart.o
  CC [M]  drivers/gpu/drm/nouveau/nvkm/subdev/mmu/vmmgp10b.o
  CC [M]  fs/ceph/file.o
  CC      drivers/leds/trigger/ledtrig-disk.o
  CC [M]  drivers/hwmon/sis5595.o
  LD [M]  drivers/media/pci/tw5864/tw5864.o
  CC [M]  drivers/media/pci/tw686x/tw686x-core.o
  CC [M]  drivers/gpu/drm/amd/amdgpu/jpeg_v2_0.o
  CC [M]  drivers/net/wireless/silabs/wfx/main.o
  CC [M]  drivers/net/wireless/realtek/rtlwifi/rtl8723be/phy.o
  CC [M]  drivers/media/usb/gspca/xirlink_cit.o
  CC [M]  drivers/gpu/drm/i915/display/dvo_tfp410.o
  CC [M]  net/batman-adv/hash.o
  CC [M]  fs/xfs/xfs_trans.o
  CC [M]  drivers/scsi/xen-scsifront.o
  CC [M]  fs/btrfs/ioctl.o
  CC [M]  drivers/net/wireless/st/cw1200/debug.o
  CC [M]  drivers/net/wireless/realtek/rtw88/rtw8723de.o
  CC [M]  drivers/media/dvb-frontends/dib8000.o
  CC [M]  drivers/net/wireless/zydas/zd1211rw/zd_mac.o
  LD [M]  drivers/mmc/host/sdhci-pci.o
  CC      drivers/leds/trigger/ledtrig-mtd.o
  LD [M]  drivers/mmc/host/cqhci.o
  CC [M]  drivers/gpu/drm/nouveau/nvkm/subdev/mmu/vmmgv100.o
  LD [M]  drivers/mmc/host/sdhci-xenon-driver.o
  CC [M]  net/ceph/osd_client.o
  AR      drivers/mmc/built-in.a
  CC      drivers/leds/trigger/ledtrig-cpu.o
  CC [M]  drivers/net/ethernet/intel/fm10k/fm10k_vf.o
  CC [M]  drivers/hwmon/smsc47b397.o
  CC [M]  fs/gfs2/recovery.o
  CC      drivers/leds/trigger/ledtrig-panic.o
  CC [M]  drivers/media/pci/tw686x/tw686x-video.o
  LD [M]  net/nfc/nci/nci.o
  LD [M]  net/nfc/nci/nci_spi.o
  LD [M]  net/nfc/nci/nci_uart.o
  CC [M]  net/nfc/core.o
  CC [M]  fs/erofs/inode.o
  LD [M]  net/mac802154/mac802154.o
  CC [M]  net/batman-adv/main.o
  CC [M]  drivers/media/dvb-frontends/dib9000.o
  CC [M]  drivers/gpu/drm/i915/display/g4x_dp.o
  CC [M]  drivers/net/wireless/silabs/wfx/debug.o
  CC [M]  fs/f2fs/node.o
  CC [M]  drivers/net/wireless/realtek/rtw88/rtw8821c.o
  CC [M]  drivers/gpu/drm/nouveau/nvkm/subdev/mmu/vmmtu102.o
  CC [M]  drivers/leds/trigger/ledtrig-timer.o
  CC [M]  drivers/hwmon/smsc47m1.o
  CC [M]  drivers/net/wireless/realtek/rtlwifi/rtl8188ee/dm.o
  CC [M]  drivers/gpu/drm/amd/amdgpu/jpeg_v2_5.o
  CC [M]  drivers/net/wireless/st/cw1200/pm.o
  CC [M]  drivers/net/ethernet/intel/fm10k/fm10k_mbx.o
  CC [M]  drivers/scsi/storvsc_drv.o
  CC [M]  drivers/net/wireless/realtek/rtw89/rtw8852a_table.o
  CC [M]  drivers/media/usb/gspca/zc3xx.o
  CC [M]  fs/gfs2/rgrp.o
  CC [M]  fs/ocfs2/heartbeat.o
  CC [M]  drivers/net/wireless/zydas/zd1211rw/zd_rf_al2230.o
  CC [M]  drivers/leds/trigger/ledtrig-oneshot.o
  CC [M]  fs/erofs/data.o
  CC [M]  fs/ceph/locks.o
  CC [M]  drivers/net/wireless/realtek/rtlwifi/rtl8723be/pwrseq.o
  CC [M]  drivers/gpu/drm/nouveau/nvkm/subdev/mmu/umem.o
  CC [M]  net/batman-adv/multicast.o
  CC [M]  drivers/hwmon/smsc47m192.o
  CC [M]  drivers/leds/trigger/ledtrig-heartbeat.o
  CC [M]  net/mac80211/ocb.o
  CC [M]  drivers/media/pci/tw686x/tw686x-audio.o
  CC [M]  fs/xfs/xfs_xattr.o
  CC [M]  fs/btrfs/locking.o
  CC [M]  drivers/net/wireless/zydas/zd1211rw/zd_rf_rf2959.o
  CC [M]  drivers/net/ethernet/intel/fm10k/fm10k_iov.o
  CC [M]  drivers/gpu/drm/amd/amdgpu/jpeg_v3_0.o
  CC [M]  fs/erofs/namei.o
  CC [M]  drivers/gpu/drm/i915/display/g4x_hdmi.o
  CC [M]  drivers/leds/trigger/ledtrig-backlight.o
  CC [M]  drivers/net/wireless/silabs/wfx/bus_spi.o
  CC [M]  drivers/media/usb/au0828/au0828-core.o
  CC [M]  drivers/net/wireless/realtek/rtlwifi/rtl8188ee/fw.o
  CC [M]  drivers/net/wireless/st/cw1200/cw1200_sdio.o
  CC [M]  drivers/gpu/drm/nouveau/nvkm/subdev/mmu/ummu.o
  CC [M]  drivers/scsi/wd719x.o
  CC [M]  fs/ceph/addr.o
  CC [M]  fs/ocfs2/inode.o
  LD [M]  drivers/media/usb/gspca/gspca_main.o
  CC [M]  net/nfc/netlink.o
  LD [M]  drivers/media/usb/gspca/gspca_benq.o
  CC [M]  drivers/net/wireless/realtek/rtlwifi/rtl8723be/rf.o
  LD [M]  drivers/media/usb/gspca/gspca_conex.o
  CC [M]  drivers/net/wireless/ti/wlcore/cmd.o
  LD [M]  drivers/media/usb/gspca/gspca_cpia1.o
  LD [M]  drivers/media/usb/gspca/gspca_dtcs033.o
  LD [M]  drivers/media/usb/gspca/gspca_etoms.o
  CC [M]  drivers/hwmon/stts751.o
  LD [M]  drivers/media/usb/gspca/gspca_finepix.o
  LD [M]  drivers/media/usb/gspca/gspca_jeilinj.o
  LD [M]  drivers/media/usb/gspca/gspca_jl2005bcd.o
  LD [M]  drivers/media/usb/gspca/gspca_kinect.o
  CC [M]  fs/xfs/kmem.o
  LD [M]  drivers/media/usb/gspca/gspca_konica.o
  LD [M]  drivers/media/usb/gspca/gspca_mars.o
  CC [M]  net/batman-adv/netlink.o
  LD [M]  drivers/media/usb/gspca/gspca_mr97310a.o
  LD [M]  drivers/media/usb/gspca/gspca_nw80x.o
  LD [M]  drivers/media/usb/gspca/gspca_ov519.o
  LD [M]  drivers/media/usb/gspca/gspca_ov534.o
  CC [M]  fs/gfs2/super.o
  LD [M]  drivers/media/usb/gspca/gspca_ov534_9.o
  LD [M]  drivers/media/pci/tw686x/tw686x.o
  CC [M]  drivers/net/wireless/realtek/rtw88/rtw8821c_table.o
  CC [M]  fs/erofs/dir.o
  LD [M]  drivers/media/usb/gspca/gspca_pac207.o
  LD [M]  drivers/media/usb/gspca/gspca_pac7302.o
  CC [M]  drivers/media/pci/tw68/tw68-core.o
  LD [M]  drivers/media/usb/gspca/gspca_pac7311.o
  CC [M]  drivers/net/wireless/realtek/rtw89/rtw8852a_rfk.o
  CC [M]  drivers/leds/trigger/ledtrig-activity.o
  LD [M]  drivers/media/usb/gspca/gspca_se401.o
  CC [M]  net/mac80211/airtime.o
  CC [M]  fs/xfs/xfs_log.o
  LD [M]  drivers/media/usb/gspca/gspca_sn9c2028.o
  LD [M]  drivers/media/usb/gspca/gspca_sn9c20x.o
  CC [M]  drivers/net/wireless/zydas/zd1211rw/zd_rf_al7230b.o
  LD [M]  drivers/media/usb/gspca/gspca_sonixb.o
  CC [M]  drivers/net/ethernet/intel/ice/ice_controlq.o
  LD [M]  drivers/media/usb/gspca/gspca_sonixj.o
  LD [M]  drivers/media/usb/gspca/gspca_spca500.o
  LD [M]  drivers/media/usb/gspca/gspca_spca501.o
  CC [M]  fs/btrfs/orphan.o
  LD [M]  drivers/media/usb/gspca/gspca_spca505.o
  CC [M]  drivers/net/ethernet/intel/fm10k/fm10k_tlv.o
  LD [M]  drivers/media/usb/gspca/gspca_spca506.o
  CC [M]  drivers/media/dvb-frontends/drxd_firm.o
  LD [M]  drivers/media/usb/gspca/gspca_spca508.o
  CC [M]  drivers/gpu/drm/nouveau/nvkm/subdev/mmu/uvmm.o
  LD [M]  drivers/media/usb/gspca/gspca_spca561.o
  LD [M]  drivers/media/usb/gspca/gspca_spca1528.o
  CC [M]  drivers/media/usb/au0828/au0828-i2c.o
  LD [M]  drivers/media/usb/gspca/gspca_sq905.o
  LD [M]  drivers/media/usb/gspca/gspca_sq905c.o
  CC [M]  drivers/gpu/drm/amd/amdgpu/jpeg_v4_0.o
  LD [M]  drivers/media/usb/gspca/gspca_sq930x.o
  CC [M]  drivers/media/dvb-frontends/drxd_hard.o
  LD [M]  drivers/media/usb/gspca/gspca_sunplus.o
  LD [M]  drivers/media/usb/gspca/gspca_stk014.o
  CC [M]  drivers/net/wireless/silabs/wfx/bus_sdio.o
  LD [M]  drivers/media/usb/gspca/gspca_stk1135.o
  LD [M]  drivers/media/usb/gspca/gspca_stv0680.o
  CC [M]  drivers/net/wireless/st/cw1200/cw1200_spi.o
  LD [M]  drivers/media/usb/gspca/gspca_t613.o
  CC [M]  drivers/scsi/st.o
  LD [M]  drivers/media/usb/gspca/gspca_topro.o
  LD [M]  drivers/media/usb/gspca/gspca_touptek.o
  LD [M]  drivers/media/usb/gspca/gspca_tv8532.o
  CC [M]  drivers/net/wireless/realtek/rtlwifi/rtl8188ee/hw.o
  LD [M]  drivers/media/usb/gspca/gspca_vc032x.o
  LD [M]  drivers/media/usb/gspca/gspca_vicam.o
  LD [M]  drivers/media/usb/gspca/gspca_xirlink_cit.o
  CC [M]  drivers/hwmon/amc6821.o
  CC [M]  drivers/net/wireless/realtek/rtlwifi/rtl8723be/sw.o
  LD [M]  drivers/media/usb/gspca/gspca_zc3xx.o
  CC [M]  drivers/gpu/drm/i915/display/icl_dsi.o
  CC [M]  drivers/leds/trigger/ledtrig-default-on.o
  CC [M]  fs/ceph/ioctl.o
  CC [M]  fs/erofs/utils.o
  CC [M]  drivers/net/wireless/realtek/rtw88/rtw8821ce.o
  CC [M]  drivers/media/pci/tw68/tw68-video.o
  CC [M]  fs/f2fs/segment.o
  CC [M]  drivers/leds/trigger/ledtrig-transient.o
  CC [M]  fs/btrfs/export.o
  CC [M]  drivers/net/wireless/zydas/zd1211rw/zd_rf_uw2453.o
  CC [M]  net/batman-adv/network-coding.o
  CC [M]  drivers/net/ethernet/intel/fm10k/fm10k_debugfs.o
  CC [M]  net/ceph/osdmap.o
  CC [M]  fs/gfs2/sys.o
  CC [M]  drivers/media/usb/au0828/au0828-cards.o
  CC [M]  fs/ocfs2/ioctl.o
  CC [M]  drivers/gpu/drm/nouveau/nvkm/subdev/mxm/base.o
  LD [M]  drivers/net/wireless/silabs/wfx/wfx.o
  CC [M]  fs/erofs/sysfs.o
  CC [M]  fs/ocfs2/journal.o
  LD [M]  drivers/net/wireless/st/cw1200/cw1200_core.o
  CC [M]  fs/ocfs2/localalloc.o
  CC [M]  drivers/hwmon/tc74.o
  CC [M]  drivers/net/ethernet/intel/ice/ice_common.o
  CC [M]  drivers/net/wireless/zydas/zd1211rw/zd_rf.o
  CC [M]  drivers/net/wireless/realtek/rtlwifi/rtl8723be/table.o
  CC [M]  drivers/leds/trigger/ledtrig-camera.o
  CC [M]  drivers/gpu/drm/amd/amdgpu/jpeg_v4_0_3.o
  CC [M]  net/nfc/af_nfc.o
  LD [M]  drivers/net/wireless/st/cw1200/cw1200_wlan_sdio.o
  LD [M]  drivers/net/wireless/st/cw1200/cw1200_wlan_spi.o
  AR      drivers/net/wireless/st/built-in.a
  CC [M]  drivers/net/wireless/realtek/rtlwifi/rtl8723be/trx.o
  CC [M]  drivers/net/ethernet/intel/fm10k/fm10k_dcbnl.o
  CC [M]  fs/ceph/export.o
  CC [M]  drivers/net/wireless/realtek/rtw88/pci.o
  CC [M]  fs/f2fs/recovery.o
  CC [M]  fs/btrfs/tree-log.o
  CC [M]  drivers/media/pci/tw68/tw68-risc.o
  CC [M]  drivers/net/wireless/ti/wl12xx/main.o
  CC [M]  fs/erofs/xattr.o
  CC [M]  drivers/net/wireless/ti/wlcore/io.o
  CC [M]  drivers/gpu/drm/nouveau/nvkm/subdev/mxm/mxms.o
  CC [M]  drivers/media/usb/au0828/au0828-dvb.o
  CC [M]  fs/gfs2/trans.o
  CC [M]  drivers/leds/trigger/ledtrig-netdev.o
  CC [M]  drivers/net/wireless/ti/wl1251/main.o
  CC [M]  drivers/hwmon/thmc50.o
  CC [M]  drivers/media/dvb-frontends/drxk_hard.o
  LD [M]  drivers/net/ethernet/intel/fm10k/fm10k.o
  CC [M]  drivers/net/wireless/zydas/zd1211rw/zd_usb.o
  CC [M]  net/psample/psample.o
  CC [M]  net/batman-adv/originator.o
  CC [M]  drivers/gpu/drm/i915/display/intel_backlight.o
  CC [M]  drivers/net/wireless/realtek/rtlwifi/rtl8188ee/led.o
  CC [M]  fs/ceph/caps.o
  CC [M]  fs/erofs/decompressor.o
  LD [M]  drivers/media/pci/tw68/tw68.o
  CC [M]  fs/xfs/xfs_log_cil.o
  CC [M]  drivers/scsi/ch.o
  CC [M]  net/nfc/rawsock.o
  CC [M]  drivers/gpu/drm/nouveau/nvkm/subdev/mxm/nv50.o
  CC [M]  fs/gfs2/util.o
  CC [M]  drivers/media/pci/zoran/zoran_device.o
  LD [M]  drivers/net/wireless/realtek/rtlwifi/rtl8723be/rtl8723be.o
  CC [M]  drivers/hwmon/tmp102.o
  CC [M]  drivers/media/pci/zoran/zoran_driver.o
  CC [M]  drivers/media/usb/au0828/au0828-video.o
  CC [M]  drivers/media/pci/zoran/zoran_card.o
  CC [M]  drivers/leds/trigger/ledtrig-pattern.o
  CC [M]  drivers/gpu/drm/amd/amdgpu/athub_v1_0.o
  CC [M]  net/mac80211/eht.o
  CC [M]  drivers/net/wireless/realtek/rtw89/rtw8852a_rfk_table.o
  CC [M]  drivers/net/wireless/ti/wl12xx/cmd.o
  CC [M]  net/mac80211/led.o
  CC [M]  fs/ocfs2/locks.o
  CC [M]  drivers/net/wireless/realtek/rtlwifi/rtl8188ee/phy.o
  CC [M]  fs/erofs/zmap.o
  CC [M]  drivers/gpu/drm/nouveau/nvkm/subdev/pci/agp.o
  CC [M]  drivers/net/wireless/ti/wlcore/event.o
  CC [M]  fs/gfs2/lock_dlm.o
  LD [M]  drivers/net/wireless/realtek/rtw88/rtw88_core.o
  CC [M]  drivers/leds/trigger/ledtrig-audio.o
  CC [M]  net/ceph/crush/crush.o
  LD [M]  drivers/net/wireless/zydas/zd1211rw/zd1211rw.o
  CC [M]  drivers/hwmon/tmp103.o
  CC [M]  drivers/net/wireless/zydas/zd1201.o
  LD [M]  drivers/net/wireless/realtek/rtw88/rtw88_8822b.o
  LD [M]  drivers/net/wireless/realtek/rtw88/rtw88_8822be.o
  LD [M]  drivers/net/wireless/realtek/rtw88/rtw88_8822c.o
  LD [M]  drivers/net/wireless/realtek/rtw88/rtw88_8822ce.o
  CC [M]  drivers/scsi/ses.o
  LD [M]  drivers/net/wireless/realtek/rtw88/rtw88_8723d.o
  CC [M]  net/batman-adv/routing.o
  LD [M]  drivers/net/wireless/realtek/rtw88/rtw88_8723de.o
  LD [M]  drivers/net/wireless/realtek/rtw88/rtw88_8821c.o
  CC [M]  drivers/hwmon/tmp108.o
  LD [M]  drivers/net/wireless/realtek/rtw88/rtw88_8821ce.o
  LD [M]  drivers/net/wireless/realtek/rtw88/rtw88_pci.o
  CC [M]  drivers/net/ethernet/intel/ice/ice_nvm.o
  CC [M]  drivers/net/wireless/ti/wl1251/event.o
  CC [M]  drivers/leds/trigger/ledtrig-tty.o
  CC [M]  net/ceph/crush/mapper.o
  CC [M]  drivers/net/wireless/realtek/rtw89/rtw8852ae.o
  AR      drivers/media/pci/built-in.a
  CC [M]  fs/ocfs2/mmap.o
  CC [M]  fs/ocfs2/namei.o
  CC [M]  drivers/media/pci/zoran/videocodec.o
  CC [M]  drivers/gpu/drm/amd/amdgpu/athub_v2_0.o
  CC [M]  drivers/net/wireless/realtek/rtlwifi/rtl8188ee/pwrseq.o
  AR      drivers/net/ethernet/marvell/octeon_ep/built-in.a
  AR      drivers/net/ethernet/marvell/octeontx2/built-in.a
  CC [M]  drivers/net/wireless/ti/wl12xx/acx.o
  CC [M]  net/nfc/llcp_core.o
  AR      drivers/net/ethernet/marvell/prestera/built-in.a
  CC [M]  drivers/net/ethernet/marvell/prestera/prestera_main.o
  CC [M]  drivers/net/ethernet/marvell/mvmdio.o
  CC [M]  drivers/gpu/drm/nouveau/nvkm/subdev/pci/base.o
  CC [M]  drivers/gpu/drm/i915/display/intel_crt.o
  CC [M]  drivers/net/ethernet/marvell/prestera/prestera_hw.o
  CC [M]  drivers/media/usb/au0828/au0828-vbi.o
  CC [M]  fs/erofs/zdata.o
  CC [M]  net/ceph/crush/hash.o
  AR      drivers/leds/trigger/built-in.a
  CC [M]  drivers/hwmon/tmp401.o
  AR      drivers/leds/blink/built-in.a
  CC [M]  drivers/scsi/scsi_debug.o
  LD [M]  fs/gfs2/gfs2.o
  AR      drivers/leds/simple/built-in.a
  CC [M]  fs/xfs/xfs_bmap_item.o
  CC [M]  drivers/leds/flash/leds-as3645a.o
  CC [M]  net/ceph/striper.o
  CC [M]  drivers/net/wireless/ti/wl1251/tx.o
  CC [M]  fs/btrfs/free-space-cache.o
  CC [M]  drivers/net/wireless/realtek/rtlwifi/rtl8188ee/rf.o
  LD [M]  drivers/media/pci/zoran/zr36067.o
  CC [M]  drivers/net/wireless/realtek/rtw89/pci.o
  CC [M]  drivers/leds/flash/leds-lm3601x.o
  CC [M]  drivers/media/dvb-frontends/ds3000.o
  CC [M]  net/mac80211/debugfs.o
  CC [M]  drivers/gpu/drm/nouveau/nvkm/subdev/pci/pcie.o
  CC [M]  drivers/net/wireless/ti/wl12xx/debugfs.o
  CC [M]  drivers/gpu/drm/amd/amdgpu/athub_v2_1.o
  AR      drivers/net/wireless/legacy/built-in.a
  CC [M]  drivers/media/dvb-core/dvbdev.o
  CC [M]  drivers/net/wireless/legacy/ray_cs.o
  CC [M]  net/batman-adv/send.o
  CC [M]  fs/f2fs/shrinker.o
  CC [M]  drivers/net/wireless/ti/wlcore/tx.o
  CC [M]  drivers/net/wireless/ti/wl18xx/main.o
  CC [M]  drivers/net/ethernet/intel/ice/ice_switch.o
  CC [M]  drivers/net/wireless/legacy/wl3501_cs.o
  CC [M]  drivers/media/usb/au0828/au0828-input.o
  CC [M]  drivers/net/wireless/ti/wlcore/rx.o
  CC [M]  fs/ceph/snap.o
  CC [M]  net/ceph/debugfs.o
  CC [M]  fs/xfs/xfs_buf_item.o
  CC [M]  drivers/hwmon/tmp421.o
  CC [M]  drivers/gpu/drm/i915/display/intel_cx0_phy.o
  CC [M]  drivers/net/wireless/legacy/rndis_wlan.o
  CC [M]  net/nfc/llcp_commands.o
  CC [M]  drivers/leds/flash/leds-rt8515.o
  CC [M]  drivers/net/wireless/ti/wl1251/rx.o
  CC [M]  fs/f2fs/extent_cache.o
  CC [M]  drivers/gpu/drm/nouveau/nvkm/subdev/pci/nv04.o
  CC [M]  drivers/net/wireless/realtek/rtlwifi/rtl8188ee/sw.o
  CC [M]  fs/ocfs2/refcounttree.o
  CC [M]  drivers/gpu/drm/amd/amdgpu/athub_v3_0.o
  CC [M]  fs/erofs/pcpubuf.o
  CC [M]  net/batman-adv/soft-interface.o
  CC [M]  drivers/net/ethernet/marvell/prestera/prestera_dsa.o
  CC [M]  drivers/net/wireless/ti/wl12xx/scan.o
  LD [M]  drivers/media/usb/au0828/au0828.o
  CC [M]  drivers/net/dummy.o
  CC [M]  drivers/net/ethernet/marvell/prestera/prestera_rxtx.o
  CC [M]  net/ceph/auth.o
  CC [M]  drivers/media/usb/cx231xx/cx231xx-video.o
  CC [M]  drivers/media/dvb-frontends/dvb_dummy_fe.o
  CC [M]  drivers/hwmon/tmp513.o
  CC [M]  drivers/gpu/drm/nouveau/nvkm/subdev/pci/nv40.o
  CC [M]  drivers/media/dvb-core/dmxdev.o
  CC [M]  net/mac80211/debugfs_sta.o
  CC [M]  drivers/net/wireless/ti/wl18xx/acx.o
  CC [M]  drivers/leds/flash/leds-sgm3140.o
  CC [M]  fs/ceph/xattr.o
  CC [M]  drivers/net/wireless/ti/wl1251/ps.o
  CC [M]  net/nfc/llcp_sock.o
  LD [M]  fs/erofs/erofs.o
  CC [M]  drivers/media/usb/cx231xx/cx231xx-i2c.o
  CC [M]  drivers/net/ethernet/marvell/skge.o
  AR      drivers/firmware/arm_ffa/built-in.a
  AR      drivers/firmware/arm_scmi/built-in.a
  CC [M]  drivers/net/wireless/realtek/rtlwifi/rtl8188ee/table.o
  AR      drivers/firmware/broadcom/built-in.a
  CC [M]  net/ife/ife.o
  AR      drivers/firmware/cirrus/built-in.a
  CC [M]  drivers/firmware/cirrus/cs_dsp.o
  CC [M]  drivers/net/wireless/realtek/rtlwifi/rtl8188ee/trx.o
  CC [M]  drivers/net/wireless/ti/wl12xx/event.o
  CC [M]  drivers/gpu/drm/amd/amdgpu/smuio_v9_0.o
  CC [M]  fs/btrfs/zlib.o
  CC [M]  fs/f2fs/sysfs.o
  CC [M]  drivers/gpu/drm/nouveau/nvkm/subdev/pci/nv46.o
  CC [M]  drivers/net/wireless/ti/wlcore/ps.o
  CC [M]  net/batman-adv/tp_meter.o
  CC [M]  fs/vboxsf/dir.o
  CC [M]  drivers/hwmon/via-cputemp.o
  CC [M]  drivers/net/ethernet/marvell/prestera/prestera_devlink.o
  CC      drivers/leds/led-core.o
  CC [M]  drivers/net/wireless/ti/wl1251/cmd.o
  CC [M]  fs/xfs/xfs_buf_item_recover.o
  CC [M]  drivers/net/wireless/ti/wl18xx/tx.o
  CC [M]  drivers/gpu/drm/i915/display/intel_ddi.o
  CC [M]  drivers/media/dvb-frontends/ec100.o
  CC [M]  net/ceph/auth_none.o
  CC [M]  drivers/net/ethernet/marvell/prestera/prestera_ethtool.o
  CC [M]  drivers/gpu/drm/nouveau/nvkm/subdev/pci/nv4c.o
  CC [M]  drivers/media/dvb-core/dvb_demux.o
  CC [M]  drivers/hwmon/via686a.o
  CC [M]  fs/btrfs/lzo.o
  LD [M]  drivers/net/wireless/ti/wl12xx/wl12xx.o
  CC [M]  drivers/net/wireless/realtek/rtlwifi/btcoexist/halbtc8192e2ant.o
  CC [M]  net/nfc/digital_core.o
  CC [M]  fs/ceph/quota.o
  CC [M]  drivers/media/dvb-core/dvb_ca_en50221.o
  CC [M]  drivers/gpu/drm/amd/amdgpu/smuio_v11_0.o
  CC [M]  fs/vboxsf/file.o
  CC [M]  drivers/net/ethernet/intel/ice/ice_sched.o
  CC [M]  drivers/net/wireless/ti/wlcore/acx.o
  CC [M]  drivers/media/usb/cx231xx/cx231xx-cards.o
  LD [M]  drivers/net/wireless/realtek/rtlwifi/rtl8188ee/rtl8188ee.o
  CC [M]  net/ceph/crypto.o
  LD [M]  drivers/net/wireless/realtek/rtw89/rtw89_core.o
  CC      drivers/leds/led-class.o
  CC      drivers/leds/led-triggers.o
  CC [M]  fs/f2fs/debug.o
  CC [M]  drivers/net/eql.o
  CC [M]  drivers/net/ifb.o
  CC [M]  net/batman-adv/translation-table.o
  LD [M]  drivers/net/wireless/realtek/rtw89/rtw89_8852a.o
  CC [M]  drivers/net/wireless/ti/wl18xx/io.o
  CC [M]  net/mac80211/debugfs_netdev.o
  LD [M]  drivers/scsi/hv_storvsc.o
  LD [M]  drivers/net/wireless/realtek/rtw89/rtw89_8852ae.o
  CC [M]  drivers/gpu/drm/nouveau/nvkm/subdev/pci/g84.o
  CC      drivers/scsi/scsi_sysfs.o
  CC [M]  drivers/net/wireless/ti/wl1251/acx.o
  LD [M]  drivers/net/wireless/realtek/rtw89/rtw89_pci.o
  CC [M]  drivers/net/macsec.o
  CC [M]  drivers/hwmon/vt1211.o
  CC [M]  fs/vboxsf/utils.o
  CC [M]  drivers/net/ethernet/marvell/prestera/prestera_switchdev.o
  AR      drivers/firmware/meson/built-in.a
  CC [M]  fs/ceph/io.o
  CC [M]  drivers/gpu/drm/amd/amdgpu/smuio_v11_0_6.o
  CC [M]  drivers/firmware/efi/test/efi_test.o
  CC [M]  fs/btrfs/zstd.o
  CC [M]  net/ceph/armor.o
  CC [M]  drivers/media/dvb-frontends/gp8psk-fe.o
  CC [M]  net/openvswitch/actions.o
  CC [M]  net/ceph/auth_x.o
  CC [M]  net/nfc/digital_technology.o
  CC [M]  drivers/gpu/drm/amd/amdgpu/smuio_v13_0.o
  CC [M]  drivers/net/ethernet/marvell/sky2.o
  CC [M]  drivers/gpu/drm/nouveau/nvkm/subdev/pci/g92.o
  AR      drivers/crypto/ccp/built-in.a
  CC [M]  drivers/crypto/ccp/sp-dev.o
  CC [M]  fs/ocfs2/reservations.o
  CC [M]  drivers/net/wireless/realtek/rtlwifi/btcoexist/halbtc8723b1ant.o
  CC [M]  drivers/net/wireless/ti/wl18xx/debugfs.o
  AR      drivers/crypto/stm32/built-in.a
  CC [M]  drivers/leds/led-class-flash.o
  CC [M]  drivers/hwmon/vt8231.o
  CC [M]  drivers/media/dvb-core/dvb_frontend.o
  CC [M]  fs/f2fs/xattr.o
  CC [M]  fs/xfs/xfs_dquot_item_recover.o
  CC [M]  fs/vboxsf/vboxsf_wrappers.o
  CC [M]  fs/ceph/mds_client.o
  CC [M]  drivers/media/dvb-core/dvb_net.o
  CC [M]  drivers/net/wireless/ti/wl1251/boot.o
  CC      drivers/firmware/efi/libstub/efi-stub-helper.o
  CC [M]  drivers/media/usb/cx231xx/cx231xx-core.o
  CC [M]  drivers/media/dvb-core/dvb_ringbuffer.o
  CC [M]  drivers/gpu/drm/nouveau/nvkm/subdev/pci/g94.o
  CC [M]  drivers/crypto/ccp/sp-platform.o
  CC [M]  fs/btrfs/compression.o
  CC [M]  net/nfc/digital_dep.o
  CC [M]  drivers/gpu/drm/amd/amdgpu/smuio_v13_0_3.o
  CC [M]  drivers/leds/led-class-multicolor.o
  CC [M]  net/mac80211/debugfs_key.o
  CC [M]  drivers/net/wireless/ti/wlcore/boot.o
  AR      drivers/scsi/built-in.a
  CC [M]  fs/vboxsf/super.o
  CC [M]  fs/f2fs/acl.o
  CC [M]  net/ceph/ceph_strings.o
  CC [M]  fs/xfs/xfs_extfree_item.o
  CC [M]  drivers/media/dvb-frontends/helene.o
  CC [M]  drivers/net/ethernet/intel/ice/ice_base.o
  CC [M]  drivers/hwmon/w83627ehf.o
  CC [M]  drivers/net/ethernet/marvell/prestera/prestera_acl.o
  CC      drivers/firmware/efi/libstub/gop.o
  CC [M]  drivers/net/wireless/ti/wl1251/init.o
  CC [M]  drivers/gpu/drm/drm_client_modeset.o
  CC [M]  drivers/net/wireless/ti/wl18xx/scan.o
  CC [M]  drivers/gpu/drm/nouveau/nvkm/subdev/pci/gf100.o
  CC [M]  drivers/crypto/ccp/ccp-dev.o
  CC [M]  fs/ocfs2/move_extents.o
  CC [M]  drivers/net/wireless/realtek/rtlwifi/rtl8723com/main.o
  CC [M]  net/openvswitch/datapath.o
  CC [M]  drivers/gpu/drm/i915/display/intel_ddi_buf_trans.o
  CC [M]  net/ceph/ceph_hash.o
  CC [M]  net/batman-adv/tvlv.o
  CC [M]  drivers/leds/leds-88pm860x.o
  CC [M]  drivers/gpu/drm/amd/amdgpu/smuio_v13_0_6.o
  CC [M]  fs/f2fs/verity.o
  LD [M]  fs/vboxsf/vboxsf.o
  LD [M]  net/nfc/nfc.o
  CC [M]  drivers/leds/leds-adp5520.o
  CC [M]  drivers/net/wireless/realtek/rtlwifi/btcoexist/halbtc8723b2ant.o
  LD [M]  net/nfc/nfc_digital.o
  CC      drivers/firmware/efi/libstub/secureboot.o
  CC [M]  drivers/net/ethernet/mellanox/mlx4/alloc.o
  CC [M]  net/mac80211/mesh.o
  CC [M]  drivers/net/ethernet/mellanox/mlx4/catas.o
  CC [M]  fs/btrfs/delayed-ref.o
  LD [M]  drivers/media/dvb-core/dvb-core.o
  CC [M]  drivers/gpu/drm/nouveau/nvkm/subdev/pci/gf106.o
  CC [M]  drivers/net/wireless/ti/wl1251/debugfs.o
  AR      drivers/firmware/imx/built-in.a
  CC [M]  drivers/net/ethernet/mellanox/mlx4/cmd.o
  CC [M]  fs/btrfs/relocation.o
  CC [M]  drivers/net/wireless/ti/wl18xx/cmd.o
  CC [M]  net/ceph/pagevec.o
  CC [M]  drivers/media/usb/cx231xx/cx231xx-avcore.o
  CC [M]  drivers/hwmon/w83l785ts.o
  CC [M]  drivers/net/wireless/realtek/rtlwifi/rtl8723com/dm_common.o
  CC      drivers/firmware/efi/libstub/tpm.o
  CC [M]  drivers/net/ethernet/marvell/prestera/prestera_flow.o
  CC [M]  drivers/media/dvb-frontends/horus3a.o
  CC [M]  drivers/leds/leds-apu.o
  CC [M]  drivers/crypto/ccp/ccp-ops.o
  CC [M]  drivers/net/wireless/ti/wlcore/init.o
  CC [M]  drivers/net/ethernet/intel/ice/ice_lib.o
  CC [M]  fs/f2fs/compress.o
  LD [M]  net/batman-adv/batman-adv.o
  CC [M]  fs/ocfs2/resize.o
  CC [M]  drivers/gpu/drm/amd/amdgpu/amdgpu_reset.o
  CC [M]  drivers/gpu/drm/drm_color_mgmt.o
  CC [M]  drivers/net/wireless/ti/wlcore/debugfs.o
  CC      drivers/firmware/efi/libstub/file.o
  AR      drivers/crypto/xilinx/built-in.a
  CC      drivers/firmware/efi/efi-bgrt.o
  CC [M]  drivers/gpu/drm/nouveau/nvkm/subdev/pci/gk104.o
  CC      drivers/clocksource/acpi_pm.o
  CC [M]  fs/xfs/xfs_attr_item.o
  CC [M]  drivers/leds/leds-bd2802.o
  CC [M]  drivers/gpu/drm/i915/display/intel_display_device.o
  CC [M]  drivers/net/wireless/realtek/rtlwifi/rtl8821ae/dm.o
  CC [M]  drivers/hwmon/w83l786ng.o
  CC [M]  drivers/net/wireless/ti/wl18xx/event.o
  CC [M]  drivers/net/ethernet/marvell/prestera/prestera_flower.o
  CC [M]  drivers/media/dvb-frontends/isl6405.o
  CC [M]  drivers/media/dvb-frontends/isl6421.o
  CC      drivers/firmware/efi/libstub/mem.o
  CC [M]  drivers/net/wireless/realtek/rtlwifi/rtl8821ae/fw.o
  CC      drivers/clocksource/i8253.o
  CC [M]  net/ceph/snapshot.o
  CC [M]  drivers/net/wireless/ti/wl1251/io.o
  CC [M]  drivers/net/wireless/realtek/rtlwifi/btcoexist/halbtc8821a1ant.o
  CC [M]  fs/ceph/mdsmap.o
  CC [M]  net/openvswitch/dp_notify.o
  CC [M]  drivers/gpu/drm/amd/amdgpu/mca_v3_0.o
  CC [M]  drivers/net/wireless/realtek/rtlwifi/rtl8821ae/hw.o
  CC [M]  drivers/gpu/drm/nouveau/nvkm/subdev/pci/gp100.o
  CC [M]  drivers/net/wireless/realtek/rtlwifi/rtl8723com/fw_common.o
  CC [M]  fs/xfs/xfs_icreate_item.o
  CC [M]  net/mac80211/mesh_pathtbl.o
  CC [M]  drivers/crypto/ccp/ccp-dev-v3.o
  CC [M]  fs/xfs/xfs_inode_item.o
  CC [M]  drivers/gpu/drm/i915/display/intel_display_trace.o
  CC      drivers/firmware/efi/libstub/random.o
  CC [M]  fs/ocfs2/slot_map.o
  CC [M]  drivers/leds/leds-blinkm.o
  LD [M]  drivers/net/wireless/ti/wl18xx/wl18xx.o
  CC [M]  drivers/hwmon/wm831x-hwmon.o
  CC [M]  drivers/hwmon/wm8350-hwmon.o
  CC      drivers/clocksource/numachip.o
  CC [M]  drivers/gpu/drm/nouveau/nvkm/subdev/pmu/base.o
  CC [M]  drivers/net/wireless/ti/wl1251/spi.o
  CC [M]  drivers/net/ethernet/marvell/prestera/prestera_span.o
  CC [M]  drivers/media/usb/cx231xx/cx231xx-417.o
  CC [M]  fs/ceph/strings.o
  CC [M]  drivers/gpu/drm/amd/amdgpu/amdgpu_amdkfd.o
  CC [M]  fs/ocfs2/suballoc.o
  CC [M]  drivers/net/wireless/ti/wlcore/scan.o
  CC      drivers/clocksource/hyperv_timer.o
  CC      drivers/firmware/efi/libstub/randomalloc.o
  CC [M]  drivers/gpu/drm/nouveau/nvkm/subdev/pmu/memx.o
  LD [M]  fs/f2fs/f2fs.o
  CC [M]  net/ceph/string_table.o
  CC [M]  net/openvswitch/flow.o
  CC [M]  drivers/media/dvb-frontends/isl6423.o
  CC [M]  drivers/crypto/ccp/ccp-dev-v5.o
  AR      drivers/net/wireless/virtual/built-in.a
  CC [M]  drivers/net/wireless/virtual/mac80211_hwsim.o
  CC [M]  drivers/net/ethernet/marvell/prestera/prestera_counter.o
  CC [M]  drivers/net/ethernet/marvell/prestera/prestera_router.o
  CC [M]  drivers/net/wireless/ti/wlcore/sysfs.o
  CC [M]  drivers/hwmon/xgene-hwmon.o
  CC [M]  drivers/net/ethernet/mellanox/mlx4/cq.o
  CC [M]  fs/ceph/ceph_frag.o
  CC [M]  fs/btrfs/delayed-inode.o
  CC [M]  drivers/leds/leds-da903x.o
  CC [M]  drivers/net/ethernet/intel/ice/ice_txrx_lib.o
  CC [M]  drivers/net/ethernet/marvell/prestera/prestera_router_hw.o
  CC      drivers/firmware/efi/libstub/pci.o
  CC [M]  drivers/net/wireless/realtek/rtlwifi/btcoexist/halbtc8821a2ant.o
  CC [M]  net/ceph/messenger_v1.o
  CC [M]  fs/ceph/debugfs.o
  CC [M]  drivers/net/wireless/realtek/rtlwifi/rtl8723com/phy_common.o
  CC [M]  drivers/net/wireless/realtek/rtlwifi/btcoexist/halbtcoutsrc.o
  CC [M]  drivers/net/wireless/ti/wl1251/sdio.o
  CC [M]  drivers/net/wireless/realtek/rtlwifi/rtl8821ae/led.o
  CC [M]  net/mac80211/mesh_plink.o
  CC [M]  drivers/gpu/drm/nouveau/nvkm/subdev/pmu/gt215.o
  CC [M]  drivers/leds/leds-da9052.o
  CC [M]  drivers/leds/leds-gpio.o
  CC [M]  drivers/crypto/ccp/ccp-dmaengine.o
  CC [M]  drivers/gpu/drm/amd/amdgpu/../amdkfd/kfd_module.o
  CC [M]  drivers/media/usb/cx231xx/cx231xx-pcb-cfg.o
  AR      drivers/clocksource/built-in.a
  CC [M]  drivers/gpu/drm/amd/amdgpu/../amdkfd/kfd_device.o
  CC      drivers/firmware/efi/libstub/skip_spaces.o
  CC [M]  drivers/hid/usbhid/hid-core.o
  AR      drivers/staging/media/atomisp/i2c/built-in.a
  AR      drivers/staging/media/atomisp/built-in.a
  CC [M]  drivers/staging/media/ipu3/ipu3-mmu.o
  CC [M]  fs/xfs/xfs_inode_item_recover.o
  CC [M]  drivers/media/dvb-frontends/ix2505v.o
  CC      drivers/firmware/efi/libstub/lib-cmdline.o
  CC [M]  drivers/net/ethernet/mellanox/mlx4/eq.o
  CC [M]  net/openvswitch/flow_netlink.o
  CC      drivers/firmware/efi/libstub/lib-ctype.o
  CC [M]  drivers/leds/leds-ss4200.o
  CC [M]  drivers/net/wireless/ti/wlcore/vendor_cmd.o
  CC      drivers/firmware/efi/libstub/alignedmem.o
  CC [M]  fs/ceph/util.o
  CC [M]  drivers/gpu/drm/nouveau/nvkm/subdev/pmu/gf100.o
  CC [M]  fs/ceph/metric.o
  CC [M]  drivers/net/wireless/realtek/rtlwifi/rtl8821ae/phy.o
  LD [M]  drivers/net/wireless/ti/wl1251/wl1251.o
  CC [M]  net/ceph/messenger_v2.o
  CC [M]  drivers/net/ethernet/intel/ice/ice_txrx.o
  LD [M]  drivers/net/wireless/ti/wl1251/wl1251_spi.o
  CC [M]  drivers/net/wireless/virtual/virt_wifi.o
  LD [M]  drivers/net/wireless/ti/wl1251/wl1251_sdio.o
  CC [M]  fs/ceph/cache.o
  CC [M]  drivers/gpu/drm/i915/display/intel_dkl_phy.o
  CC [M]  drivers/crypto/ccp/sp-pci.o
  CC [M]  drivers/media/usb/cx231xx/cx231xx-vbi.o
  CC [M]  drivers/staging/media/ipu3/ipu3-dmamap.o
  CC [M]  drivers/staging/media/av7110/budget-patch.o
  CC [M]  drivers/net/ethernet/marvell/prestera/prestera_matchall.o
  CC [M]  fs/zonefs/super.o
  CC [M]  fs/btrfs/scrub.o
  CC      drivers/firmware/efi/libstub/relocate.o
  AR      drivers/firmware/psci/built-in.a
  CC [M]  drivers/leds/leds-lm3530.o
  CC [M]  drivers/net/wireless/realtek/rtlwifi/btcoexist/rtl_btc.o
  CC      drivers/firmware/efi/efi.o
  LD [M]  drivers/net/wireless/realtek/rtlwifi/rtl8723com/rtl8723-common.o
  CC [M]  fs/zonefs/file.o
  CC [M]  fs/ocfs2/super.o
  AR      drivers/net/wireless/ti/built-in.a
  CC [M]  drivers/net/wireless/ti/wlcore/sdio.o
  CC [M]  fs/zonefs/sysfs.o
  CC [M]  drivers/gpu/drm/nouveau/nvkm/subdev/pmu/gf119.o
  CC [M]  drivers/media/dvb-frontends/l64781.o
  CC [M]  net/mac80211/mesh_hwmp.o
  LD [M]  drivers/hwmon/nct6775.o
  AR      drivers/hwmon/built-in.a
  CC [M]  drivers/gpu/drm/amd/amdgpu/../amdkfd/kfd_chardev.o
  CC [M]  drivers/crypto/ccp/psp-dev.o
  AR      drivers/firmware/smccc/built-in.a
  CC [M]  drivers/media/cec/core/cec-core.o
  CC      drivers/firmware/efi/libstub/printk.o
  CC [M]  drivers/media/radio/si470x/radio-si470x-common.o
  CC [M]  fs/ceph/acl.o
  CC [M]  drivers/gpu/drm/i915/display/intel_dp.o
  CC [M]  drivers/media/cec/i2c/ch7322.o
  CC [M]  drivers/staging/media/ipu3/ipu3-tables.o
  CC [M]  drivers/net/ethernet/marvell/prestera/prestera_pci.o
  CC [M]  drivers/leds/leds-lm3532.o
  CC [M]  drivers/hid/usbhid/hiddev.o
  AR      drivers/crypto/hisilicon/built-in.a
  CC [M]  drivers/net/ethernet/mellanox/mlx5/core/main.o
  CC [M]  fs/xfs/xfs_iunlink_item.o
  CC [M]  drivers/gpu/drm/nouveau/nvkm/subdev/pmu/gk104.o
  CC [M]  net/mac80211/mesh_sync.o
  CC [M]  drivers/staging/media/ipu3/ipu3-css-pool.o
  CC [M]  drivers/staging/media/av7110/av7110_hw.o
  CC [M]  drivers/crypto/ccp/sev-dev.o
  CC      drivers/firmware/efi/libstub/vsprintf.o
  LD [M]  fs/zonefs/zonefs.o
  CC [M]  drivers/net/ethernet/mellanox/mlx5/core/cmd.o
  LD [M]  drivers/net/wireless/ti/wlcore/wlcore.o
  CC [M]  drivers/hid/i2c-hid/i2c-hid-core.o
  CC [M]  drivers/net/ethernet/mellanox/mlx4/fw.o
  CC [M]  drivers/media/usb/cx231xx/cx231xx-input.o
  CC      drivers/firmware/efi/libstub/x86-stub.o
  LD [M]  drivers/net/wireless/ti/wlcore/wlcore_sdio.o
  CC [M]  fs/ceph/crypto.o
  CC [M]  fs/xfs/xfs_refcount_item.o
  AR      drivers/staging/media/built-in.a
  CC [M]  drivers/media/usb/em28xx/em28xx-core.o
  CC [M]  drivers/media/cec/core/cec-adap.o
  CC [M]  drivers/media/dvb-frontends/lg2160.o
  CC [M]  drivers/gpu/drm/amd/amdgpu/../amdkfd/kfd_topology.o
  LD [M]  drivers/net/wireless/realtek/rtlwifi/btcoexist/btcoexist.o
  CC [M]  drivers/leds/leds-lm3533.o
  CC [M]  drivers/staging/media/av7110/av7110_v4l.o
  CC [M]  drivers/gpu/drm/nouveau/nvkm/subdev/pmu/gk110.o
  CC      drivers/firmware/efi/libstub/x86-5lvl.o
  LD [M]  drivers/net/ethernet/marvell/prestera/prestera.o
  CC [M]  drivers/staging/media/ipu3/ipu3-css-fw.o
  CC [M]  fs/btrfs/backref.o
  CC [M]  drivers/net/ethernet/intel/ice/ice_fltr.o
  AR      drivers/net/ethernet/marvell/built-in.a
  CC [M]  drivers/hid/usbhid/hid-pidff.o
  CC [M]  drivers/media/radio/si470x/radio-si470x-usb.o
  CC [M]  net/openvswitch/flow_table.o
  CC [M]  drivers/net/macvlan.o
  CC [M]  net/mac80211/mesh_ps.o
  CC [M]  drivers/media/usb/cx231xx/cx231xx-audio.o
  CC [M]  net/vmw_vsock/af_vsock.o
  CC [M]  drivers/leds/leds-lm355x.o
  LD [M]  fs/ceph/ceph.o
  CC [M]  drivers/net/wireless/realtek/rtlwifi/rtl8821ae/pwrseq.o
  CC      drivers/firmware/efi/libstub/unaccepted_memory.o
  CC [M]  drivers/gpu/drm/nouveau/nvkm/subdev/pmu/gk208.o
  AR      drivers/crypto/intel/keembay/built-in.a
  CC [M]  drivers/crypto/ccp/tee-dev.o
  AR      drivers/crypto/intel/ixp4xx/built-in.a
  LD [M]  net/ceph/libceph.o
  CC      drivers/firmware/efi/libstub/bitmap.o
  CC [M]  drivers/crypto/intel/qat/qat_common/adf_cfg.o
  CC [M]  drivers/staging/media/ipu3/ipu3-css-params.o
  CC [M]  drivers/net/ethernet/mellanox/mlx5/core/debugfs.o
  CC [M]  drivers/net/ethernet/mellanox/mlx5/core/fw.o
  CC [M]  fs/xfs/xfs_rmap_item.o
  CC [M]  drivers/crypto/intel/qat/qat_dh895xcc/adf_drv.o
  CC [M]  drivers/crypto/intel/qat/qat_c3xxx/adf_drv.o
  CC [M]  drivers/staging/media/av7110/av7110_av.o
  CC [M]  drivers/hid/i2c-hid/i2c-hid-dmi-quirks.o
  CC      drivers/firmware/efi/libstub/find.o
  CC [M]  drivers/hid/usbhid/usbkbd.o
  CC [M]  drivers/media/dvb-frontends/lgdt3305.o
  CC [M]  drivers/leds/leds-lm36274.o
  STUBCPY drivers/firmware/efi/libstub/alignedmem.stub.o
  STUBCPY drivers/firmware/efi/libstub/bitmap.stub.o
  CC [M]  drivers/media/radio/si470x/radio-si470x-i2c.o
  STUBCPY drivers/firmware/efi/libstub/efi-stub-helper.stub.o
  STUBCPY drivers/firmware/efi/libstub/file.stub.o
  STUBCPY drivers/firmware/efi/libstub/find.stub.o
  STUBCPY drivers/firmware/efi/libstub/gop.stub.o
  STUBCPY drivers/firmware/efi/libstub/lib-cmdline.stub.o
  CC [M]  drivers/net/wireless/realtek/rtlwifi/rtl8821ae/rf.o
  CC [M]  drivers/gpu/drm/nouveau/nvkm/subdev/pmu/gk20a.o
  STUBCPY drivers/firmware/efi/libstub/lib-ctype.stub.o
  STUBCPY drivers/firmware/efi/libstub/mem.stub.o
  STUBCPY drivers/firmware/efi/libstub/pci.stub.o
  STUBCPY drivers/firmware/efi/libstub/printk.stub.o
  STUBCPY drivers/firmware/efi/libstub/random.stub.o
  CC [M]  drivers/net/ethernet/intel/ice/ice_irq.o
  STUBCPY drivers/firmware/efi/libstub/randomalloc.stub.o
  STUBCPY drivers/firmware/efi/libstub/relocate.stub.o
  CC [M]  net/mac80211/pm.o
  CC [M]  drivers/media/usb/em28xx/em28xx-i2c.o
  STUBCPY drivers/firmware/efi/libstub/secureboot.stub.o
  CC [M]  drivers/media/usb/cx231xx/cx231xx-dvb.o
  STUBCPY drivers/firmware/efi/libstub/skip_spaces.stub.o
  STUBCPY drivers/firmware/efi/libstub/tpm.stub.o
  STUBCPY drivers/firmware/efi/libstub/unaccepted_memory.stub.o
  CC [M]  drivers/crypto/intel/qat/qat_dh895xcc/adf_dh895xcc_hw_data.o
  STUBCPY drivers/firmware/efi/libstub/vsprintf.stub.o
  STUBCPY drivers/firmware/efi/libstub/x86-5lvl.stub.o
  CC [M]  drivers/gpu/drm/amd/amdgpu/../amdkfd/kfd_pasid.o
  STUBCPY drivers/firmware/efi/libstub/x86-stub.stub.o
  AR      drivers/firmware/efi/libstub/lib.a
  CC      drivers/firmware/efi/vars.o
  CC [M]  fs/xfs/xfs_log_recover.o
  CC [M]  drivers/crypto/ccp/platform-access.o
  CC [M]  drivers/media/cec/core/cec-api.o
  CC [M]  drivers/leds/leds-lm3642.o
  CC [M]  drivers/gpu/drm/i915/display/intel_dp_aux.o
  CC [M]  drivers/crypto/intel/qat/qat_c3xxx/adf_c3xxx_hw_data.o
  CC [M]  net/openvswitch/meter.o
  CC [M]  drivers/crypto/intel/qat/qat_common/adf_isr.o
  CC [M]  drivers/hid/i2c-hid/i2c-hid-acpi.o
  CC [M]  drivers/net/ethernet/mellanox/mlx4/fw_qos.o
  CC [M]  drivers/hid/usbhid/usbmouse.o
  CC [M]  drivers/gpu/drm/nouveau/nvkm/subdev/pmu/gm107.o
  CC [M]  drivers/media/cec/platform/cros-ec/cros-ec-cec.o
  CC [M]  drivers/media/cec/platform/seco/seco-cec.o
  CC [M]  drivers/media/radio/si4713/si4713.o
  CC [M]  fs/btrfs/ulist.o
  LD [M]  drivers/crypto/intel/qat/qat_dh895xcc/qat_dh895xcc.o
  CC [M]  drivers/media/radio/si4713/radio-usb-si4713.o
  CC [M]  drivers/staging/media/ipu3/ipu3-css.o
  CC [M]  drivers/net/wireless/realtek/rtlwifi/rtl8821ae/sw.o
  CC [M]  drivers/media/cec/core/cec-notifier.o
  CC [M]  drivers/leds/leds-lp3944.o
  LD [M]  drivers/crypto/intel/qat/qat_c3xxx/qat_c3xxx.o
  CC [M]  drivers/gpu/drm/amd/amdgpu/../amdkfd/kfd_doorbell.o
  LD [M]  drivers/hid/i2c-hid/i2c-hid.o
  CC [M]  drivers/net/ethernet/mellanox/mlxsw/core.o
  LD [M]  drivers/media/usb/cx231xx/cx231xx.o
  CC      drivers/firmware/efi/reboot.o
  CC [M]  drivers/net/ethernet/mellanox/mlxfw/mlxfw_fsm.o
  CC [M]  drivers/staging/media/av7110/av7110_ca.o
  LD [M]  drivers/media/usb/cx231xx/cx231xx-alsa.o
  CC [M]  drivers/media/usb/em28xx/em28xx-cards.o
  CC [M]  drivers/net/ethernet/mellanox/mlxfw/mlxfw_mfa2_tlv_multi.o
  CC [M]  net/vmw_vsock/af_vsock_tap.o
  CC [M]  drivers/net/ethernet/intel/ice/ice_pf_vsi_vlan_ops.o
  CC [M]  drivers/net/ethernet/mellanox/mlxfw/mlxfw_mfa2.o
  CC [M]  drivers/media/dvb-frontends/lgdt3306a.o
  CC [M]  drivers/net/ethernet/mellanox/mlx5/core/eq.o
  CC [M]  drivers/crypto/intel/qat/qat_c62x/adf_drv.o
  CC [M]  drivers/crypto/ccp/dbc.o
  CC [M]  drivers/gpu/drm/nouveau/nvkm/subdev/pmu/gm200.o
  LD [M]  drivers/hid/usbhid/usbhid.o
  CC [M]  net/openvswitch/openvswitch_trace.o
  CC [M]  drivers/net/wireless/realtek/rtlwifi/rtl8821ae/table.o
  CC [M]  drivers/crypto/intel/qat/qat_common/adf_ctl_drv.o
  CC [M]  drivers/hid/intel-ish-hid/ishtp/init.o
  CC [M]  drivers/gpu/drm/i915/display/intel_dp_aux_backlight.o
  CC [M]  drivers/media/radio/radio-maxiradio.o
  CC [M]  drivers/hid/intel-ish-hid/ishtp/hbm.o
  CC [M]  fs/btrfs/qgroup.o
  CC [M]  drivers/media/radio/wl128x/fmdrv_common.o
  CC      drivers/firmware/efi/memattr.o
  CC [M]  drivers/media/radio/wl128x/fmdrv_rx.o
  CC [M]  drivers/net/ethernet/mellanox/mlx4/icm.o
  CC [M]  drivers/leds/leds-lp3952.o
  CC [M]  drivers/net/wireless/realtek/rtlwifi/rtl8821ae/trx.o
  CC [M]  drivers/media/radio/si4713/radio-platform-si4713.o
  CC [M]  drivers/crypto/ccp/ccp-crypto-main.o
  CC [M]  drivers/crypto/intel/qat/qat_c62x/adf_c62x_hw_data.o
  CC [M]  net/mac80211/rc80211_minstrel_ht.o
  CC [M]  drivers/gpu/drm/amd/amdgpu/../amdkfd/kfd_flat_memory.o
  CC [M]  drivers/crypto/intel/qat/qat_common/adf_dev_mgr.o
  CC [M]  drivers/gpu/drm/nouveau/nvkm/subdev/pmu/gm20b.o
  LD [M]  drivers/media/cec/core/cec.o
  CC [M]  drivers/hid/amd-sfh-hid/amd_sfh_hid.o
  CC [M]  drivers/staging/media/av7110/av7110.o
  CC [M]  drivers/media/cec/usb/pulse8/pulse8-cec.o
  CC [M]  drivers/media/cec/usb/rainshadow/rainshadow-cec.o
  CC      drivers/firmware/efi/tpm.o
  CC [M]  fs/ocfs2/symlink.o
  CC [M]  drivers/net/ethernet/intel/ice/ice_vsi_vlan_ops.o
  CC [M]  drivers/hid/intel-ish-hid/ishtp/client.o
  LD [M]  drivers/net/ethernet/mellanox/mlxfw/mlxfw.o
  LD [M]  drivers/crypto/intel/qat/qat_c62x/qat_c62x.o
  CC [M]  net/vmw_vsock/vsock_addr.o
  CC [M]  drivers/leds/leds-lp50xx.o
  CC [M]  drivers/leds/leds-lp8788.o
  CC [M]  fs/ocfs2/sysfile.o
  CC [M]  net/openvswitch/vport.o
  CC [M]  drivers/crypto/ccp/ccp-crypto-aes.o
  CC [M]  drivers/media/usb/em28xx/em28xx-camera.o
  CC [M]  drivers/staging/media/ipu3/ipu3-v4l2.o
  CC [M]  fs/xfs/xfs_trans_ail.o
  CC [M]  drivers/hid/surface-hid/surface_hid_core.o
  CC [M]  drivers/gpu/drm/i915/display/intel_dp_hdcp.o
  CC [M]  drivers/net/ethernet/mellanox/mlx4/intf.o
  CC [M]  drivers/media/radio/wl128x/fmdrv_tx.o
  CC [M]  drivers/gpu/drm/nouveau/nvkm/subdev/pmu/gp102.o
  CC [M]  drivers/media/dvb-frontends/lgdt330x.o
  CC [M]  net/nsh/nsh.o
  CC [M]  drivers/hid/amd-sfh-hid/amd_sfh_client.o
  AR      drivers/net/ethernet/mellanox/built-in.a
  CC [M]  drivers/staging/media/av7110/av7110_ipack.o
  CC [M]  drivers/gpu/drm/amd/amdgpu/../amdkfd/kfd_process.o
  CC [M]  net/mac80211/rc80211_minstrel_ht_debugfs.o
  CC [M]  drivers/crypto/intel/qat/qat_common/adf_init.o
  CC      drivers/staging/vme_user/vme.o
  CC [M]  drivers/hid/amd-sfh-hid/amd_sfh_pcie.o
  LD [M]  drivers/net/wireless/realtek/rtlwifi/rtl8821ae/rtl8821ae.o
  CC [M]  drivers/hid/intel-ish-hid/ishtp/bus.o
  CC [M]  drivers/crypto/ccp/ccp-crypto-aes-cmac.o
  CC [M]  drivers/net/wireless/realtek/rtlwifi/rtl8192ee/dm.o
  CC [M]  drivers/leds/leds-lt3593.o
  CC      drivers/firmware/efi/memmap.o
  CC [M]  drivers/crypto/ccp/ccp-crypto-aes-xts.o
  CC [M]  drivers/hid/amd-sfh-hid/hid_descriptor/amd_sfh_hid_desc.o
  CC [M]  drivers/net/ethernet/intel/ice/ice_vsi_vlan_lib.o
  CC [M]  drivers/gpu/drm/nouveau/nvkm/subdev/pmu/gp10b.o
  CC [M]  net/vmw_vsock/vsock_bpf.o
  CC [M]  drivers/leds/leds-max8997.o
  CC [M]  drivers/media/radio/wl128x/fmdrv_v4l2.o
  AR      drivers/firmware/tegra/built-in.a
  AR      drivers/firmware/xilinx/built-in.a
  AR      drivers/net/ethernet/intel/built-in.a
  CC [M]  drivers/media/radio/saa7706h.o
  CC      drivers/firmware/efi/capsule.o
  CC [M]  drivers/gpu/drm/i915/display/intel_dp_link_training.o
  CC [M]  drivers/staging/media/ipu3/ipu3.o
  CC [M]  drivers/hid/surface-hid/surface_hid.o
  AR      drivers/crypto/intel/built-in.a
  CC      drivers/firmware/efi/esrt.o
  CC [M]  drivers/net/ethernet/mellanox/mlx5/core/uar.o
  CC [M]  drivers/staging/media/av7110/dvb_filter.o
  CC [M]  drivers/hid/intel-ish-hid/ishtp/dma-if.o
  CC [M]  drivers/net/ethernet/intel/e100.o
  CC [M]  drivers/net/ethernet/mellanox/mlx4/main.o
  CC [M]  fs/btrfs/send.o
  CC [M]  drivers/net/macvtap.o
  CC [M]  drivers/media/usb/em28xx/em28xx-video.o
  CC [M]  drivers/crypto/ccp/ccp-crypto-aes-galois.o
  CC [M]  drivers/crypto/intel/qat/qat_common/adf_accel_engine.o
  CC [M]  drivers/hid/amd-sfh-hid/sfh1_1/amd_sfh_init.o
  CC [M]  net/openvswitch/vport-internal_dev.o
  CC [M]  drivers/net/ethernet/mellanox/mlx5/core/pagealloc.o
  CC [M]  drivers/media/dvb-frontends/lgs8gl5.o
  LD [M]  net/mac80211/mac80211.o
  CC [M]  drivers/gpu/drm/nouveau/nvkm/subdev/privring/gf100.o
  CC [M]  drivers/staging/media/av7110/av7110_ir.o
  CC [M]  drivers/leds/leds-mc13783.o
  CC [M]  drivers/net/wireless/realtek/rtlwifi/rtl8192ee/fw.o
  CC [M]  drivers/hid/intel-ish-hid/ishtp/client-buffers.o
  CC [M]  drivers/staging/vme_user/vme_user.o
  CC [M]  fs/xfs/xfs_trans_buf.o
  CC [M]  drivers/media/usb/go7007/go7007-v4l2.o
  CC [M]  drivers/hid/surface-hid/surface_kbd.o
  CC [M]  drivers/media/usb/go7007/go7007-driver.o
  LD [M]  drivers/media/radio/wl128x/fm_drv.o
  CC [M]  drivers/net/ethernet/intel/ice/ice_fdir.o
  CC [M]  drivers/crypto/ccp/ccp-crypto-des3.o
  CC [M]  drivers/media/radio/radio-shark2.o
  CC [M]  drivers/crypto/intel/qat/qat_common/adf_aer.o
  CC [M]  drivers/gpu/drm/amd/amdgpu/../amdkfd/kfd_queue.o
  CC [M]  net/vmw_vsock/diag.o
  CC [M]  drivers/staging/wlan-ng/prism2usb.o
  CC [M]  fs/ocfs2/uptodate.o
  CC      drivers/firmware/efi/cper.o
  CC [M]  drivers/leds/leds-menf21bmc.o
  LD [M]  drivers/staging/media/ipu3/ipu3-imgu.o
  CC [M]  drivers/hid/amd-sfh-hid/sfh1_1/amd_sfh_interface.o
  CC [M]  drivers/leds/leds-mlxcpld.o
  CC [M]  drivers/gpu/drm/nouveau/nvkm/subdev/privring/gf117.o
  CC [M]  drivers/leds/leds-mlxreg.o
  CC [M]  drivers/staging/media/av7110/sp8870.o
  CC [M]  drivers/hid/intel-ish-hid/ipc/ipc.o
  CC [M]  drivers/net/ethernet/mellanox/mlxsw/core_acl_flex_keys.o
  CC [M]  drivers/leds/leds-mt6323.o
  CC [M]  drivers/crypto/ccp/ccp-crypto-rsa.o
  CC [M]  drivers/gpu/drm/i915/display/intel_dp_mst.o
  CC [M]  net/openvswitch/vport-netdev.o
  CC [M]  drivers/media/dvb-frontends/lgs8gxx.o
  CC [M]  drivers/staging/vme_user/vme_tsi148.o
  CC [M]  drivers/hid/amd-sfh-hid/sfh1_1/amd_sfh_desc.o
  CC [M]  drivers/crypto/intel/qat/qat_4xxx/adf_drv.o
  CC [M]  drivers/media/radio/radio-tea5777.o
  CC [M]  drivers/net/wireless/realtek/rtlwifi/rtl8192ee/hw.o
  CC [M]  drivers/crypto/intel/qat/qat_4xxx/adf_4xxx_hw_data.o
  CC      fs/open.o
  CC [M]  drivers/leds/leds-nic78bx.o
  CC [M]  net/vmw_vsock/vmci_transport.o
  CC [M]  drivers/net/ethernet/mellanox/mlx5/core/health.o
  CC [M]  drivers/media/usb/hdpvr/hdpvr-control.o
  CC [M]  drivers/gpu/drm/amd/amdgpu/../amdkfd/kfd_mqd_manager.o
  CC [M]  drivers/gpu/drm/nouveau/nvkm/subdev/privring/gk104.o
  CC [M]  drivers/net/ethernet/mellanox/mlx5/core/mcg.o
  CC [M]  drivers/media/usb/go7007/go7007-i2c.o
  CC [M]  drivers/crypto/intel/qat/qat_common/adf_transport.o
  CC [M]  drivers/net/ethernet/intel/ice/ice_ethtool_fdir.o
  CC [M]  drivers/crypto/ccp/ccp-crypto-sha.o
  CC [M]  drivers/media/usb/em28xx/em28xx-vbi.o
  CC [M]  drivers/net/ethernet/mellanox/mlxsw/core_acl_flex_actions.o
  CC [M]  drivers/hid/intel-ish-hid/ipc/pci-ish.o
  CC [M]  drivers/leds/leds-pca9532.o
  CC [M]  drivers/staging/vme_user/vme_fake.o
  CC      drivers/firmware/efi/cper_cxl.o
  LD [M]  drivers/hid/amd-sfh-hid/amd_sfh.o
  CC [M]  drivers/gpu/drm/nouveau/nvkm/subdev/privring/gk20a.o
  CC [M]  drivers/net/ethernet/intel/ice/ice_vlan_mode.o
  LD [M]  drivers/crypto/intel/qat/qat_4xxx/qat_4xxx.o
  CC [M]  fs/ocfs2/quota_local.o
  CC [M]  drivers/gpu/drm/amd/amdgpu/../amdkfd/kfd_mqd_manager_cik.o
  CC [M]  fs/xfs/xfs_dquot.o
  CC [M]  drivers/media/usb/hdpvr/hdpvr-core.o
  LD [M]  drivers/staging/media/av7110/dvb-ttpci.o
  CC [M]  drivers/media/usb/go7007/go7007-fw.o
  CC [M]  drivers/platform/x86/amd/pmc/pmc.o
  AR      drivers/platform/x86/amd/built-in.a
  AR      drivers/platform/mellanox/built-in.a
  CC      drivers/firmware/efi/runtime-wrappers.o
  LD [M]  drivers/crypto/ccp/ccp.o
  CC [M]  drivers/platform/mellanox/mlxreg-hotplug.o
  CC [M]  drivers/platform/x86/dell/dell-wmi-sysman/sysman.o
  CC [M]  drivers/gpu/drm/i915/display/intel_dsi.o
  CC [M]  drivers/platform/chrome/wilco_ec/core.o
  LD [M]  drivers/crypto/ccp/ccp-crypto.o
  CC [M]  drivers/platform/mellanox/mlxreg-io.o
  CC [M]  drivers/media/dvb-frontends/lnbh25.o
  CC [M]  drivers/media/radio/radio-shark.o
  CC [M]  drivers/media/usb/em28xx/em28xx-audio.o
  CC [M]  drivers/net/ethernet/mellanox/mlx4/mcg.o
  CC [M]  net/openvswitch/conntrack.o
  CC [M]  net/vmw_vsock/vmci_transport_notify.o
  CC [M]  drivers/leds/leds-pca955x.o
  CC [M]  drivers/platform/x86/dell/dell-wmi-sysman/enum-attributes.o
  CC [M]  drivers/gpu/drm/nouveau/nvkm/subdev/privring/gm200.o
  CC [M]  drivers/hid/intel-ish-hid/ishtp-hid.o
  AR      drivers/staging/vme_user/built-in.a
  CC [M]  drivers/platform/x86/dell/dell-wmi-sysman/int-attributes.o
  CC [M]  drivers/crypto/intel/qat/qat_common/adf_admin.o
  CC [M]  drivers/platform/chrome/wilco_ec/keyboard_leds.o
  CC [M]  drivers/gpu/drm/amd/amdgpu/../amdkfd/kfd_mqd_manager_vi.o
  CC      drivers/mailbox/mailbox.o
  CC [M]  drivers/media/usb/hdpvr/hdpvr-video.o
  CC [M]  fs/xfs/xfs_dquot_item.o
  CC [M]  drivers/crypto/intel/qat/qat_dh895xccvf/adf_drv.o
  CC [M]  drivers/net/ethernet/mellanox/mlx5/core/cq.o
  CC      drivers/firmware/efi/dev-path-parser.o
  CC [M]  drivers/net/ethernet/intel/ice/ice_flex_pipe.o
  CC [M]  drivers/platform/x86/amd/pmc/pmc-quirks.o
  CC [M]  drivers/net/ethernet/intel/ice/ice_flow.o
  CC [M]  fs/btrfs/dev-replace.o
  CC [M]  drivers/platform/x86/dell/dell-wmi-sysman/string-attributes.o
  CC [M]  drivers/hid/intel-ish-hid/ishtp-hid-client.o
  CC [M]  drivers/net/ethernet/intel/ice/ice_idc.o
  CC [M]  drivers/gpu/drm/nouveau/nvkm/subdev/privring/gp10b.o
  CC [M]  drivers/gpu/drm/i915/display/intel_dsi_dcs_backlight.o
  CC [M]  drivers/crypto/intel/qat/qat_dh895xccvf/adf_dh895xccvf_hw_data.o
  CC [M]  drivers/platform/chrome/wilco_ec/mailbox.o
  CC [M]  drivers/staging/wlan-ng/p80211conv.o
  CC [M]  drivers/media/radio/radio-si476x.o
  CC [M]  drivers/leds/leds-pca963x.o
  CC [M]  drivers/net/wireless/realtek/rtlwifi/rtl8192ee/led.o
  CC [M]  net/vmw_vsock/vmci_transport_notify_qstate.o
  CC [M]  drivers/media/usb/em28xx/em28xx-dvb.o
  LD [M]  drivers/platform/x86/amd/pmc/amd-pmc.o
  CC [M]  drivers/net/wireless/realtek/rtlwifi/base.o
  AR      drivers/net/ethernet/micrel/built-in.a
  CC [M]  drivers/platform/x86/dell/dell-wmi-sysman/passobj-attributes.o
  CC [M]  drivers/net/ethernet/micrel/ks8842.o
  CC [M]  drivers/media/dvb-frontends/lnbh29.o
  CC      drivers/mailbox/pcc.o
  CC [M]  fs/ocfs2/quota_global.o
  CC      drivers/hwspinlock/hwspinlock_core.o
  CC [M]  drivers/crypto/intel/qat/qat_common/adf_hw_arbiter.o
  CC      drivers/firmware/efi/apple-properties.o
  LD [M]  drivers/crypto/intel/qat/qat_dh895xccvf/qat_dh895xccvf.o
  CC [M]  drivers/platform/x86/dell/dell-wmi-sysman/biosattr-interface.o
  CC [M]  drivers/platform/chrome/wilco_ec/properties.o
  CC [M]  drivers/gpu/drm/nouveau/nvkm/subdev/therm/base.o
  CC [M]  drivers/media/usb/go7007/snd-go7007.o
  CC [M]  drivers/gpu/drm/amd/amdgpu/../amdkfd/kfd_mqd_manager_v9.o
  CC [M]  drivers/leds/leds-pwm.o
  CC [M]  fs/xfs/xfs_trans_dquot.o
  CC [M]  drivers/media/usb/hdpvr/hdpvr-i2c.o
  CC [M]  net/openvswitch/vport-vxlan.o
  CC [M]  drivers/staging/wlan-ng/p80211req.o
  CC [M]  drivers/media/usb/pvrusb2/pvrusb2-i2c-core.o
  CC [M]  drivers/net/wireless/realtek/rtlwifi/rtl8192ee/phy.o
  CC [M]  drivers/net/ethernet/mellanox/mlxsw/core_env.o
  CC [M]  net/vmw_vsock/virtio_transport.o
  CC [M]  drivers/hid/intel-ish-hid/ishtp-fw-loader.o
  CC [M]  drivers/gpu/drm/i915/display/intel_dsi_vbt.o
  CC [M]  drivers/platform/chrome/wilco_ec/sysfs.o
  CC [M]  drivers/net/ethernet/mellanox/mlx4/mr.o
  CC [M]  drivers/media/radio/tea575x.o
  CC [M]  drivers/platform/x86/dell/dell-wmi-sysman/passwordattr-interface.o
  CC [M]  fs/btrfs/raid56.o
  CC      drivers/firmware/efi/rci2-table.o
  AR      drivers/hwspinlock/built-in.a
  CC [M]  drivers/crypto/intel/qat/qat_common/adf_sysfs.o
  CC [M]  drivers/mailbox/mailbox-altera.o
  CC [M]  drivers/leds/leds-regulator.o
  CC [M]  drivers/crypto/intel/qat/qat_common/adf_gen2_hw_data.o
  CC [M]  drivers/platform/chrome/wilco_ec/debugfs.o
  CC [M]  drivers/gpu/drm/i915/display/intel_dvo.o
  CC [M]  drivers/gpu/drm/nouveau/nvkm/subdev/therm/fan.o
  CC [M]  drivers/net/ethernet/micrel/ks8851_common.o
  CC [M]  drivers/net/ethernet/mellanox/mlx5/core/alloc.o
  LD [M]  drivers/platform/x86/dell/dell-wmi-sysman/dell-wmi-sysman.o
  CC [M]  drivers/media/dvb-frontends/lnbp21.o
  AR      drivers/platform/x86/dell/built-in.a
  CC [M]  drivers/media/usb/em28xx/em28xx-input.o
  CC [M]  drivers/platform/x86/dell/alienware-wmi.o
  LD [M]  drivers/media/usb/hdpvr/hdpvr.o
  CC [M]  drivers/media/dvb-frontends/lnbp22.o
  CC [M]  drivers/staging/wlan-ng/p80211wep.o
  CC      drivers/firmware/efi/embedded-firmware.o
  AR      drivers/mailbox/built-in.a
  CC [M]  net/vmw_vsock/virtio_transport_common.o
  LD [M]  drivers/hid/intel-ish-hid/intel-ishtp.o
  LD [M]  drivers/hid/intel-ish-hid/intel-ish-ipc.o
  CC [M]  net/openvswitch/vport-geneve.o
  LD [M]  drivers/hid/intel-ish-hid/intel-ishtp-hid.o
  LD [M]  drivers/hid/intel-ish-hid/intel-ishtp-loader.o
  CC [M]  drivers/media/usb/pvrusb2/pvrusb2-audio.o
  AR      drivers/hid/built-in.a
  CC [M]  drivers/hid/hid-core.o
  CC [M]  drivers/leds/leds-tca6507.o
  CC [M]  drivers/media/usb/go7007/go7007-usb.o
  CC [M]  drivers/gpu/drm/amd/amdgpu/../amdkfd/kfd_mqd_manager_v10.o
  CC [M]  drivers/platform/chrome/wilco_ec/event.o
  CC [M]  drivers/net/ethernet/mellanox/mlx4/pd.o
  CC [M]  drivers/platform/x86/hp/hp-bioscfg/bioscfg.o
  CC [M]  fs/ocfs2/xattr.o
  CC [M]  drivers/platform/x86/dell/dcdbas.o
  CC [M]  fs/btrfs/uuid-tree.o
  CC [M]  drivers/gpu/drm/nouveau/nvkm/subdev/therm/fannil.o
  CC [M]  drivers/staging/rtl8192u/r8192U_core.o
  CC [M]  drivers/crypto/intel/qat/qat_common/adf_gen2_config.o
  CC [M]  drivers/net/ethernet/intel/ice/ice_devlink.o
  CC [M]  drivers/staging/wlan-ng/p80211netdev.o
  CC [M]  drivers/media/radio/radio-tea5764.o
  CC [M]  drivers/staging/rtl8192u/r8180_93cx6.o
  CC [M]  fs/xfs/xfs_qm_syscalls.o
  CC      drivers/firmware/efi/mokvar-table.o
  LD [M]  drivers/media/usb/em28xx/em28xx.o
  CC [M]  drivers/media/usb/pvrusb2/pvrusb2-encoder.o
  CC [M]  drivers/platform/chrome/wilco_ec/telemetry.o
  CC [M]  net/openvswitch/vport-gre.o
  CC [M]  drivers/gpu/drm/i915/display/intel_gmbus.o
  LD [M]  drivers/media/usb/em28xx/em28xx-v4l.o
  LD [M]  drivers/media/usb/em28xx/em28xx-alsa.o
  CC [M]  fs/btrfs/props.o
  LD [M]  drivers/media/usb/em28xx/em28xx-rc.o
  CC [M]  drivers/media/dvb-frontends/m88ds3103.o
  CC      drivers/firmware/efi/sysfb_efi.o
  CC [M]  drivers/platform/x86/hp/hp-bioscfg/biosattr-interface.o
  CC [M]  drivers/net/wireless/realtek/rtlwifi/cam.o
  CC [M]  drivers/leds/leds-ti-lmu-common.o
  CC [M]  drivers/platform/x86/dell/dell-laptop.o
  CC [M]  drivers/net/wireless/realtek/rtlwifi/rtl8192ee/pwrseq.o
  CC [M]  drivers/gpu/drm/nouveau/nvkm/subdev/therm/fanpwm.o
  CC [M]  drivers/gpu/drm/amd/amdgpu/../amdkfd/kfd_mqd_manager_v11.o
  CC [M]  drivers/net/ethernet/micrel/ks8851_spi.o
  CC [M]  drivers/media/usb/go7007/go7007-loader.o
  CC [M]  drivers/gpu/drm/i915/display/intel_hdmi.o
  LD [M]  drivers/platform/chrome/wilco_ec/wilco_ec.o
  CC [M]  drivers/platform/x86/dell/dell-rbtn.o
  LD [M]  drivers/platform/chrome/wilco_ec/wilco_ec_debugfs.o
  LD [M]  drivers/platform/chrome/wilco_ec/wilco_ec_events.o
  LD [M]  drivers/platform/chrome/wilco_ec/wilco_ec_telem.o
  CC [M]  drivers/gpu/drm/amd/amdgpu/../amdkfd/kfd_kernel_queue.o
  CC [M]  drivers/platform/x86/hp/hp-bioscfg/enum-attributes.o
  CC      drivers/platform/chrome/cros_ec_proto.o
  CC [M]  drivers/net/ethernet/mellanox/mlx4/port.o
  CC [M]  drivers/net/ethernet/mellanox/mlx5/core/port.o
  CC [M]  drivers/media/radio/tef6862.o
  CC [M]  fs/xfs/xfs_qm_bhv.o
  CC [M]  drivers/crypto/intel/qat/qat_common/adf_gen4_hw_data.o
  CC [M]  drivers/crypto/intel/qat/qat_common/adf_gen4_pm.o
  CC      drivers/firmware/efi/earlycon.o
  LD [M]  drivers/staging/wlan-ng/prism2_usb.o
  CC [M]  drivers/media/usb/pvrusb2/pvrusb2-video-v4l.o
  CC [M]  drivers/leds/leds-tlc591xx.o
  LD [M]  net/openvswitch/openvswitch.o
  CC      drivers/firmware/dmi_scan.o
  CC [M]  fs/btrfs/free-space-tree.o
  CC [M]  drivers/media/usb/go7007/s2250-board.o
  CC [M]  drivers/net/ethernet/mellanox/mlxsw/core_linecards.o
  CC [M]  drivers/net/wireless/realtek/rtlwifi/rtl8192ee/rf.o
  CC [M]  drivers/gpu/drm/nouveau/nvkm/subdev/therm/fantog.o
  CC [M]  net/vmw_vsock/hyperv_transport.o
  CC [M]  drivers/platform/x86/hp/hp-bioscfg/int-attributes.o
  CC [M]  drivers/staging/rtl8192u/r8192U_wx.o
  CC [M]  drivers/hid/hid-input.o
  CC [M]  drivers/net/ethernet/micrel/ks8851_par.o
  CC [M]  fs/xfs/xfs_qm.o
  CC [M]  drivers/leds/leds-tps6105x.o
  CC [M]  drivers/media/radio/radio-wl1273.o
  CC [M]  drivers/net/ethernet/intel/ice/ice_ddp.o
  CC [M]  drivers/leds/leds-wm831x-status.o
  CC [M]  drivers/leds/leds-wm8350.o
  CC      drivers/firmware/efi/cper-x86.o
  CC [M]  drivers/platform/x86/dell/dell_rbu.o
  CC      drivers/platform/chrome/cros_ec_trace.o
  CC [M]  drivers/platform/chrome/chromeos_laptop.o
  CC [M]  drivers/gpu/drm/amd/amdgpu/../amdkfd/kfd_packet_manager.o
  CC [M]  drivers/crypto/intel/qat/qat_common/adf_gen2_dc.o
  CC [M]  drivers/media/usb/stk1160/stk1160-core.o
  CC [M]  drivers/media/usb/pvrusb2/pvrusb2-eeprom.o
  CC [M]  drivers/media/dvb-frontends/m88rs2000.o
  AR      drivers/platform/x86/intel/atomisp2/built-in.a
  CC [M]  drivers/platform/x86/intel/atomisp2/led.o
  CC [M]  drivers/platform/x86/hp/hp-bioscfg/order-list-attributes.o
  LD [M]  drivers/media/usb/go7007/go7007.o
  CC [M]  drivers/gpu/drm/nouveau/nvkm/subdev/therm/ic.o
  LD [M]  drivers/media/usb/go7007/s2250.o
  CC [M]  drivers/platform/x86/hp/hp-bioscfg/passwdobj-attributes.o
  CC [M]  drivers/leds/leds-dac124s085.o
  CC [M]  drivers/net/wireless/realtek/rtlwifi/rtl8192ee/sw.o
  CC [M]  drivers/crypto/intel/qat/qat_common/adf_gen4_dc.o
  CC [M]  drivers/media/usb/stk1160/stk1160-v4l.o
  CC      drivers/firmware/efi/unaccepted_memory.o
  CC [M]  drivers/net/ethernet/mellanox/mlx4/profile.o
  CC [M]  drivers/net/ethernet/micrel/ksz884x.o
  LD [M]  drivers/platform/x86/intel/atomisp2/intel_atomisp2_led.o
  CC [M]  net/vmw_vsock/vsock_loopback.o
  CC      drivers/platform/x86/intel/pmc/core.o
  CC [M]  drivers/staging/rtl8192u/r8190_rtl8256.o
  CC [M]  drivers/staging/rtl8192e/rtl8192e/r8192E_dev.o
  CC [M]  drivers/firmware/efi/efi-pstore.o
  AR      drivers/platform/x86/hp/built-in.a
  CC [M]  fs/btrfs/tree-checker.o
  AR      drivers/crypto/starfive/built-in.a
  CC      drivers/platform/x86/intel/pmc/core_ssram.o
  CC [M]  drivers/platform/x86/dell/dell-smbios-base.o
  CC [M]  drivers/platform/chrome/chromeos_pstore.o
  CC [M]  drivers/platform/x86/dell/dell-smbios-wmi.o
  CC [M]  drivers/platform/x86/hp/hp-bioscfg/spmobj-attributes.o
  CC      drivers/platform/x86/intel/pmc/spt.o
  CC [M]  drivers/media/usb/pvrusb2/pvrusb2-main.o
  CC [M]  drivers/crypto/intel/qat/qat_common/adf_gen4_timer.o
  CC [M]  drivers/leds/uleds.o
  CC [M]  drivers/gpu/drm/nouveau/nvkm/subdev/therm/temp.o
  CC [M]  drivers/gpu/drm/i915/display/intel_lspcon.o
  CC [M]  drivers/media/radio/dsbr100.o
  CC [M]  drivers/media/dvb-frontends/mb86a16.o
  CC [M]  drivers/gpu/drm/amd/amdgpu/../amdkfd/kfd_packet_manager_vi.o
  CC [M]  drivers/platform/chrome/chromeos_tbmc.o
  CC [M]  drivers/firmware/efi/efibc.o
  CC [M]  drivers/net/wireless/realtek/rtlwifi/rtl8192ee/table.o
  CC [M]  drivers/crypto/intel/qat/qat_common/adf_clock.o
  CC [M]  drivers/net/wireless/realtek/rtlwifi/rtl8192ee/trx.o
  CC      drivers/platform/x86/touchscreen_dmi.o
  CC [M]  drivers/media/radio/radio-keene.o
  CC [M]  drivers/net/ethernet/mellanox/mlx5/core/mr.o
  CC      drivers/platform/x86/p2sb.o
  CC [M]  drivers/net/ethernet/mellanox/mlx4/qp.o
  CC [M]  drivers/platform/x86/hp/hp-bioscfg/string-attributes.o
  LD [M]  net/vmw_vsock/vsock.o
  CC [M]  drivers/media/radio/radio-ma901.o
  LD [M]  net/vmw_vsock/vsock_diag.o
  CC [M]  drivers/media/usb/stk1160/stk1160-video.o
  LD [M]  net/vmw_vsock/vmw_vsock_vmci_transport.o
  LD [M]  net/vmw_vsock/vmw_vsock_virtio_transport.o
  CC [M]  drivers/net/ethernet/intel/ice/ice_fw_update.o
  CC [M]  drivers/staging/rtl8192u/r819xU_phy.o
  LD [M]  net/vmw_vsock/vmw_vsock_virtio_transport_common.o
  LD [M]  net/vmw_vsock/hv_sock.o
  CC [M]  net/hsr/hsr_main.o
  CC [M]  drivers/platform/x86/dell/dell-smbios-smm.o
  CC [M]  drivers/media/usb/pvrusb2/pvrusb2-hdw.o
  CC [M]  drivers/firmware/efi/capsule-loader.o
  CC [M]  drivers/platform/chrome/cros_ec.o
  CC      drivers/platform/x86/intel/pmc/cnp.o
  CC [M]  drivers/gpu/drm/nouveau/nvkm/subdev/therm/nv40.o
  AR      drivers/leds/built-in.a
  CC [M]  drivers/hid/hid-quirks.o
  CC [M]  fs/ocfs2/acl.o
  CC [M]  drivers/media/usb/pvrusb2/pvrusb2-v4l2.o
  CC [M]  fs/xfs/xfs_quotaops.o
  CC      drivers/platform/x86/intel_scu_ipc.o
  CC [M]  drivers/platform/x86/hp/hp-bioscfg/surestart-attributes.o
  CC [M]  drivers/staging/rtl8192e/rtl8192e/r8192E_phy.o
  CC [M]  drivers/platform/x86/dell/dell-smo8800.o
  CC [M]  drivers/media/radio/radio-mr800.o
  CC [M]  drivers/staging/rtl8192e/dot11d.o
  CC [M]  fs/btrfs/space-info.o
  CC [M]  drivers/gpu/drm/amd/amdgpu/../amdkfd/kfd_packet_manager_v9.o
  CC      drivers/platform/x86/intel/pmc/icl.o
  CC [M]  drivers/crypto/intel/qat/qat_common/qat_crypto.o
  CC [M]  drivers/net/wireless/realtek/rtlwifi/core.o
  CC [M]  drivers/net/ethernet/mellanox/mlxsw/core_linecard_dev.o
  CC [M]  drivers/crypto/intel/qat/qat_c3xxxvf/adf_drv.o
  CC [M]  drivers/gpu/drm/i915/display/intel_lvds.o
  CC [M]  drivers/media/usb/stk1160/stk1160-i2c.o
  AR      drivers/firmware/efi/built-in.a
  CC      drivers/firmware/edd.o
  LD [M]  drivers/platform/x86/hp/hp-bioscfg/hp-bioscfg.o
  CC [M]  drivers/platform/x86/hp/hp_accel.o
  CC [M]  drivers/gpu/drm/nouveau/nvkm/subdev/therm/nv50.o
  CC [M]  drivers/platform/x86/dell/dell-wmi-base.o
  CC      drivers/platform/x86/intel/pmc/tgl.o
  CC [M]  fs/ocfs2/filecheck.o
  LD [M]  drivers/net/wireless/realtek/rtlwifi/rtl8192ee/rtl8192ee.o
  CC [M]  fs/xfs/xfs_rtalloc.o
  CC [M]  drivers/staging/rtl8192u/r819xU_firmware.o
  CC [M]  drivers/net/ethernet/mellanox/mlx4/reset.o
  CC [M]  drivers/gpu/drm/nouveau/nvkm/subdev/therm/g84.o
  CC [M]  net/hsr/hsr_framereg.o
  CC [M]  drivers/platform/chrome/cros_ec_i2c.o
  CC [M]  drivers/net/ethernet/intel/ice/ice_lag.o
  CC [M]  drivers/crypto/intel/qat/qat_common/qat_compression.o
  CC [M]  drivers/crypto/intel/qat/qat_c3xxxvf/adf_c3xxxvf_hw_data.o
  CC [M]  drivers/gpu/drm/nouveau/nvkm/subdev/therm/gt215.o
  CC [M]  drivers/media/radio/radio-raremono.o
  CC [M]  drivers/hid/hid-debug.o
  CC [M]  fs/btrfs/block-rsv.o
  CC [M]  drivers/platform/surface/aggregator/core.o
  CC [M]  drivers/media/dvb-frontends/mb86a20s.o
  CC      drivers/platform/x86/intel/pmc/adl.o
  CC [M]  drivers/net/ethernet/mellanox/mlx5/core/pd.o
  CC [M]  drivers/media/usb/stk1160/stk1160-ac97.o
  CC [M]  drivers/gpu/drm/amd/amdgpu/../amdkfd/kfd_process_queue_manager.o
  AR      drivers/platform/surface/built-in.a
  CC [M]  drivers/platform/surface/aggregator/ssh_parser.o
  CC      drivers/firmware/dmi-id.o
  CC [M]  drivers/staging/rtl8192e/rtl8192e/r8192E_firmware.o
  CC [M]  drivers/net/ethernet/mellanox/mlxsw/core_hwmon.o
  CC [M]  drivers/platform/x86/hp/hp-wmi.o
  CC [M]  drivers/platform/x86/dell/dell-wmi-privacy.o
  CC [M]  drivers/platform/surface/surface3-wmi.o
  CC [M]  fs/ocfs2/stackglue.o
  CC [M]  drivers/staging/rtl8192e/rtl8192e/r8192E_cmdpkt.o
  CC [M]  drivers/net/ethernet/mellanox/mlx4/sense.o
  CC [M]  drivers/gpu/drm/nouveau/nvkm/subdev/therm/gf100.o
  CC [M]  drivers/net/ethernet/mellanox/mlx4/srq.o
  LD [M]  drivers/crypto/intel/qat/qat_c3xxxvf/qat_c3xxxvf.o
  CC [M]  fs/xfs/xfs_acl.o
  CC      drivers/platform/x86/intel/pmc/mtl.o
  CC [M]  drivers/gpu/drm/i915/display/intel_panel.o
  CC [M]  drivers/crypto/intel/qat/qat_common/qat_comp_algs.o
  CC [M]  drivers/platform/chrome/cros_ec_ishtp.o
  CC      drivers/platform/x86/intel_scu_pcidrv.o
  CC [M]  drivers/staging/rtl8192u/r819xU_cmdpkt.o
  CC      drivers/firmware/iscsi_ibft_find.o
  CC [M]  drivers/platform/chrome/cros_typec_switch.o
  CC [M]  net/hsr/hsr_device.o
  CC [M]  net/hsr/hsr_netlink.o
  LD [M]  drivers/media/usb/stk1160/stk1160.o
  CC [M]  drivers/media/dvb-frontends/mn88443x.o
  LD [M]  drivers/media/radio/shark2.o
  CC [M]  drivers/net/ethernet/intel/ice/ice_ethtool.o
  CC [M]  drivers/net/mii.o
  CC [M]  drivers/media/usb/pvrusb2/pvrusb2-ctrl.o
  CC [M]  fs/btrfs/delalloc-space.o
  CC      drivers/platform/x86/intel/pmc/pltdrv.o
  CC [M]  drivers/gpu/drm/drm_connector.o
  CC [M]  drivers/net/wireless/realtek/rtlwifi/debug.o
  CC [M]  drivers/net/ethernet/mellanox/mlx5/core/transobj.o
  AR      drivers/net/ethernet/microchip/built-in.a
  CC [M]  drivers/net/ethernet/microchip/enc28j60.o
  CC [M]  drivers/hid/hidraw.o
  CC [M]  drivers/platform/x86/dell/dell-wmi-aio.o
  CC [M]  drivers/gpu/drm/nouveau/nvkm/subdev/therm/gf119.o
  CC [M]  drivers/media/usb/pvrusb2/pvrusb2-std.o
  CC [M]  drivers/crypto/intel/qat/qat_common/qat_algs.o
  CC [M]  fs/ocfs2/stack_o2cb.o
  CC [M]  drivers/platform/chrome/cros_ec_spi.o
  CC [M]  drivers/staging/rtl8192e/rtl8192e/table.o
  CC [M]  drivers/net/ethernet/microchip/encx24j600.o
  CC [M]  drivers/staging/rtl8192e/rtl8192e/r8190P_rtl8256.o
  CC [M]  drivers/gpu/drm/amd/amdgpu/../amdkfd/kfd_device_queue_manager.o
  CC [M]  drivers/staging/rtl8192u/r8192U_dm.o
  AR      drivers/platform/x86/intel/pmc/built-in.a
  AR      drivers/platform/x86/intel/wmi/built-in.a
  CC [M]  drivers/platform/surface/aggregator/ssh_packet_layer.o
  CC [M]  drivers/platform/x86/intel/wmi/sbl-fw-update.o
  CC [M]  drivers/net/ethernet/mellanox/mlx4/resource_tracker.o
  CC [M]  fs/btrfs/block-group.o
  CC [M]  drivers/staging/rtl8192e/rtllib_module.o
  CC      drivers/firmware/memmap.o
  CC [M]  drivers/crypto/intel/qat/qat_c62xvf/adf_drv.o
  CC [M]  drivers/media/dvb-frontends/mn88472.o
  CC [M]  drivers/platform/x86/dell/dell-wmi-descriptor.o
  CC      drivers/platform/x86/pmc_atom.o
  CC [M]  drivers/gpu/drm/i915/display/intel_pps.o
  CC [M]  drivers/net/wireless/realtek/rtlwifi/efuse.o
  CC [M]  drivers/gpu/drm/nouveau/nvkm/subdev/therm/gk104.o
  CC [M]  drivers/staging/rtl8192u/r819xU_firmware_img.o
  CC [M]  drivers/media/usb/pvrusb2/pvrusb2-devattr.o
  CC [M]  drivers/net/ethernet/mellanox/mlx4/crdump.o
  CC [M]  net/hsr/hsr_slave.o
  CC [M]  drivers/platform/x86/intel/wmi/thunderbolt.o
  CC [M]  drivers/gpu/drm/amd/amdgpu/../amdkfd/kfd_device_queue_manager_cik.o
  CC [M]  drivers/platform/chrome/cros_ec_typec.o
  CC [M]  fs/ocfs2/stack_user.o
  CC [M]  drivers/net/ethernet/mellanox/mlxsw/core_thermal.o
  CC [M]  fs/xfs/xfs_sysctl.o
  CC [M]  drivers/staging/rtl8192e/rtl8192e/rtl_cam.o
  CC [M]  drivers/net/ethernet/mellanox/mlx5/core/vport.o
  CC [M]  drivers/crypto/intel/qat/qat_common/qat_asym_algs.o
  CC      drivers/firmware/sysfb.o
  CC [M]  drivers/hid/uhid.o
  CC [M]  drivers/crypto/intel/qat/qat_c62xvf/adf_c62xvf_hw_data.o
  CC [M]  drivers/crypto/intel/qat/qat_common/qat_algs_send.o
  CC [M]  drivers/gpu/drm/i915/display/intel_qp_tables.o
  CC [M]  drivers/platform/x86/dell/dell-wmi-ddv.o
  CC [M]  drivers/net/ethernet/microchip/encx24j600-regmap.o
  LD [M]  drivers/platform/x86/intel/wmi/intel-wmi-sbl-fw-update.o
  LD [M]  drivers/platform/x86/intel/wmi/intel-wmi-thunderbolt.o
  CC [M]  drivers/platform/x86/intel/int1092/intel_sar.o
  CC [M]  drivers/gpu/drm/nouveau/nvkm/subdev/therm/gm107.o
  CC [M]  drivers/media/dvb-frontends/mn88473.o
  LD [M]  fs/ocfs2/ocfs2.o
  CC [M]  drivers/media/usb/pvrusb2/pvrusb2-context.o
  CC [M]  drivers/net/wireless/realtek/rtlwifi/ps.o
  CC [M]  drivers/staging/rtl8192u/r8192U_debugfs.o
  CC [M]  fs/xfs/xfs_ioctl32.o
  CC [M]  net/hsr/hsr_forward.o
  CC [M]  drivers/platform/chrome/cros_typec_vdm.o
  CC [M]  drivers/staging/rtl8192u/ieee80211/ieee80211_crypt.o
  LD [M]  drivers/crypto/intel/qat/qat_c62xvf/qat_c62xvf.o
  CC [M]  fs/xfs/xfs_pnfs.o
  CC [M]  drivers/staging/rtl8192u/ieee80211/ieee80211_crypt_tkip.o
  CC [M]  drivers/staging/rtl8192e/rtl8192e/rtl_core.o
  CC [M]  drivers/staging/rtl8192e/rtl8192e/rtl_dm.o
  LD [M]  fs/ocfs2/ocfs2_stackglue.o
  LD [M]  fs/ocfs2/ocfs2_stack_o2cb.o
  CC [M]  net/hsr/hsr_debugfs.o
  LD [M]  fs/ocfs2/ocfs2_stack_user.o
  CC [M]  drivers/platform/surface/aggregator/ssh_request_layer.o
  CC [M]  drivers/net/ethernet/intel/ice/ice_repr.o
  CC [M]  drivers/staging/rtl8192e/rtllib_rx.o
  CC [M]  net/qrtr/af_qrtr.o
  CC [M]  drivers/platform/x86/intel/int3472/discrete.o
  CC [M]  drivers/platform/x86/dell/dell-wmi-led.o
  CC [M]  drivers/firmware/dmi-sysfs.o
  CC [M]  drivers/hid/hid-generic.o
  CC [M]  drivers/crypto/intel/qat/qat_common/qat_uclo.o
  CC [M]  drivers/platform/chrome/cros_ec_lpc.o
  CC [M]  drivers/gpu/drm/nouveau/nvkm/subdev/therm/gm200.o
  CC [M]  drivers/media/usb/pvrusb2/pvrusb2-io.o
  CC [M]  drivers/gpu/drm/amd/amdgpu/../amdkfd/kfd_device_queue_manager_vi.o
  CC [M]  drivers/media/dvb-frontends/mt312.o
  CC [M]  drivers/net/mdio.o
  CC [M]  drivers/gpu/drm/i915/display/intel_sdvo.o
  CC [M]  drivers/net/netconsole.o
  CC [M]  drivers/gpu/drm/nouveau/nvkm/subdev/therm/gp100.o
  CC [M]  net/qrtr/ns.o
  LD [M]  drivers/platform/x86/dell/dell-smbios.o
  CC [M]  drivers/crypto/cavium/nitrox/nitrox_main.o
  CC [M]  drivers/net/ethernet/mellanox/mlxsw/pci.o
  LD [M]  net/hsr/hsr.o
  CC [M]  drivers/crypto/chelsio/chcr_core.o
  LD [M]  drivers/platform/x86/dell/dell-wmi.o
  CC [M]  drivers/crypto/cavium/nitrox/nitrox_isr.o
  CC [M]  drivers/crypto/virtio/virtio_crypto_skcipher_algs.o
  CC [M]  drivers/firmware/iscsi_ibft.o
  CC [M]  fs/btrfs/discard.o
  CC [M]  drivers/hid/hid-a4tech.o
  CC [M]  drivers/staging/rtl8192u/ieee80211/ieee80211_crypt_ccmp.o
  CC [M]  drivers/net/ethernet/microchip/lan743x_main.o
  CC [M]  drivers/platform/x86/intel/int3472/clk_and_regulator.o
  CC [M]  drivers/platform/surface/aggregator/bus.o
  CC [M]  drivers/crypto/virtio/virtio_crypto_akcipher_algs.o
  CC [M]  drivers/platform/chrome/cros_ec_lpc_mec.o
  CC [M]  drivers/media/usb/pvrusb2/pvrusb2-ioread.o
  CC [M]  drivers/net/rionet.o
  CC [M]  drivers/gpu/drm/nouveau/nvkm/subdev/timer/base.o
  CC [M]  drivers/gpu/drm/amd/amdgpu/../amdkfd/kfd_device_queue_manager_v9.o
  CC [M]  drivers/net/ethernet/intel/ice/ice_tc_lib.o
  CC [M]  drivers/net/wireless/realtek/rtlwifi/rc.o
  CC [M]  drivers/net/ethernet/mellanox/mlx5/core/sriov.o
  CC [M]  drivers/net/ethernet/mellanox/mlx4/en_main.o
  CC [M]  drivers/hid/hid-accutouch.o
  CC [M]  drivers/platform/x86/intel/speed_select_if/isst_if_common.o
  CC [M]  drivers/crypto/cavium/nitrox/nitrox_lib.o
  CC [M]  drivers/staging/rtl8192e/rtl8192e/rtl_eeprom.o
  CC [M]  drivers/staging/rtl8723bs/core/rtw_ap.o
  CC [M]  fs/xfs/xfs_notify_failure.o
  CC [M]  drivers/crypto/cavium/nitrox/nitrox_hal.o
  CC [M]  drivers/platform/chrome/cros_kbd_led_backlight.o
  CC [M]  drivers/firmware/qemu_fw_cfg.o
  CC      fs/read_write.o
  CC [M]  drivers/platform/x86/intel/int3472/led.o
  CC [M]  drivers/crypto/intel/qat/qat_common/qat_hal.o
  CC [M]  fs/btrfs/reflink.o
  CC [M]  drivers/media/usb/pvrusb2/pvrusb2-cx2584x-v4l.o
  CC [M]  drivers/media/dvb-frontends/mt352.o
  CC [M]  drivers/crypto/cavium/nitrox/nitrox_reqmgr.o
  CC [M]  drivers/crypto/virtio/virtio_crypto_mgr.o
  CC [M]  drivers/staging/rtl8192u/ieee80211/ieee80211_crypt_wep.o
  CC [M]  drivers/platform/surface/aggregator/controller.o
  CC [M]  drivers/crypto/chelsio/chcr_algo.o
  CC [M]  drivers/gpu/drm/nouveau/nvkm/subdev/timer/nv04.o
  CC [M]  drivers/platform/chrome/cros_ec_chardev.o
  CC [M]  drivers/hid/hid-alps.o
  CC [M]  drivers/platform/chrome/cros_ec_lightbar.o
  CC [M]  drivers/net/wireless/realtek/rtlwifi/regd.o
  CC [M]  drivers/crypto/virtio/virtio_crypto_core.o
  CC [M]  drivers/platform/x86/intel/int3472/common.o
  CC [M]  drivers/staging/rtl8192e/rtllib_tx.o
  LD [M]  fs/xfs/xfs.o
  AR      drivers/firmware/built-in.a
  CC [M]  drivers/gpu/drm/amd/amdgpu/../amdkfd/kfd_device_queue_manager_v10.o
  CC      net/devres.o
  CC [M]  drivers/staging/rtl8192e/rtl8192e/rtl_ethtool.o
  CC [M]  drivers/net/ethernet/mellanox/mlx5/core/fs_cmd.o
  CC [M]  drivers/media/usb/pvrusb2/pvrusb2-wm8775.o
  CC [M]  drivers/crypto/cavium/nitrox/nitrox_algs.o
  CC [M]  net/qrtr/smd.o
  CC [M]  drivers/net/ethernet/mellanox/mlx4/en_tx.o
  CC [M]  drivers/gpu/drm/i915/display/intel_snps_phy.o
  CC [M]  drivers/staging/rtl8192u/ieee80211/ieee80211_rx.o
  CC [M]  drivers/platform/x86/intel/speed_select_if/isst_if_mmio.o
  CC [M]  drivers/net/ethernet/mellanox/mlx5/core/fs_core.o
  CC [M]  drivers/gpu/drm/nouveau/nvkm/subdev/timer/nv40.o
  CC [M]  fs/btrfs/subpage.o
  CC [M]  drivers/platform/chrome/cros_ec_debugfs.o
  CC [M]  drivers/net/ethernet/mellanox/mlxsw/i2c.o
  CC [M]  drivers/net/ethernet/microchip/lan743x_ethtool.o
  CC [M]  drivers/platform/x86/intel/int3472/tps68470.o
  CC [M]  drivers/net/ethernet/intel/ice/ice_sriov.o
  CC [M]  drivers/crypto/inside-secure/safexcel.o
  LD [M]  drivers/crypto/virtio/virtio_crypto.o
  CC [M]  drivers/net/ethernet/microchip/lan743x_ptp.o
  CC [M]  drivers/crypto/cavium/nitrox/nitrox_mbx.o
  CC [M]  drivers/staging/rtl8723bs/core/rtw_btcoex.o
  CC [M]  drivers/media/dvb-frontends/mxl5xx.o
  CC [M]  drivers/hid/hid-axff.o
  CC [M]  net/qrtr/tun.o
  CC [M]  drivers/net/wireless/realtek/rtlwifi/stats.o
  CC [M]  drivers/crypto/intel/qat/qat_common/qat_bl.o
  CC [M]  drivers/media/usb/pvrusb2/pvrusb2-cs53l32a.o
  CC [M]  drivers/staging/rtl8192e/rtl8192e/rtl_pci.o
  CC [M]  drivers/platform/x86/intel/speed_select_if/isst_if_mbox_pci.o
  CC [M]  drivers/gpu/drm/amd/amdgpu/../amdkfd/kfd_device_queue_manager_v11.o
  CC [M]  drivers/net/ethernet/intel/ice/ice_virtchnl.o
  CC      fs/file_table.o
  CC [M]  drivers/gpu/drm/nouveau/nvkm/subdev/timer/nv41.o
  CC [M]  drivers/platform/chrome/cros_ec_sensorhub.o
  CC [M]  drivers/media/dvb-frontends/mxl692.o
  CC [M]  drivers/platform/x86/intel/int3472/tps68470_board_data.o
  LD [M]  drivers/platform/surface/aggregator/surface_aggregator.o
  CC [M]  drivers/crypto/cavium/nitrox/nitrox_skcipher.o
  CC [M]  drivers/hid/hid-apple.o
  CC [M]  drivers/platform/surface/surface3_power.o
  CC [M]  net/qrtr/mhi.o
  CC [M]  drivers/staging/rtl8723bs/core/rtw_cmd.o
  CC [M]  drivers/crypto/intel/qat/qat_common/adf_transport_debug.o
  CC [M]  drivers/media/usb/pvrusb2/pvrusb2-dvb.o
  CC [M]  drivers/platform/x86/intel/speed_select_if/isst_if_mbox_msr.o
  CC [M]  drivers/platform/chrome/cros_ec_sensorhub_ring.o
  CC [M]  drivers/staging/rtl8192e/rtl8192e/rtl_pm.o
  CC [M]  drivers/net/ethernet/mellanox/mlx4/en_rx.o
  CC [M]  drivers/staging/rtl8723bs/core/rtw_debug.o
  LD [M]  net/qrtr/qrtr.o
  LD [M]  net/qrtr/qrtr-smd.o
  CC [M]  drivers/staging/rtl8723bs/core/rtw_efuse.o
  CC [M]  drivers/crypto/cavium/nitrox/nitrox_aead.o
  CC [M]  drivers/crypto/inside-secure/safexcel_ring.o
  LD [M]  drivers/platform/x86/intel/int3472/intel_skl_int3472_discrete.o
  CC [M]  drivers/gpu/drm/nouveau/nvkm/subdev/timer/gk20a.o
  CC [M]  fs/btrfs/tree-mod-log.o
  LD [M]  drivers/platform/x86/intel/int3472/intel_skl_int3472_tps68470.o
  LD [M]  drivers/net/ethernet/microchip/lan743x.o
  CC [M]  drivers/media/usb/pvrusb2/pvrusb2-sysfs.o
  CC [M]  drivers/staging/rtl8723bs/core/rtw_io.o
  CC [M]  drivers/net/ethernet/mellanox/mlx4/en_ethtool.o
  CC [M]  drivers/gpu/drm/amd/amdgpu/../amdkfd/kfd_interrupt.o
  CC [M]  drivers/platform/surface/surface_acpi_notify.o
  CC [M]  drivers/crypto/intel/qat/qat_common/adf_fw_counters.o
  CC      drivers/remoteproc/remoteproc_core.o
  CC [M]  drivers/net/wireless/realtek/rtlwifi/pci.o
  CC [M]  drivers/hid/hid-appleir.o
  CC      drivers/remoteproc/remoteproc_coredump.o
  LD [M]  net/qrtr/qrtr-tun.o
  LD [M]  net/qrtr/qrtr-mhi.o
  CC [M]  drivers/staging/rtl8192u/ieee80211/ieee80211_softmac.o
  CC      net/socket.o
  CC [M]  drivers/media/dvb-frontends/nxt200x.o
  CC      drivers/remoteproc/remoteproc_debugfs.o
  CC [M]  drivers/platform/x86/intel/telemetry/core.o
  CC [M]  drivers/staging/rtl8192e/rtl8192e/rtl_ps.o
  CC [M]  drivers/net/ethernet/mellanox/mlxsw/spectrum.o
  CC [M]  drivers/crypto/inside-secure/safexcel_cipher.o
  LD [M]  drivers/crypto/chelsio/chcr.o
  CC [M]  drivers/staging/rtl8192u/ieee80211/ieee80211_tx.o
  CC      drivers/remoteproc/remoteproc_sysfs.o
  CC [M]  fs/btrfs/extent-io-tree.o
  LD [M]  drivers/media/usb/pvrusb2/pvrusb2.o
  CC [M]  drivers/gpu/drm/nouveau/nvkm/subdev/top/base.o
  CC      drivers/remoteproc/remoteproc_virtio.o
  CC [M]  drivers/crypto/intel/qat/qat_common/adf_heartbeat.o
  CC [M]  drivers/media/usb/usbtv/usbtv-core.o
  CC [M]  drivers/crypto/cavium/nitrox/nitrox_sriov.o
  CC [M]  drivers/gpu/drm/i915/display/intel_tv.o
  CC [M]  drivers/media/usb/usbtv/usbtv-video.o
  CC [M]  drivers/staging/rtl8723bs/core/rtw_ioctl_set.o
  CC [M]  drivers/media/usb/usbtv/usbtv-audio.o
  CC [M]  drivers/hid/hid-creative-sb0540.o
  CC [M]  drivers/platform/chrome/cros_ec_sysfs.o
  CC [M]  drivers/gpu/drm/amd/amdgpu/../amdkfd/kfd_events.o
  CC [M]  drivers/net/ethernet/mellanox/mlx5/core/pci_irq.o
  CC [M]  drivers/platform/x86/intel/telemetry/pltdrv.o
  CC [M]  drivers/platform/surface/surface_aggregator_cdev.o
  CC [M]  drivers/staging/rts5208/rtsx.o
  AR      drivers/virt/vboxguest/built-in.a
  CC [M]  drivers/virt/vboxguest/vboxguest_linux.o
  CC [M]  drivers/virt/nitro_enclaves/ne_pci_dev.o
  CC [M]  drivers/staging/rtl8192e/rtl8192e/rtl_wx.o
  CC [M]  drivers/crypto/cavium/nitrox/nitrox_debugfs.o
  CC [M]  drivers/net/ethernet/intel/ice/ice_virtchnl_allowlist.o
  CC [M]  drivers/gpu/drm/nouveau/nvkm/subdev/top/gk104.o
  CC [M]  drivers/staging/rtl8723bs/core/rtw_ieee80211.o
  CC [M]  drivers/net/wireless/realtek/rtlwifi/usb.o
  CC [M]  drivers/platform/chrome/cros_usbpd_logger.o
  CC [M]  drivers/platform/x86/intel/telemetry/debugfs.o
  CC [M]  drivers/hid/hid-asus.o
  CC [M]  drivers/staging/rtl8192e/rtllib_wx.o
  CC      drivers/remoteproc/remoteproc_elf_loader.o
  LD [M]  drivers/net/wireless/realtek/rtlwifi/rtlwifi.o
  CC [M]  drivers/crypto/intel/qat/qat_common/adf_heartbeat_dbgfs.o
  CC [M]  drivers/crypto/intel/qat/qat_common/adf_dbgfs.o
  LD [M]  drivers/media/usb/usbtv/usbtv.o
  CC      fs/super.o
  CC [M]  drivers/media/dvb-frontends/nxt6000.o
  CC [M]  drivers/gpu/drm/amd/amdgpu/../amdkfd/cik_event_interrupt.o
  AR      drivers/media/usb/built-in.a
  CC [M]  fs/btrfs/fs.o
  CC [M]  drivers/staging/rtl8192e/rtllib_softmac.o
  CC [M]  drivers/platform/surface/surface_aggregator_registry.o
  CC [M]  drivers/virt/nitro_enclaves/ne_misc_dev.o
  CC [M]  drivers/net/ethernet/mellanox/mlx4/en_port.o
  LD [M]  drivers/crypto/cavium/nitrox/n5pf.o
  CC [M]  drivers/crypto/inside-secure/safexcel_hash.o
  CC [M]  drivers/staging/rts5208/rtsx_chip.o
  CC      drivers/hv/hv_common.o
  CC [M]  drivers/gpu/drm/nouveau/nvkm/subdev/top/ga100.o
  CC [M]  drivers/gpu/drm/i915/display/intel_vdsc.o
  CC [M]  drivers/virt/vboxguest/vboxguest_core.o
  AR      drivers/net/ethernet/mscc/built-in.a
  CC [M]  drivers/net/ethernet/mscc/ocelot.o
  CC [M]  drivers/platform/chrome/cros_usbpd_notify.o
  CC [M]  drivers/platform/surface/surface_dtx.o
  CC [M]  drivers/net/ethernet/myricom/myri10ge/myri10ge.o
  CC      net/compat.o
  LD [M]  drivers/staging/rtl8192e/rtl8192e/r8192e_pci.o
  CC [M]  drivers/net/ethernet/intel/ice/ice_virtchnl_fdir.o
  CC [M]  drivers/net/ethernet/mscc/ocelot_devlink.o
  CC [M]  drivers/staging/rtl8723bs/core/rtw_mlme.o
  CC [M]  drivers/staging/rtl8192u/ieee80211/ieee80211_wx.o
  LD [M]  drivers/platform/x86/intel/telemetry/intel_telemetry_core.o
  LD [M]  drivers/platform/x86/intel/telemetry/intel_telemetry_pltdrv.o
  LD [M]  drivers/platform/x86/intel/telemetry/intel_telemetry_debugfs.o
  CC      drivers/remoteproc/remoteproc_cdev.o
  CC [M]  fs/btrfs/messages.o
  CC [M]  drivers/crypto/intel/qat/qat_common/adf_sriov.o
  CC [M]  drivers/platform/x86/intel/uncore-frequency/uncore-frequency.o
  CC [M]  drivers/gpu/drm/amd/amdgpu/../amdkfd/kfd_int_process_v9.o
  CC [M]  drivers/hid/hid-aureal.o
  CC [M]  drivers/crypto/intel/qat/qat_common/adf_vf_isr.o
  CC [M]  drivers/gpu/drm/nouveau/nvkm/subdev/vfn/base.o
  CC [M]  drivers/net/ethernet/mellanox/mlx5/core/fs_counters.o
  CC [M]  drivers/net/ethernet/mellanox/mlx4/en_cq.o
  CC [M]  drivers/media/dvb-frontends/or51132.o
  LD [M]  drivers/virt/nitro_enclaves/nitro_enclaves.o
  CC      fs/char_dev.o
  CC [M]  drivers/hv/vmbus_drv.o
  CC [M]  drivers/virt/vboxguest/vboxguest_utils.o
  LD [M]  drivers/net/wireless/realtek/rtlwifi/rtl_pci.o
  CC [M]  drivers/platform/surface/surface_gpe.o
  LD [M]  drivers/net/wireless/realtek/rtlwifi/rtl_usb.o
  CC [M]  drivers/hid/hid-belkin.o
  LD [M]  drivers/platform/chrome/cros-ec-typec.o
  AR      drivers/remoteproc/built-in.a
  CC [M]  drivers/net/tap.o
  LD [M]  drivers/platform/chrome/cros_ec_lpcs.o
  AR      drivers/net/wireless/built-in.a
  LD [M]  drivers/platform/chrome/cros-ec-sensorhub.o
  AR      drivers/platform/chrome/built-in.a
  CC [M]  drivers/net/ethernet/mellanox/mlxsw/spectrum_buffers.o
  CC [M]  drivers/platform/surface/surface_hotplug.o
  AR      drivers/media/built-in.a
  CC [M]  drivers/crypto/intel/qat/qat_common/adf_pfvf_utils.o
  CC [M]  drivers/platform/x86/intel/uncore-frequency/uncore-frequency-common.o
  CC [M]  drivers/crypto/intel/qat/qat_common/adf_pfvf_pf_msg.o
  CC [M]  drivers/gpu/drm/i915/display/intel_vrr.o
  LD [M]  drivers/crypto/inside-secure/crypto_safexcel.o
  CC [M]  fs/btrfs/bio.o
  CC [M]  drivers/staging/rts5208/rtsx_transport.o
  CC [M]  drivers/crypto/intel/qat/qat_common/adf_pfvf_pf_proto.o
  CC [M]  drivers/gpu/drm/nouveau/nvkm/subdev/vfn/uvfn.o
  CC      net/sysctl_net.o
  CC [M]  drivers/staging/rtl8192e/rtllib_softmac_wx.o
  CC [M]  drivers/gpu/drm/amd/amdgpu/../amdkfd/kfd_int_process_v10.o
  CC [M]  drivers/net/ethernet/mellanox/mlx4/en_resources.o
  CC [M]  drivers/net/ethernet/intel/ice/ice_vf_mbx.o
  CC [M]  drivers/platform/surface/surface_platform_profile.o
  AR      drivers/devfreq/event/built-in.a
  CC      drivers/devfreq/devfreq.o
  CC [M]  drivers/net/ethernet/intel/ice/ice_vf_vsi_vlan_ops.o
  CC [M]  drivers/hid/hid-betopff.o
  CC [M]  drivers/crypto/intel/qat/qat_common/adf_pfvf_vf_msg.o
  CC [M]  drivers/hv/hv.o
  CC [M]  drivers/staging/rtl8192e/rtl819x_BAProc.o
  CC [M]  drivers/staging/rtl8192u/ieee80211/ieee80211_module.o
  LD [M]  drivers/platform/x86/intel/uncore-frequency/intel-uncore-frequency.o
  LD [M]  drivers/platform/x86/intel/uncore-frequency/intel-uncore-frequency-common.o
  CC [M]  drivers/staging/rtl8723bs/core/rtw_mlme_ext.o
  CC      drivers/platform/x86/intel/turbo_max_3.o
  CC [M]  drivers/media/dvb-frontends/or51211.o
  CC [M]  drivers/gpu/drm/nouveau/nvkm/subdev/vfn/gv100.o
  CC [M]  drivers/crypto/intel/qat/qat_common/adf_pfvf_vf_proto.o
  LD [M]  drivers/virt/vboxguest/vboxguest.o
  CC [M]  drivers/platform/surface/surfacepro3_button.o
  CC [M]  drivers/staging/rtl8192u/ieee80211/ieee80211_softmac_wx.o
  CC [M]  drivers/virt/acrn/hsm.o
  CC [M]  drivers/staging/rts5208/rtsx_scsi.o
  CC      drivers/extcon/extcon.o
  CC [M]  drivers/gpu/drm/i915/display/vlv_dsi.o
  CC [M]  drivers/crypto/intel/qat/qat_common/adf_gen2_pfvf.o
  AR      drivers/net/ethernet/myricom/built-in.a
  CC [M]  drivers/platform/x86/intel/hid.o
  CC [M]  drivers/gpu/drm/amd/amdgpu/../amdkfd/kfd_int_process_v11.o
  CC [M]  fs/btrfs/lru_cache.o
  CC [M]  drivers/hid/hid-bigbenff.o
  CC      drivers/extcon/devres.o
  CC [M]  drivers/net/ethernet/mellanox/mlx4/en_netdev.o
  AR      drivers/memory/built-in.a
  CC [M]  drivers/memory/dfl-emif.o
  CC [M]  drivers/net/veth.o
  CC [M]  drivers/gpu/drm/drm_crtc.o
  CC [M]  drivers/net/ethernet/mellanox/mlx5/core/fs_ft_pool.o
  CC [M]  drivers/staging/rtl8192u/ieee80211/rtl819x_HTProc.o
  CC [M]  drivers/gpu/drm/nouveau/nvkm/subdev/vfn/tu102.o
  CC [M]  drivers/hv/connection.o
  CC [M]  drivers/net/ethernet/mscc/ocelot_flower.o
  CC [M]  drivers/net/ethernet/mscc/ocelot_io.o
  CC [M]  drivers/hid/hid-cherry.o
  AR      net/built-in.a
  CC [M]  drivers/staging/rtl8192e/rtl819x_HTProc.o
  CC [M]  drivers/hid/hid-chicony.o
  CC [M]  drivers/net/ethernet/intel/ice/ice_vf_lib.o
  CC [M]  drivers/virt/acrn/vm.o
  CC [M]  drivers/virt/coco/sev-guest/sev-guest.o
  CC [M]  drivers/gpu/drm/drm_displayid.o
  CC [M]  fs/btrfs/acl.o
  CC [M]  drivers/gpu/drm/amd/amdgpu/../amdkfd/kfd_smi_events.o
  CC [M]  drivers/gpu/drm/drm_drv.o
  CC [M]  drivers/platform/x86/intel/vbtn.o
  CC [M]  drivers/staging/rtl8192e/rtl819x_TSProc.o
  CC [M]  drivers/media/dvb-frontends/dvb-pll.o
  CC [M]  drivers/staging/vt6655/device_main.o
  CC      drivers/devfreq/devfreq-event.o
  CC [M]  drivers/crypto/intel/qat/qat_common/adf_gen4_pfvf.o
  CC      drivers/devfreq/governor_simpleondemand.o
  CC [M]  drivers/gpu/drm/nouveau/nvkm/subdev/vfn/ga100.o
  CC [M]  drivers/extcon/extcon-adc-jack.o
  CC [M]  drivers/gpu/drm/i915/display/vlv_dsi_pll.o
  CC [M]  drivers/virt/acrn/mm.o
  CC [M]  drivers/staging/rts5208/rtsx_card.o
  CC [M]  drivers/staging/rtl8192u/ieee80211/rtl819x_TSProc.o
  CC [M]  drivers/hid/hid-cmedia.o
  CC [M]  fs/btrfs/zoned.o
  CC      drivers/devfreq/governor_performance.o
  CC [M]  drivers/net/ethernet/mellanox/mlx5/core/rl.o
  AR      drivers/net/ethernet/natsemi/built-in.a
  CC [M]  drivers/net/ethernet/natsemi/natsemi.o
  CC [M]  drivers/staging/rts5208/general.o
  CC [M]  drivers/hv/channel.o
  CC [M]  drivers/net/ethernet/natsemi/ns83820.o
  CC [M]  drivers/extcon/extcon-axp288.o
  CC [M]  drivers/platform/x86/intel/int0002_vgpio.o
  CC [M]  drivers/net/ethernet/mellanox/mlxsw/spectrum_switchdev.o
  CC [M]  drivers/gpu/drm/amd/amdgpu/../amdkfd/kfd_crat.o
  CC [M]  drivers/gpu/drm/nouveau/nvkm/subdev/volt/base.o
  CC [M]  drivers/virt/acrn/ioreq.o
  CC      drivers/devfreq/governor_powersave.o
  CC [M]  drivers/staging/rtl8192e/rtllib_crypt_ccmp.o
  AR      drivers/net/ethernet/neterion/built-in.a
  CC [M]  drivers/net/ethernet/neterion/s2io.o
  CC [M]  drivers/staging/rtl8192e/rtllib_crypt_tkip.o
  CC [M]  drivers/hid/hid-corsair.o
  CC      drivers/virt/vmgenid.o
  CC [M]  drivers/platform/x86/wmi.o
  LD [M]  drivers/crypto/intel/qat/qat_common/intel_qat.o
  CC [M]  drivers/net/ethernet/intel/ice/ice_ptp.o
  CC [M]  drivers/net/ethernet/netronome/nfp/nfpcore/nfp6000_pcie.o
  CC [M]  drivers/staging/rts5208/sd.o
  CC [M]  drivers/staging/rtl8192u/ieee80211/rtl819x_BAProc.o
  AR      drivers/net/ethernet/netronome/built-in.a
  CC [M]  drivers/net/ethernet/mellanox/mlxsw/spectrum_router.o
  CC [M]  drivers/gpu/drm/nouveau/nvkm/subdev/volt/gpio.o
  CC [M]  drivers/extcon/extcon-fsa9480.o
  CC      drivers/devfreq/governor_userspace.o
  CC [M]  drivers/media/dvb-frontends/rtl2830.o
  CC [M]  drivers/crypto/amlogic/amlogic-gxl-core.o
  CC [M]  drivers/net/ethernet/mscc/ocelot_mm.o
  CC [M]  drivers/gpu/drm/i915/i915_perf.o
  CC [M]  drivers/staging/rtl8723bs/core/rtw_pwrctrl.o
  CC [M]  drivers/platform/x86/intel/oaktrail.o
  CC [M]  drivers/staging/vt6655/card.o
  CC [M]  drivers/net/ethernet/netronome/nfp/nfpcore/nfp_cppcore.o
  CC [M]  drivers/virt/acrn/ioeventfd.o
  CC [M]  drivers/net/ethernet/mellanox/mlx4/en_selftest.o
  CC [M]  drivers/gpu/drm/nouveau/nvkm/subdev/volt/nv40.o
  CC      drivers/devfreq/governor_passive.o
  CC [M]  drivers/crypto/amlogic/amlogic-gxl-cipher.o
  CC [M]  drivers/net/ethernet/netronome/nfp/nfpcore/nfp_cpplib.o
  CC [M]  drivers/net/ethernet/netronome/nfp/nfpcore/nfp_dev.o
  CC [M]  drivers/hid/hid-cougar.o
  CC [M]  drivers/net/ethernet/mellanox/mlx5/core/lag/debugfs.o
  CC [M]  drivers/extcon/extcon-gpio.o
  CC [M]  drivers/gpu/drm/amd/amdgpu/../amdkfd/kfd_debug.o
  CC [M]  drivers/staging/rtl8192e/rtllib_crypt_wep.o
  CC [M]  drivers/gpu/drm/i915/pxp/intel_pxp.o
  CC [M]  drivers/staging/rtl8192u/ieee80211/dot11d.o
  CC [M]  drivers/hv/channel_mgmt.o
  CC [M]  drivers/virt/acrn/irqfd.o
  CC [M]  drivers/hv/ring_buffer.o
  AR      drivers/devfreq/built-in.a
  CC [M]  drivers/platform/x86/intel/bxtwc_tmu.o
  CC [M]  drivers/extcon/extcon-intel-int3496.o
  CC [M]  drivers/gpu/drm/amd/amdgpu/../amdkfd/kfd_debugfs.o
  CC [M]  fs/btrfs/verity.o
  CC [M]  drivers/net/ethernet/mellanox/mlx5/core/lag/lag.o
  CC [M]  drivers/hid/hid-cp2112.o
  CC [M]  drivers/media/dvb-frontends/rtl2832.o
  CC [M]  drivers/gpu/drm/amd/amdgpu/../amdkfd/kfd_svm.o
  CC [M]  drivers/gpu/drm/nouveau/nvkm/subdev/volt/gf100.o
  CC      drivers/powercap/powercap_sys.o
  CC [M]  drivers/net/ethernet/netronome/nfp/nfpcore/nfp_hwinfo.o
  AR      drivers/perf/built-in.a
  CC [M]  drivers/perf/cxl_pmu.o
  CC [M]  drivers/staging/rtl8723bs/core/rtw_recv.o
  LD [M]  drivers/crypto/amlogic/amlogic-gxl-crypto.o
  AR      drivers/crypto/built-in.a
  CC [M]  drivers/staging/vt6655/channel.o
  CC [M]  drivers/crypto/atmel-i2c.o
  CC [M]  drivers/net/ethernet/mellanox/mlx4/en_clock.o
  CC [M]  drivers/platform/x86/intel/chtdc_ti_pwrbtn.o
  CC      drivers/ras/ras.o
  LD [M]  drivers/virt/acrn/acrn.o
  AR      drivers/virt/built-in.a
  CC [M]  drivers/net/ethernet/mellanox/mlx4/en_dcb_nl.o
  CC [M]  drivers/net/ethernet/netronome/nfp/nfpcore/nfp_mip.o
  LD [M]  drivers/staging/rtl8192e/rtllib.o
  CC [M]  drivers/extcon/extcon-intel-cht-wc.o
  CC [M]  drivers/net/ethernet/mscc/ocelot_police.o
  CC [M]  drivers/hv/hv_trace.o
  CC [M]  drivers/net/ethernet/intel/ice/ice_ptp_hw.o
  CC [M]  drivers/net/ethernet/netronome/nfp/nfpcore/nfp_mutex.o
  CC [M]  drivers/staging/rtl8723bs/core/rtw_rf.o
  CC [M]  drivers/gpu/drm/nouveau/nvkm/subdev/volt/gf117.o
  CC [M]  drivers/staging/rts5208/xd.o
  CC      drivers/powercap/idle_inject.o
  CC [M]  drivers/platform/x86/intel/mrfld_pwrbtn.o
  CC [M]  drivers/staging/vt6655/mac.o
  CC [M]  drivers/crypto/atmel-ecc.o
  LD [M]  fs/btrfs/btrfs.o
  CC [M]  drivers/media/dvb-frontends/rtl2832_sdr.o
  CC [M]  drivers/staging/rtl8723bs/core/rtw_security.o
  LD [M]  drivers/staging/rtl8192u/r8192u_usb.o
  CC [M]  drivers/net/ethernet/intel/ice/ice_dcb.o
  AR      drivers/net/ethernet/ni/built-in.a
  CC [M]  drivers/hid/hid-cypress.o
  CC [M]  drivers/net/ethernet/ni/nixge.o
  CC [M]  drivers/net/ethernet/netronome/nfp/nfpcore/nfp_nffw.o
  AR      drivers/net/ethernet/nvidia/built-in.a
  CC [M]  drivers/net/ethernet/nvidia/forcedeth.o
  AR      drivers/net/ethernet/oki-semi/built-in.a
  LD [M]  drivers/net/ethernet/mellanox/mlx4/mlx4_core.o
  CC [M]  drivers/gpu/drm/amd/amdgpu/../amdkfd/kfd_migrate.o
  CC [M]  drivers/powercap/intel_rapl_common.o
  CC [M]  drivers/extcon/extcon-intel-mrfld.o
  CC [M]  drivers/crypto/atmel-sha204a.o
  CC      fs/stat.o
  CC [M]  drivers/gpu/drm/nouveau/nvkm/subdev/volt/gk104.o
  CC [M]  drivers/powercap/intel_rapl_msr.o
  CC [M]  drivers/platform/x86/wmi-bmof.o
  CC [M]  drivers/platform/x86/intel/punit_ipc.o
  CC [M]  drivers/net/ethernet/netronome/nfp/nfpcore/nfp_nsp.o
  CC [M]  drivers/platform/x86/huawei-wmi.o
  CC [M]  drivers/net/geneve.o
  CC [M]  drivers/gpu/drm/i915/pxp/intel_pxp_tee.o
  LD [M]  drivers/net/ethernet/mellanox/mlx4/mlx4_en.o
  CC [M]  drivers/net/ethernet/intel/ice/ice_dcb_nl.o
  CC [M]  drivers/platform/x86/mxm-wmi.o
  CC [M]  drivers/extcon/extcon-max14577.o
  CC [M]  drivers/hid/hid-dr.o
  CC [M]  drivers/staging/vt6655/baseband.o
  CC [M]  drivers/hv/hv_util.o
  AR      drivers/hwtracing/intel_th/built-in.a
  CC      drivers/ras/debugfs.o
  CC [M]  drivers/hwtracing/intel_th/core.o
  CC [M]  drivers/gpu/drm/i915/pxp/intel_pxp_huc.o
  CC [M]  drivers/crypto/padlock-aes.o
  CC [M]  drivers/staging/rts5208/ms.o
  CC [M]  drivers/gpu/drm/drm_dumb_buffers.o
  CC [M]  drivers/staging/rts5208/spi.o
  CC [M]  drivers/gpu/drm/nouveau/nvkm/subdev/volt/gk20a.o
  CC [M]  drivers/media/dvb-frontends/s5h1409.o
  CC [M]  drivers/platform/x86/intel/rst.o
  CC [M]  drivers/net/ethernet/mscc/ocelot_ptp.o
  CC [M]  drivers/extcon/extcon-max3355.o
  CC [M]  drivers/extcon/extcon-max77693.o
  CC [M]  drivers/gpu/drm/nouveau/nvkm/subdev/volt/gm20b.o
  CC [M]  drivers/media/dvb-frontends/s5h1411.o
  CC [M]  drivers/staging/vt6656/main_usb.o
  CC [M]  drivers/staging/rtl8723bs/core/rtw_sta_mgt.o
  CC [M]  drivers/net/ethernet/mellanox/mlx5/core/dev.o
  CC [M]  drivers/net/ethernet/netronome/nfp/nfpcore/nfp_nsp_cmds.o
  CC [M]  drivers/hid/hid-emsff.o
  CC [M]  drivers/net/ethernet/netronome/nfp/nfpcore/nfp_nsp_eth.o
  CC [M]  drivers/hid/hid-elan.o
  CC [M]  drivers/platform/x86/intel/smartconnect.o
  CC      drivers/ras/cec.o
  CC [M]  drivers/hv/hv_kvp.o
  CC [M]  drivers/gpu/drm/amd/amdgpu/amdgpu_amdkfd_fence.o
  CC [M]  drivers/gpu/drm/i915/i915_gpu_error.o
  CC [M]  drivers/staging/vt6655/rxtx.o
  CC [M]  drivers/net/ethernet/mellanox/mlx5/core/events.o
  CC [M]  drivers/crypto/padlock-sha.o
  CC [M]  drivers/staging/iio/accel/adis16203.o
  CC      fs/exec.o
  AR      drivers/powercap/built-in.a
  CC [M]  drivers/staging/sm750fb/sm750.o
  CC      fs/pipe.o
  CC [M]  drivers/staging/iio/adc/ad7816.o
  CC [M]  drivers/staging/iio/addac/adt7316.o
  LD [M]  drivers/platform/x86/intel/intel-hid.o
  CC [M]  drivers/gpu/drm/nouveau/nvkm/engine/falcon.o
  LD [M]  drivers/platform/x86/intel/intel-vbtn.o
  CC [M]  drivers/net/ethernet/mellanox/mlx5/core/wq.o
  CC [M]  drivers/hwtracing/intel_th/pci.o
  LD [M]  drivers/platform/x86/intel/intel_int0002_vgpio.o
  CC [M]  drivers/extcon/extcon-max77843.o
  LD [M]  drivers/platform/x86/intel/intel_oaktrail.o
  LD [M]  drivers/platform/x86/intel/intel_bxtwc_tmu.o
  CC [M]  drivers/net/ethernet/intel/ice/ice_dcb_lib.o
  LD [M]  drivers/platform/x86/intel/intel_chtdc_ti_pwrbtn.o
  LD [M]  drivers/platform/x86/intel/intel_mrfld_pwrbtn.o
  CC [M]  drivers/hv/hv_snapshot.o
  LD [M]  drivers/platform/x86/intel/intel_punit_ipc.o
  LD [M]  drivers/platform/x86/intel/intel-rst.o
  AR      drivers/ras/built-in.a
  LD [M]  drivers/platform/x86/intel/intel-smartconnect.o
  CC [M]  drivers/hv/hv_fcopy.o
  AR      drivers/platform/x86/intel/built-in.a
  CC [M]  drivers/platform/x86/nvidia-wmi-ec-backlight.o
  CC [M]  drivers/hid/hid-elecom.o
  CC [M]  drivers/net/ethernet/netronome/nfp/nfpcore/nfp_resource.o
  CC [M]  drivers/staging/iio/accel/adis16240.o
  CC [M]  drivers/staging/rtl8723bs/core/rtw_wlan_util.o
  CC [M]  drivers/hwtracing/intel_th/acpi.o
  CC [M]  drivers/net/ethernet/mellanox/mlx5/core/lib/gid.o
  CC [M]  drivers/staging/vt6655/dpc.o
  CC [M]  drivers/staging/vt6656/card.o
  CC [M]  drivers/gpu/drm/amd/amdgpu/amdgpu_amdkfd_gpuvm.o
  CC [M]  drivers/media/dvb-frontends/s5h1420.o
  CC [M]  drivers/staging/rtl8723bs/core/rtw_xmit.o
  CC [M]  drivers/net/ethernet/netronome/nfp/nfpcore/nfp_rtsym.o
  CC [M]  drivers/staging/gdm724x/gdm_lte.o
  CC [M]  drivers/staging/gdm724x/netlink_k.o
  CC [M]  drivers/staging/sm750fb/sm750_hw.o
  CC [M]  drivers/staging/fbtft/fbtft-core.o
  LD [M]  drivers/staging/rts5208/rts5208.o
  CC [M]  drivers/staging/vt6656/mac.o
  CC [M]  drivers/gpu/drm/nouveau/nvkm/engine/xtensa.o
  CC [M]  drivers/net/ethernet/mellanox/mlxsw/spectrum1_kvdl.o
  CC [M]  drivers/extcon/extcon-max8997.o
  CC [M]  drivers/hwtracing/intel_th/gth.o
  CC [M]  drivers/hid/hid-elo.o
  CC [M]  drivers/net/ethernet/mscc/ocelot_stats.o
  CC [M]  drivers/staging/sm750fb/sm750_accel.o
  CC [M]  drivers/platform/x86/xiaomi-wmi.o
  CC [M]  drivers/net/ethernet/mscc/ocelot_vcap.o
  CC [M]  drivers/net/ethernet/netronome/nfp/nfpcore/nfp_target.o
  CC [M]  drivers/gpu/drm/i915/i915_vgpu.o
  CC [M]  drivers/hv/hv_utils_transport.o
  CC [M]  drivers/staging/vt6656/baseband.o
  AR      drivers/net/ethernet/packetengines/built-in.a
  CC [M]  drivers/net/ethernet/packetengines/hamachi.o
  CC [M]  drivers/net/ethernet/netronome/nfp/ccm.o
  CC [M]  drivers/staging/vt6655/power.o
  CC [M]  drivers/net/ethernet/mellanox/mlxsw/spectrum2_kvdl.o
  CC [M]  drivers/net/bareudp.o
  CC [M]  drivers/hwtracing/intel_th/sth.o
  CC [M]  drivers/net/ethernet/netronome/nfp/ccm_mbox.o
  CC [M]  drivers/staging/iio/addac/adt7316-spi.o
  CC [M]  drivers/platform/x86/gigabyte-wmi.o
  CC [M]  drivers/media/dvb-frontends/s5h1432.o
  CC [M]  drivers/net/ethernet/intel/ice/ice_arfs.o
  CC [M]  drivers/gpu/drm/nouveau/nvkm/engine/bsp/g84.o
  CC [M]  drivers/hid/hid-ezkey.o
  CC [M]  drivers/staging/sm750fb/sm750_cursor.o
  CC [M]  drivers/hv/hv_balloon.o
  CC [M]  drivers/extcon/extcon-palmas.o
  CC [M]  drivers/net/ethernet/mellanox/mlx5/core/lib/devcom.o
  CC [M]  drivers/staging/gdm724x/gdm_usb.o
  CC [M]  drivers/gpu/drm/drm_edid.o
  CC      fs/namei.o
  CC [M]  drivers/gpu/drm/nouveau/nvkm/engine/ce/gt215.o
  CC [M]  drivers/platform/x86/acerhdf.o
  CC [M]  drivers/hwtracing/intel_th/msu.o
  CC [M]  drivers/staging/vt6656/wcmd.o
  CC      fs/fcntl.o
  CC [M]  drivers/gpu/drm/i915/intel_gvt.o
  CC [M]  drivers/staging/iio/addac/adt7316-i2c.o
  CC [M]  drivers/staging/vt6655/srom.o
  CC [M]  drivers/staging/vt6655/key.o
  CC [M]  drivers/hid/hid-ft260.o
  CC [M]  drivers/staging/fbtft/fbtft-sysfs.o
  CC [M]  drivers/staging/rtl8723bs/hal/hal_intf.o
  CC [M]  drivers/staging/iio/frequency/ad9832.o
  CC [M]  drivers/staging/iio/frequency/ad9834.o
  CC [M]  drivers/staging/iio/impedance-analyzer/ad5933.o
  CC [M]  drivers/staging/sm750fb/ddk750_chip.o
  CC [M]  drivers/extcon/extcon-ptn5150.o
  CC [M]  drivers/staging/vt6656/rxtx.o
  CC [M]  drivers/platform/x86/acer-wireless.o
  CC [M]  drivers/gpu/drm/amd/amdgpu/amdgpu_amdkfd_gfx_v8.o
  CC [M]  drivers/net/ethernet/packetengines/yellowfin.o
  CC [M]  drivers/net/ethernet/netronome/nfp/devlink_param.o
  CC [M]  drivers/net/ethernet/mellanox/mlxsw/spectrum_kvdl.o
  CC [M]  drivers/gpu/drm/nouveau/nvkm/engine/ce/gf100.o
  CC [M]  drivers/staging/gdm724x/gdm_endian.o
  CC [M]  drivers/media/dvb-frontends/s921.o
  CC [M]  drivers/staging/sm750fb/ddk750_power.o
  CC [M]  drivers/net/ethernet/mellanox/mlx5/core/lib/pci_vsc.o
  CC [M]  drivers/net/ethernet/intel/ice/ice_xsk.o
  CC [M]  drivers/gpu/drm/nouveau/nvkm/engine/ce/gk104.o
  LD [M]  drivers/hv/hv_vmbus.o
  CC [M]  drivers/staging/gdm724x/gdm_tty.o
  CC [M]  drivers/net/ethernet/qlogic/qlcnic/qlcnic_hw.o
  LD [M]  drivers/hv/hv_utils.o
  AR      drivers/hv/built-in.a
  CC [M]  drivers/net/ethernet/qlogic/netxen/netxen_nic_hw.o
  CC [M]  drivers/platform/x86/acer-wmi.o
  CC [M]  drivers/net/ethernet/qlogic/qlcnic/qlcnic_main.o
  CC [M]  drivers/staging/fbtft/fbtft-bus.o
  CC [M]  drivers/staging/vt6655/rf.o
  CC [M]  drivers/net/ethernet/qlogic/qed/qed_chain.o
  CC [M]  drivers/media/dvb-frontends/si2165.o
  CC [M]  drivers/staging/sm750fb/ddk750_mode.o
  CC [M]  drivers/staging/vt6656/power.o
  CC [M]  drivers/net/ethernet/qlogic/qed/qed_cxt.o
  CC [M]  drivers/staging/rtl8723bs/hal/hal_com.o
  CC [M]  drivers/net/ethernet/mscc/vsc7514_regs.o
  CC [M]  drivers/hid/hid-gembird.o
  CC [M]  drivers/staging/iio/resolver/ad2s1210.o
  CC [M]  drivers/extcon/extcon-rt8973a.o
  CC [M]  drivers/net/ethernet/netronome/nfp/nfp_asm.o
  CC [M]  drivers/extcon/extcon-sm5502.o
  CC [M]  drivers/net/ethernet/mellanox/mlxsw/spectrum_acl_tcam.o
  CC [M]  drivers/staging/rtl8723bs/hal/hal_com_phycfg.o
  CC [M]  drivers/staging/sm750fb/ddk750_display.o
  CC [M]  drivers/staging/gdm724x/gdm_mux.o
  CC [M]  drivers/gpu/drm/nouveau/nvkm/engine/ce/gm107.o
  CC [M]  drivers/net/ethernet/netronome/nfp/nfd3/dp.o
  CC [M]  drivers/gpu/drm/i915/intel_gvt_mmio_table.o
  CC [M]  drivers/hwtracing/intel_th/pti.o
  CC [M]  drivers/gpu/drm/amd/amdgpu/amdgpu_amdkfd_gfx_v9.o
  LD [M]  drivers/staging/gdm724x/gdmulte.o
  CC [M]  drivers/net/ethernet/qlogic/qlcnic/qlcnic_init.o
  CC [M]  drivers/staging/sm750fb/ddk750_swi2c.o
  CC [M]  drivers/net/ethernet/mellanox/mlx5/core/lib/dm.o
  CC [M]  drivers/platform/x86/adv_swbutton.o
  CC [M]  drivers/hid/hid-gfrm.o
  LD [M]  drivers/staging/vt6655/vt6655_stage.o
  CC [M]  drivers/staging/vt6656/key.o
  CC      fs/ioctl.o
  CC [M]  drivers/net/ethernet/mscc/ocelot_mrp.o
  CC [M]  drivers/net/ethernet/qlogic/qlcnic/qlcnic_ethtool.o
  AR      drivers/android/built-in.a
  CC [M]  drivers/gpu/drm/amd/amdgpu/amdgpu_amdkfd_arcturus.o
  CC [M]  drivers/net/ethernet/qlogic/qed/qed_dcbx.o
  CC [M]  drivers/media/dvb-frontends/si2168.o
  CC [M]  drivers/staging/fbtft/fbtft-io.o
  CC [M]  drivers/staging/sm750fb/ddk750_sii164.o
  CC [M]  drivers/extcon/extcon-usb-gpio.o
  LD [M]  drivers/staging/gdm724x/gdmtty.o
  CC [M]  drivers/hwtracing/intel_th/msu-sink.o
  CC [M]  drivers/net/gtp.o
  CC [M]  drivers/staging/fbtft/fb_agm1264k-fl.o
  CC [M]  drivers/staging/sm750fb/ddk750_dvi.o
  CC [M]  drivers/gpu/drm/nouveau/nvkm/engine/ce/gm200.o
  CC [M]  drivers/staging/vt6656/rf.o
  AR      drivers/net/ethernet/qualcomm/emac/built-in.a
  CC [M]  drivers/net/ethernet/qualcomm/emac/emac.o
  CC [M]  drivers/platform/x86/apple-gmux.o
  CC [M]  drivers/net/ethernet/qlogic/netxen/netxen_nic_main.o
  CC [M]  drivers/staging/sm750fb/ddk750_hwi2c.o
  CC [M]  drivers/hid/hid-glorious.o
  CC [M]  drivers/net/ethernet/intel/ice/ice_eswitch.o
  CC [M]  drivers/staging/rtl8723bs/hal/hal_btcoex.o
  CC [M]  drivers/extcon/extcon-usbc-cros-ec.o
  CC [M]  drivers/net/ethernet/qlogic/netxen/netxen_nic_init.o
  LD [M]  drivers/hwtracing/intel_th/intel_th.o
  LD [M]  drivers/hwtracing/intel_th/intel_th_pci.o
  LD [M]  drivers/hwtracing/intel_th/intel_th_acpi.o
  LD [M]  drivers/hwtracing/intel_th/intel_th_gth.o
  LD [M]  drivers/hwtracing/intel_th/intel_th_sth.o
  CC [M]  drivers/net/ethernet/intel/ice/ice_eswitch_br.o
  LD [M]  drivers/hwtracing/intel_th/intel_th_msu.o
  CC [M]  drivers/net/ethernet/qlogic/netxen/netxen_nic_ethtool.o
  LD [M]  drivers/hwtracing/intel_th/intel_th_pti.o
  LD [M]  drivers/staging/sm750fb/sm750fb.o
  CC [M]  drivers/hid/hid-vivaldi-common.o
  LD [M]  drivers/hwtracing/intel_th/intel_th_msu_sink.o
  CC [M]  drivers/net/ethernet/mellanox/mlxsw/spectrum_acl_ctcam.o
  CC [M]  drivers/net/ethernet/qualcomm/rmnet/rmnet_config.o
  CC [M]  drivers/gpu/drm/nouveau/nvkm/engine/ce/gp100.o
  CC [M]  drivers/staging/vt6656/usbpipe.o
  CC [M]  drivers/media/dvb-frontends/si21xx.o
  CC [M]  drivers/gpu/drm/drm_encoder.o
  CC [M]  drivers/staging/vt6656/channel.o
  CC [M]  drivers/net/ethernet/qualcomm/rmnet/rmnet_vnd.o
  CC [M]  drivers/net/ethernet/qualcomm/rmnet/rmnet_handlers.o
  CC      fs/readdir.o
  CC [M]  drivers/extcon/extcon-usbc-tusb320.o
  CC [M]  drivers/net/ethernet/netronome/nfp/nfd3/rings.o
  CC [M]  drivers/gpu/drm/amd/amdgpu/amdgpu_amdkfd_aldebaran.o
  CC [M]  drivers/net/ethernet/netronome/nfp/nfd3/xsk.o
  CC [M]  drivers/staging/fbtft/fb_bd663474.o
  CC [M]  drivers/net/ethernet/qualcomm/emac/emac-mac.o
  CC [M]  drivers/gpu/drm/amd/amdgpu/amdgpu_amdkfd_gc_9_4_3.o
  CC [M]  drivers/net/ethernet/qlogic/qlcnic/qlcnic_ctx.o
  CC [M]  drivers/platform/x86/asus-laptop.o
  LD [M]  drivers/net/ethernet/mscc/mscc_ocelot_switch_lib.o
  CC [M]  drivers/net/ethernet/mellanox/mlx5/core/lib/fs_ttc.o
  CC [M]  drivers/staging/most/net/net.o
  CC [M]  drivers/net/ethernet/qlogic/qed/qed_debug.o
  CC [M]  drivers/gpu/drm/nouveau/nvkm/engine/ce/gp102.o
  CC [M]  drivers/net/ethernet/mellanox/mlx5/core/diag/fs_tracepoint.o
  CC [M]  drivers/gpu/drm/drm_file.o
  CC [M]  drivers/staging/rtl8723bs/hal/hal_sdio.o
  CC [M]  drivers/staging/most/video/video.o
  CC [M]  drivers/net/ethernet/qlogic/qed/qed_dev.o
  CC [M]  drivers/staging/most/i2c/i2c.o
  CC [M]  drivers/net/ethernet/qlogic/qlcnic/qlcnic_io.o
  CC [M]  drivers/hid/hid-google-hammer.o
  CC [M]  drivers/net/ethernet/mellanox/mlx5/core/diag/fw_tracer.o
  CC [M]  drivers/net/ethernet/qualcomm/rmnet/rmnet_map_data.o
  LD [M]  drivers/staging/vt6656/vt6656_stage.o
  CC [M]  drivers/net/ethernet/mellanox/mlxsw/spectrum_acl_atcam.o
  CC [M]  drivers/staging/fbtft/fb_hx8340bn.o
  CC [M]  drivers/gpu/drm/nouveau/nvkm/engine/ce/gv100.o
  CC [M]  drivers/net/ethernet/mellanox/mlx5/core/diag/crdump.o
  AR      drivers/extcon/built-in.a
  CC [M]  drivers/platform/x86/asus-wireless.o
  CC [M]  drivers/net/ethernet/qualcomm/emac/emac-phy.o
  CC [M]  drivers/net/ethernet/qlogic/qede/qede_main.o
  CC [M]  drivers/net/ethernet/qlogic/qlcnic/qlcnic_sysfs.o
  CC [M]  drivers/net/ethernet/qlogic/qed/qed_devlink.o
  CC      fs/select.o
  CC [M]  drivers/media/dvb-frontends/sp2.o
  LD [M]  drivers/staging/most/net/most_net.o
  CC [M]  drivers/gpu/drm/amd/amdgpu/amdgpu_amdkfd_gfx_v10.o
  CC [M]  drivers/net/ethernet/intel/ice/ice_gnss.o
  CC [M]  drivers/net/ethernet/netronome/nfp/nfdk/dp.o
  CC [M]  drivers/net/ethernet/qlogic/qede/qede_fp.o
  CC [M]  drivers/net/ethernet/qlogic/netxen/netxen_nic_ctx.o
  LD [M]  drivers/staging/most/i2c/most_i2c.o
  CC [M]  drivers/gpu/drm/i915/gvt/aperture_gm.o
  CC [M]  drivers/net/ethernet/qlogic/qlcnic/qlcnic_minidump.o
  CC [M]  drivers/staging/rtl8723bs/hal/hal_pwr_seq.o
  CC [M]  drivers/hid/hid-vivaldi.o
  CC [M]  drivers/net/ethernet/qualcomm/rmnet/rmnet_map_command.o
  AR      drivers/net/ethernet/qlogic/built-in.a
  CC [M]  drivers/net/ethernet/mellanox/mlx5/core/devlink.o
  LD [M]  drivers/staging/most/video/most_video.o
  CC [M]  drivers/net/ethernet/qlogic/qede/qede_filter.o
  CC [M]  drivers/net/ethernet/mellanox/mlxsw/spectrum_acl_erp.o
  CC [M]  drivers/gpu/drm/nouveau/nvkm/engine/ce/tu102.o
  CC [M]  drivers/media/dvb-frontends/sp887x.o
  CC [M]  drivers/platform/x86/asus-wmi.o
  CC [M]  drivers/staging/fbtft/fb_hx8347d.o
  CC [M]  drivers/platform/x86/asus-nb-wmi.o
  CC [M]  drivers/staging/fbtft/fb_hx8353d.o
  CC [M]  drivers/staging/fbtft/fb_hx8357d.o
  CC [M]  drivers/net/ethernet/qualcomm/emac/emac-sgmii.o
  CC [M]  drivers/platform/x86/eeepc-laptop.o
  CC [M]  drivers/net/ethernet/mellanox/mlx5/core/diag/rsc_dump.o
  LD [M]  drivers/net/ethernet/qualcomm/rmnet/rmnet.o
  CC [M]  drivers/staging/rtl8723bs/hal/HalPhyRf.o
  CC [M]  drivers/hid/hid-gt683r.o
  CC [M]  drivers/hid/hid-gyration.o
  CC [M]  drivers/gpu/drm/nouveau/nvkm/engine/ce/ga100.o
  CC [M]  drivers/gpu/drm/i915/gvt/cfg_space.o
  LD [M]  drivers/net/ethernet/intel/ice/ice.o
  LD [M]  drivers/net/ethernet/qlogic/netxen/netxen_nic.o
  CC [M]  drivers/gpu/drm/nouveau/nvkm/engine/ce/ga102.o
  CC [M]  drivers/net/ethernet/qlogic/qla3xxx.o
  CC      fs/dcache.o
  CC [M]  drivers/gpu/drm/drm_fourcc.o
  CC [M]  drivers/gpu/drm/amd/amdgpu/amdgpu_amdkfd_gfx_v10_3.o
  CC [M]  drivers/net/ethernet/qlogic/qlcnic/qlcnic_83xx_hw.o
  CC [M]  drivers/staging/rtl8723bs/hal/HalPwrSeqCmd.o
  CC      fs/inode.o
  CC [M]  drivers/staging/fbtft/fb_ili9163.o
  CC [M]  drivers/net/ethernet/qualcomm/emac/emac-ethtool.o
  CC [M]  drivers/gpu/drm/drm_framebuffer.o
  CC [M]  drivers/net/nlmon.o
  CC [M]  drivers/media/dvb-frontends/stb0899_drv.o
  CC [M]  drivers/gpu/drm/nouveau/nvkm/engine/cipher/g84.o
  CC [M]  drivers/media/dvb-frontends/stb0899_algo.o
  CC [M]  drivers/hid/hid-holtek-kbd.o
  CC [M]  drivers/media/dvb-frontends/stb6000.o
  CC [M]  drivers/media/dvb-frontends/stb6100.o
  CC [M]  drivers/net/vrf.o
  CC [M]  drivers/net/vsockmon.o
  CC [M]  drivers/net/ethernet/qlogic/qlcnic/qlcnic_83xx_init.o
  CC [M]  drivers/net/ethernet/netronome/nfp/nfdk/rings.o
  CC [M]  drivers/staging/fbtft/fb_ili9320.o
  AR      drivers/net/ethernet/realtek/built-in.a
  CC [M]  drivers/net/ethernet/realtek/8139cp.o
  CC [M]  drivers/staging/rtl8723bs/hal/odm.o
  CC [M]  drivers/gpu/drm/drm_gem.o
  CC [M]  drivers/gpu/drm/i915/gvt/cmd_parser.o
  CC [M]  drivers/staging/fbtft/fb_ili9325.o
  CC [M]  drivers/net/ethernet/netronome/nfp/nfp_app.o
  CC [M]  drivers/staging/rtl8723bs/hal/odm_CfoTracking.o
  CC [M]  drivers/net/ethernet/qualcomm/emac/emac-sgmii-fsm9900.o
  CC [M]  drivers/net/ethernet/qualcomm/emac/emac-sgmii-qdf2432.o
  CC [M]  drivers/net/ethernet/qlogic/qed/qed_hw.o
  CC [M]  drivers/net/ethernet/qlogic/qede/qede_ethtool.o
  CC [M]  drivers/hid/hid-holtek-mouse.o
  CC [M]  drivers/gpu/drm/nouveau/nvkm/engine/device/acpi.o
  CC [M]  drivers/net/ethernet/mellanox/mlx5/core/diag/reporter_vnic.o
  CC [M]  drivers/net/ethernet/qualcomm/emac/emac-sgmii-qdf2400.o
  CC [M]  drivers/gpu/drm/amd/amdgpu/amdgpu_amdkfd_gfx_v11.o
  CC [M]  drivers/net/ethernet/realtek/8139too.o
  CC      fs/attr.o
  CC [M]  drivers/net/ethernet/realtek/atp.o
  CC [M]  drivers/platform/x86/eeepc-wmi.o
  CC [M]  drivers/staging/fbtft/fb_ili9340.o
  CC      fs/bad_inode.o
  CC [M]  drivers/platform/x86/meraki-mx100.o
  CC [M]  drivers/net/ethernet/mellanox/mlxsw/spectrum1_acl_tcam.o
  AR      drivers/net/ethernet/renesas/built-in.a
  CC [M]  drivers/gpu/drm/i915/gvt/debugfs.o
  CC [M]  drivers/net/ethernet/qlogic/qed/qed_init_fw_funcs.o
  CC [M]  drivers/staging/fbtft/fb_ili9341.o
  CC [M]  drivers/gpu/drm/nouveau/nvkm/engine/device/base.o
  CC [M]  drivers/net/ethernet/mellanox/mlx5/core/fw_reset.o
  CC [M]  drivers/staging/rtl8723bs/hal/odm_DIG.o
  CC [M]  drivers/hid/hid-holtekff.o
  CC      fs/file.o
  CC [M]  drivers/media/dvb-frontends/stv0288.o
  LD [M]  drivers/net/ethernet/qualcomm/emac/qcom-emac.o
  CC [M]  drivers/net/ethernet/netronome/nfp/nfp_app_nic.o
  AR      drivers/net/ethernet/rdc/built-in.a
  CC [M]  drivers/net/ethernet/rdc/r6040.o
  AR      drivers/net/ethernet/qualcomm/built-in.a
  CC [M]  drivers/net/ethernet/mellanox/mlxsw/spectrum2_acl_tcam.o
  CC [M]  drivers/net/ethernet/qlogic/qede/qede_ptp.o
  CC [M]  drivers/gpu/drm/nouveau/nvkm/engine/device/ctrl.o
  CC [M]  drivers/net/ethernet/qlogic/qed/qed_init_ops.o
  CC [M]  drivers/gpu/drm/nouveau/nvkm/engine/device/pci.o
  AR      drivers/nvmem/layouts/built-in.a
  CC      drivers/nvmem/core.o
  CC [M]  drivers/net/ethernet/qlogic/qede/qede_dcbnl.o
  CC      drivers/interconnect/core.o
  CC [M]  drivers/platform/x86/amilo-rfkill.o
  CC [M]  drivers/net/ethernet/mellanox/mlxsw/spectrum_acl_bloom_filter.o
  CC [M]  drivers/platform/x86/fujitsu-laptop.o
  CC [M]  drivers/net/ethernet/netronome/nfp/nfp_devlink.o
  CC [M]  drivers/gpu/drm/i915/gvt/display.o
  CC [M]  drivers/net/ethernet/qlogic/qlcnic/qlcnic_83xx_vnic.o
  CC [M]  drivers/hid/hid-hyperv.o
  CC [M]  drivers/staging/fbtft/fb_ili9481.o
  CC [M]  drivers/gpu/drm/amd/amdgpu/amdgpu_amdkfd_gfx_v7.o
  CC [M]  drivers/net/mhi_net.o
  CC [M]  drivers/hid/hid-icade.o
  CC      drivers/interconnect/bulk.o
  CC      drivers/interconnect/debugfs-client.o
  CC [M]  drivers/staging/rtl8723bs/hal/odm_DynamicBBPowerSaving.o
  CC [M]  drivers/net/sb1000.o
  CC [M]  drivers/net/ethernet/realtek/r8169_main.o
  CC [M]  drivers/net/ethernet/realtek/r8169_firmware.o
  CC [M]  drivers/hid/hid-ite.o
  CC [M]  drivers/staging/ks7010/ks_hostif.o
  CC [M]  drivers/net/ethernet/mellanox/mlx5/core/qos.o
  CC [M]  drivers/staging/greybus/bootrom.o
  CC [M]  drivers/vdpa/mlx5/net/mlx5_vnet.o
  CC [M]  drivers/video/fbdev/intelfb/intelfbdrv.o
  CC [M]  drivers/vdpa/mlx5/core/resources.o
  CC [M]  drivers/platform/x86/fujitsu-tablet.o
  CC [M]  drivers/media/dvb-frontends/stv0297.o
  CC [M]  drivers/staging/fbtft/fb_ili9486.o
  CC [M]  drivers/net/sungem_phy.o
  CC [M]  drivers/net/ethernet/qlogic/qed/qed_int.o
  CC [M]  drivers/net/ethernet/qlogic/qede/qede_rdma.o
  CC [M]  drivers/gpu/drm/drm_ioctl.o
  CC [M]  drivers/parport/share.o
  CC [M]  drivers/target/loopback/tcm_loop.o
  CC [M]  drivers/staging/rtl8723bs/hal/odm_DynamicTxPower.o
  CC [M]  drivers/target/tcm_fc/tfc_cmd.o
  CC [M]  drivers/net/ethernet/qlogic/qlcnic/qlcnic_sriov_common.o
  CC [M]  drivers/staging/pi433/pi433_if.o
  CC [M]  drivers/gpu/drm/nouveau/nvkm/engine/device/tegra.o
  CC [M]  drivers/vdpa/vdpa_sim/vdpa_sim.o
  CC [M]  drivers/net/ethernet/netronome/nfp/nfp_hwmon.o
  CC [M]  drivers/nvmem/rmem.o
  CC [M]  drivers/gpu/drm/i915/gvt/dmabuf.o
  CC [M]  drivers/hid/hid-jabra.o
  CC [M]  drivers/net/ethernet/netronome/nfp/nfp_main.o
  CC [M]  drivers/staging/greybus/fw-core.o
  CC      fs/filesystems.o
  CC [M]  drivers/gpu/drm/amd/amdgpu/amdgpu_cgs.o
  CC [M]  drivers/net/ethernet/mellanox/mlxsw/spectrum_acl.o
  AR      drivers/interconnect/built-in.a
  CC [M]  drivers/hid/hid-kensington.o
  CC [M]  drivers/platform/x86/gpd-pocket-fan.o
  CC [M]  drivers/parport/ieee1284.o
  CC [M]  drivers/nvmem/qcom-spmi-sdam.o
  CC [M]  drivers/staging/fbtft/fb_pcd8544.o
  CC [M]  drivers/net/ethernet/mellanox/mlx5/core/lib/tout.o
  CC [M]  drivers/gpu/drm/nouveau/nvkm/engine/device/user.o
  CC [M]  drivers/media/dvb-frontends/stv0299.o
  CC [M]  drivers/video/fbdev/intelfb/intelfbhw.o
  CC [M]  drivers/target/tcm_fc/tfc_conf.o
  LD [M]  drivers/nvmem/nvmem-rmem.o
  CC [M]  drivers/parport/ieee1284_ops.o
  CC [M]  drivers/staging/fbtft/fb_ra8875.o
  CC [M]  drivers/staging/greybus/fw-download.o
  CC [M]  drivers/staging/rtl8723bs/hal/odm_EdcaTurboCheck.o
  CC [M]  drivers/platform/x86/uv_sysfs.o
  AR      drivers/nvmem/built-in.a
  LD [M]  drivers/nvmem/nvmem_qcom-spmi-sdam.o
  CC [M]  drivers/staging/fieldbus/dev_core.o
  CC [M]  drivers/staging/fbtft/fb_s6d02a1.o
  CC [M]  drivers/net/ethernet/qlogic/qlcnic/qlcnic_sriov_pf.o
  CC [M]  drivers/net/ethernet/mellanox/mlxsw/spectrum_flow.o
  CC [M]  drivers/staging/pi433/rf69.o
  CC [M]  drivers/hid/hid-keytouch.o
  CC [M]  drivers/target/tcm_fc/tfc_io.o
  CC [M]  drivers/gpu/drm/amd/amdgpu/amdgpu_job.o
  CC [M]  drivers/gpu/drm/i915/gvt/edid.o
  CC [M]  drivers/staging/ks7010/ks_wlan_net.o
  CC [M]  drivers/net/ethernet/qlogic/qed/qed_l2.o
  CC [M]  drivers/net/ethernet/mellanox/mlxsw/spectrum_matchall.o
  LD [M]  drivers/net/ethernet/qlogic/qede/qede.o
  CC [M]  drivers/video/fbdev/intelfb/intelfb_i2c.o
  CC [M]  drivers/net/ethernet/netronome/nfp/nfp_net_common.o
  CC      fs/namespace.o
  CC [M]  drivers/net/ethernet/mellanox/mlxsw/spectrum_flower.o
  CC [M]  drivers/platform/x86/ibm_rtl.o
  CC [M]  drivers/gpu/drm/nouveau/nvkm/engine/disp/base.o
  CC [M]  drivers/staging/greybus/fw-management.o
  CC [M]  drivers/vdpa/vdpa_user/vduse_dev.o
  CC [M]  drivers/vdpa/vdpa_user/iova_domain.o
  CC [M]  drivers/staging/qlge/qlge_main.o
  CC [M]  drivers/vdpa/vdpa_sim/vdpa_sim_net.o
  CC [M]  drivers/staging/fbtft/fb_s6d1121.o
  CC [M]  drivers/vdpa/vdpa_sim/vdpa_sim_blk.o
  CC [M]  drivers/hid/hid-kye.o
  CC [M]  drivers/net/ethernet/mellanox/mlx5/core/lib/aso.o
  CC [M]  drivers/staging/rtl8723bs/hal/odm_HWConfig.o
  LD [M]  drivers/staging/fieldbus/fieldbus_dev.o
  CC [M]  drivers/staging/qlge/qlge_dbg.o
  CC [M]  drivers/parport/procfs.o
  CC [M]  drivers/vdpa/mlx5/core/mr.o
  CC [M]  drivers/target/tcm_fc/tfc_sess.o
  CC [M]  drivers/staging/qlge/qlge_mpi.o
  CC [M]  drivers/media/dvb-frontends/stv0367.o
  CC [M]  drivers/hid/hid-lcpower.o
  LD [M]  drivers/staging/pi433/pi433.o
  CC [M]  drivers/platform/x86/ideapad-laptop.o
  CC [M]  drivers/vdpa/ifcvf/ifcvf_main.o
  LD [M]  drivers/video/fbdev/intelfb/intelfb.o
  CC [M]  drivers/hid/hid-lenovo.o
  CC [M]  drivers/staging/greybus/authentication.o
  CC [M]  drivers/gpu/drm/amd/amdgpu/amdgpu_acp.o
  CC [M]  drivers/gpu/drm/i915/gvt/execlist.o
  CC [M]  drivers/net/ethernet/realtek/r8169_phy_config.o
  CC [M]  drivers/gpu/drm/nouveau/nvkm/engine/disp/chan.o
  CC [M]  drivers/vdpa/ifcvf/ifcvf_base.o
  CC [M]  drivers/net/ethernet/qlogic/qlcnic/qlcnic_dcb.o
  CC [M]  drivers/staging/fbtft/fb_seps525.o
  CC [M]  drivers/net/ethernet/mellanox/mlx5/core/en/rqt.o
  CC [M]  drivers/parport/daisy.o
  CC [M]  drivers/staging/rtl8723bs/hal/odm_RegConfig8723B.o
  CC [M]  drivers/gpu/drm/drm_lease.o
  CC [M]  drivers/staging/fbtft/fb_sh1106.o
  CC [M]  drivers/staging/ks7010/ks7010_sdio.o
  CC [M]  drivers/gpu/drm/nouveau/nvkm/engine/disp/conn.o
  CC [M]  drivers/parport/probe.o
  CC [M]  drivers/net/ethernet/mellanox/mlx5/core/en/tir.o
  CC [M]  drivers/net/ethernet/mellanox/mlxsw/spectrum_cnt.o
  LD [M]  drivers/target/tcm_fc/tcm_fc.o
  CC [M]  drivers/target/iscsi/cxgbit/cxgbit_main.o
  CC [M]  drivers/vdpa/mlx5/net/debug.o
  CC [M]  drivers/staging/greybus/spilib.o
  AR      drivers/staging/built-in.a
  CC [M]  drivers/net/ntb_netdev.o
  LD [M]  drivers/vdpa/vdpa_user/vduse.o
  CC [M]  drivers/media/dvb-frontends/stv0900_core.o
  CC [M]  drivers/vdpa/virtio_pci/vp_vdpa.o
  AR      drivers/net/ethernet/rocker/built-in.a
  CC [M]  drivers/platform/x86/hdaps.o
  CC [M]  drivers/parport/parport_pc.o
  CC [M]  drivers/staging/rtl8723bs/hal/rtl8723b_cmd.o
  CC [M]  drivers/net/ethernet/rocker/rocker_main.o
  CC [M]  drivers/media/dvb-frontends/stv0900_sw.o
  CC [M]  drivers/gpu/drm/amd/amdgpu/../acp/acp_hw.o
  LD [M]  drivers/net/ethernet/realtek/r8169.o
  CC [M]  drivers/hid/hid-lg.o
  CC [M]  drivers/gpu/drm/i915/gvt/fb_decoder.o
  CC [M]  drivers/net/ethernet/rocker/rocker_tlv.o
  LD [M]  drivers/vdpa/ifcvf/ifcvf.o
  CC [M]  drivers/parport/parport_serial.o
  CC [M]  drivers/target/sbp/sbp_target.o
  CC [M]  drivers/staging/fbtft/fb_ssd1289.o
  CC [M]  drivers/net/ethernet/netronome/nfp/nfp_net_dp.o
  CC [M]  drivers/gpu/drm/nouveau/nvkm/engine/disp/dp.o
  CC [M]  drivers/platform/x86/thinkpad_acpi.o
  CC [M]  drivers/net/ethernet/mellanox/mlxsw/spectrum_fid.o
  CC [M]  drivers/target/iscsi/iscsi_target_parameters.o
  CC [M]  drivers/staging/rtl8723bs/hal/rtl8723b_dm.o
  LD [M]  drivers/staging/ks7010/ks7010.o
  CC [M]  drivers/target/target_core_configfs.o
  LD [M]  drivers/net/ethernet/qlogic/qlcnic/qlcnic.o
  CC [M]  drivers/net/ethernet/qlogic/qed/qed_main.o
  CC [M]  drivers/vdpa/vdpa.o
  CC [M]  drivers/gpu/drm/amd/amdgpu/amdgpu_ioc32.o
  CC [M]  drivers/parport/parport_cs.o
  CC [M]  drivers/net/ethernet/mellanox/mlx5/core/en/rss.o
  CC [M]  drivers/target/iscsi/cxgbit/cxgbit_cm.o
  CC [M]  drivers/net/ethernet/rocker/rocker_ofdpa.o
  LD [M]  drivers/vdpa/mlx5/mlx5_vdpa.o
  CC [M]  drivers/target/iscsi/cxgbit/cxgbit_target.o
  CC [M]  drivers/target/target_core_device.o
  CC [M]  drivers/gpu/drm/i915/gvt/firmware.o
  CC [M]  drivers/staging/greybus/hid.o
  CC [M]  drivers/gpu/drm/i915/gvt/gtt.o
  CC [M]  drivers/net/ethernet/qlogic/qed/qed_mcp.o
  CC [M]  drivers/staging/fbtft/fb_ssd1305.o
  CC [M]  drivers/gpu/drm/amd/amdgpu/amdgpu_atpx_handler.o
  CC [M]  drivers/net/ethernet/qlogic/qed/qed_mng_tlv.o
  CC [M]  drivers/hid/hid-lgff.o
  CC [M]  drivers/target/target_core_fabric_configfs.o
  CC      fs/seq_file.o
  CC [M]  drivers/staging/qlge/qlge_ethtool.o
  CC [M]  drivers/staging/fbtft/fb_ssd1306.o
  CC [M]  drivers/mtd/parsers/ar7part.o
  CC [M]  drivers/staging/rtl8723bs/hal/rtl8723b_hal_init.o
  CC [M]  drivers/target/iscsi/iscsi_target_seq_pdu_list.o
  CC [M]  drivers/gpu/drm/nouveau/nvkm/engine/disp/hdmi.o
  CC [M]  drivers/mtd/chips/chipreg.o
  CC [M]  drivers/net/ethernet/netronome/nfp/nfp_net_ctrl.o
  CC [M]  drivers/media/dvb-frontends/stv090x.o
  CC [M]  drivers/staging/greybus/light.o
  LD [M]  drivers/parport/parport.o
  CC [M]  drivers/hid/hid-lg2ff.o
  CC [M]  drivers/mtd/chips/cfi_probe.o
  CC [M]  drivers/mtd/lpddr/qinfo_probe.o
  CC [M]  drivers/mtd/chips/cfi_util.o
  CC [M]  drivers/net/ethernet/netronome/nfp/nfp_net_debugdump.o
  CC [M]  drivers/mtd/parsers/cmdlinepart.o
  CC [M]  drivers/net/ethernet/netronome/nfp/nfp_net_ethtool.o
  CC [M]  drivers/staging/fbtft/fb_ssd1325.o
  CC [M]  drivers/net/ethernet/mellanox/mlx5/core/en/rx_res.o
  CC [M]  drivers/gpu/drm/amd/amdgpu/amdgpu_acpi.o
  CC [M]  drivers/gpu/drm/drm_managed.o
  CC [M]  drivers/staging/qlge/qlge_devlink.o
  CC [M]  drivers/gpu/drm/nouveau/nvkm/engine/disp/head.o
  CC      fs/xattr.o
  CC [M]  drivers/target/iscsi/iscsi_target_auth.o
  CC [M]  drivers/gpu/drm/i915/gvt/handlers.o
  CC [M]  drivers/net/ethernet/mellanox/mlxsw/spectrum_ipip.o
  CC [M]  drivers/mtd/lpddr/lpddr_cmds.o
  CC [M]  drivers/mtd/parsers/redboot.o
  CC [M]  drivers/gpu/drm/amd/amdgpu/amdgpu_hmm.o
  CC [M]  drivers/hid/hid-lg3ff.o
  CC [M]  drivers/target/target_core_fabric_lib.o
  CC [M]  drivers/gpu/drm/i915/gvt/interrupt.o
  CC [M]  drivers/mtd/maps/map_funcs.o
  CC [M]  drivers/staging/fbtft/fb_ssd1331.o
  LD [M]  drivers/net/ethernet/rocker/rocker.o
  CC [M]  drivers/mtd/chips/cfi_cmdset_0020.o
  CC [M]  drivers/mtd/maps/l440gx.o
  CC [M]  drivers/media/dvb-frontends/stv0910.o
  CC [M]  drivers/target/iscsi/cxgbit/cxgbit_ddp.o
  CC [M]  drivers/net/ethernet/netronome/nfp/nfp_net_main.o
  CC [M]  drivers/staging/greybus/log.o
  CC [M]  drivers/gpu/drm/nouveau/nvkm/engine/disp/ior.o
  CC [M]  drivers/mtd/maps/amd76xrom.o
  CC [M]  drivers/target/target_core_hba.o
  CC [M]  drivers/gpu/drm/amd/amdgpu/../pm/swsmu/smu11/arcturus_ppt.o
  CC [M]  drivers/net/ethernet/mellanox/mlx5/core/en/channels.o
  CC [M]  drivers/target/target_core_pr.o
  CC [M]  drivers/media/dvb-frontends/stv6110.o
  CC [M]  drivers/net/ethernet/netronome/nfp/nfp_net_repr.o
  LD [M]  drivers/staging/qlge/qlge.o
  CC [M]  drivers/staging/rtl8723bs/hal/rtl8723b_phycfg.o
  CC [M]  drivers/hid/hid-lg4ff.o
  CC [M]  drivers/media/dvb-frontends/stv6110x.o
  CC [M]  drivers/net/ethernet/mellanox/mlx5/core/en_main.o
  CC [M]  drivers/net/ethernet/qlogic/qed/qed_ptp.o
  CC [M]  drivers/gpu/drm/nouveau/nvkm/engine/disp/outp.o
  CC [M]  drivers/net/ethernet/qlogic/qed/qed_selftest.o
  CC [M]  drivers/gpu/drm/nouveau/nvkm/engine/disp/vga.o
  CC [M]  drivers/gpu/drm/nouveau/nvkm/engine/disp/nv04.o
  CC [M]  drivers/net/ethernet/qlogic/qed/qed_sp_commands.o
  CC [M]  drivers/platform/x86/think-lmi.o
  CC [M]  drivers/staging/fbtft/fb_ssd1351.o
  CC [M]  drivers/staging/greybus/loopback.o
  CC [M]  drivers/staging/fbtft/fb_st7735r.o
  CC [M]  drivers/mtd/maps/esb2rom.o
  CC [M]  drivers/net/ethernet/samsung/sxgbe/sxgbe_platform.o
  CC [M]  drivers/gpu/drm/amd/amdgpu/../pm/swsmu/smu11/navi10_ppt.o
  CC [M]  drivers/net/ethernet/samsung/sxgbe/sxgbe_main.o
  CC      fs/libfs.o
  CC [M]  drivers/mtd/chips/cfi_cmdset_0002.o
  CC [M]  drivers/staging/rtl8723bs/hal/rtl8723b_rf6052.o
  CC [M]  drivers/mtd/maps/ichxrom.o
  LD [M]  drivers/target/iscsi/cxgbit/cxgbit.o
  CC [M]  drivers/net/ethernet/netronome/nfp/nfp_net_sriov.o
  CC [M]  drivers/mtd/devices/slram.o
  CC [M]  drivers/staging/rtl8723bs/hal/rtl8723b_rxdesc.o
  CC [M]  drivers/gpu/drm/nouveau/nvkm/engine/disp/nv50.o
  CC [M]  drivers/target/iscsi/iscsi_target_datain_values.o
  CC [M]  drivers/hid/hid-lg-g15.o
  CC [M]  drivers/net/ethernet/samsung/sxgbe/sxgbe_desc.o
  CC [M]  drivers/net/ethernet/mellanox/mlxsw/spectrum_acl_flex_actions.o
  CC [M]  drivers/net/ethernet/samsung/sxgbe/sxgbe_dma.o
  CC [M]  drivers/gpu/drm/i915/gvt/kvmgt.o
  CC [M]  drivers/hid/hid-logitech-dj.o
  CC [M]  drivers/hid/hid-logitech-hidpp.o
  CC [M]  drivers/mtd/nand/onenand/onenand_base.o
  CC [M]  drivers/staging/fbtft/fb_st7789v.o
  CC [M]  drivers/platform/x86/msi-laptop.o
  CC [M]  drivers/net/ethernet/qlogic/qed/qed_spq.o
  AR      drivers/net/ethernet/samsung/built-in.a
  CC [M]  drivers/net/ethernet/mellanox/mlx5/core/en_common.o
  CC [M]  drivers/mtd/nand/onenand/onenand_bbt.o
  CC [M]  drivers/staging/greybus/power_supply.o
  CC [M]  drivers/mtd/maps/ck804xrom.o
  CC [M]  drivers/media/dvb-frontends/stv6111.o
  CC [M]  drivers/mtd/chips/cfi_cmdset_0001.o
  CC [M]  drivers/gpu/drm/drm_mm.o
  CC [M]  drivers/mtd/devices/phram.o
  CC [M]  drivers/net/ethernet/netronome/nfp/nfp_net_xsk.o
  CC [M]  drivers/media/dvb-frontends/tc90522.o
  CC [M]  drivers/platform/x86/msi-wmi.o
  CC [M]  drivers/spmi/spmi.o
  CC [M]  drivers/staging/rtl8723bs/hal/rtl8723bs_recv.o
  CC [M]  drivers/mtd/devices/pmc551.o
  CC [M]  drivers/staging/fbtft/fb_tinylcd.o
  CC [M]  drivers/net/ethernet/netronome/nfp/nfp_netvf_main.o
  CC [M]  drivers/target/iscsi/iscsi_target_device.o
  CC      fs/fs-writeback.o
  CC [M]  drivers/mtd/maps/physmap-core.o
  CC [M]  drivers/net/ethernet/samsung/sxgbe/sxgbe_core.o
  CC [M]  drivers/staging/greybus/raw.o
  CC [M]  drivers/mtd/nand/raw/nand_base.o
  CC [M]  drivers/target/iscsi/iscsi_target_erl0.o
  CC [M]  drivers/hid/hid-macally.o
  CC [M]  drivers/net/ethernet/mellanox/mlxsw/spectrum_acl_flex_keys.o
  CC      fs/pnode.o
  CC [M]  drivers/mtd/nand/onenand/generic.o
  CC [M]  drivers/net/ethernet/qlogic/qed/qed_fcoe.o
  CC [M]  drivers/gpu/drm/nouveau/nvkm/engine/disp/g84.o
  CC [M]  drivers/net/ethernet/netronome/nfp/nfp_port.o
  CC [M]  drivers/staging/greybus/vibrator.o
  CC [M]  drivers/gpu/drm/nouveau/nvkm/engine/disp/g94.o
  CC [M]  drivers/platform/x86/pcengines-apuv2.o
  CC [M]  drivers/gpu/drm/i915/gvt/mmio.o
  CC [M]  drivers/mtd/maps/pcmciamtd.o
  CC [M]  drivers/mtd/devices/mtdram.o
  CC [M]  drivers/gpu/drm/amd/amdgpu/../pm/swsmu/smu11/sienna_cichlid_ppt.o
  CC [M]  drivers/gpu/drm/nouveau/nvkm/engine/disp/gt200.o
  CC [M]  drivers/staging/rtl8723bs/hal/rtl8723bs_xmit.o
  CC [M]  drivers/staging/fbtft/fb_tls8204.o
  CC [M]  drivers/media/dvb-frontends/tda10021.o
  CC [M]  drivers/platform/x86/samsung-laptop.o
  CC [M]  drivers/staging/fbtft/fb_uc1611.o
  CC [M]  drivers/mtd/spi-nor/core.o
  CC [M]  drivers/hid/hid-magicmouse.o
  CC [M]  drivers/mtd/nand/spi/core.o
  CC [M]  drivers/target/target_core_alua.o
  CC [M]  drivers/target/iscsi/iscsi_target_erl1.o
  CC [M]  drivers/media/dvb-frontends/tda10023.o
  CC [M]  drivers/gpu/drm/nouveau/nvkm/engine/disp/mcp77.o
  CC [M]  drivers/net/ethernet/samsung/sxgbe/sxgbe_mtl.o
  LD [M]  drivers/mtd/nand/onenand/onenand.o
  CC [M]  drivers/spmi/hisi-spmi-controller.o
  CC [M]  drivers/mtd/chips/gen_probe.o
  CC [M]  drivers/gpu/drm/nouveau/nvkm/engine/disp/gt215.o
  CC [M]  drivers/staging/greybus/audio_codec.o
  CC [M]  drivers/net/ethernet/samsung/sxgbe/sxgbe_mdio.o
  CC [M]  drivers/hsi/clients/hsi_char.o
  CC [M]  drivers/slimbus/core.o
  CC [M]  drivers/mtd/devices/block2mtd.o
  CC [M]  drivers/net/ethernet/mellanox/mlxsw/spectrum1_mr_tcam.o
  CC [M]  drivers/gpu/drm/amd/amdgpu/../pm/swsmu/smu11/vangogh_ppt.o
  CC [M]  drivers/atm/nicstar.o
  CC [M]  drivers/net/ethernet/samsung/sxgbe/sxgbe_ethtool.o
  CC [M]  drivers/uio/uio.o
  CC [M]  drivers/uio/uio_cif.o
  CC [M]  drivers/mtd/maps/sbc_gxx.o
  CC [M]  drivers/net/ethernet/netronome/nfp/nfp_shared_buf.o
  CC [M]  drivers/gpu/drm/i915/gvt/mmio_context.o
  CC [M]  drivers/staging/fbtft/fb_uc1701.o
  CC [M]  drivers/staging/greybus/audio_helper.o
  CC [M]  drivers/staging/rtl8723bs/hal/sdio_halinit.o
  CC [M]  drivers/mtd/chips/jedec_probe.o
  CC [M]  drivers/hid/hid-maltron.o
  CC [M]  drivers/net/ethernet/mellanox/mlx5/core/en_fs.o
  CC [M]  drivers/gpu/drm/nouveau/nvkm/engine/disp/mcp89.o
  CC [M]  drivers/mtd/nand/spi/alliancememory.o
  CC [M]  drivers/mtd/nand/core.o
  CC [M]  drivers/platform/x86/samsung-q10.o
  CC [M]  drivers/target/iscsi/iscsi_target_erl2.o
  CC [M]  drivers/mtd/maps/pci.o
  CC [M]  drivers/slimbus/messaging.o
  CC [M]  drivers/mtd/nand/raw/nand_legacy.o
  CC [M]  drivers/mtd/devices/mtd_dataflash.o
  CC [M]  drivers/hsi/hsi_core.o
  CC [M]  drivers/media/dvb-frontends/tda10048.o
  CC [M]  drivers/net/ethernet/qlogic/qed/qed_iscsi.o
  CC [M]  drivers/net/ethernet/qlogic/qed/qed_ll2.o
  CC [M]  drivers/net/ethernet/mellanox/mlx5/core/en_ethtool.o
  CC [M]  drivers/net/ethernet/mellanox/mlxsw/spectrum2_mr_tcam.o
  LD [M]  drivers/net/ethernet/samsung/sxgbe/samsung-sxgbe.o
  CC [M]  drivers/mtd/devices/mchp23k256.o
  CC [M]  drivers/staging/fbtft/fb_upd161704.o
  CC [M]  drivers/mtd/chips/map_ram.o
  CC [M]  drivers/mtd/nand/spi/ato.o
  CC [M]  drivers/hid/hid-mcp2221.o
  CC [M]  drivers/staging/greybus/audio_module.o
  CC [M]  drivers/net/ethernet/netronome/nfp/nic/main.o
  CC [M]  drivers/gpu/drm/nouveau/nvkm/engine/disp/gf119.o
  CC [M]  drivers/uio/uio_pdrv_genirq.o
  CC [M]  drivers/gpu/drm/i915/gvt/opregion.o
  CC [M]  drivers/target/iscsi/iscsi_target_login.o
  CC [M]  drivers/mtd/maps/nettel.o
  CC [M]  drivers/mtd/nand/raw/nand_bbt.o
  CC [M]  drivers/platform/x86/toshiba_bluetooth.o
  CC [M]  drivers/slimbus/sched.o
  CC [M]  drivers/staging/rtl8723bs/hal/sdio_ops.o
  CC [M]  drivers/net/ethernet/qlogic/qed/qed_ooo.o
  CC [M]  drivers/gpu/drm/nouveau/nvkm/engine/disp/gk104.o
  CC [M]  drivers/mtd/chips/map_rom.o
  CC [M]  drivers/mtd/spi-nor/sfdp.o
  CC [M]  drivers/hid/hid-mf.o
  CC [M]  drivers/mtd/devices/mchp48l640.o
  CC [M]  drivers/mtd/nand/spi/esmt.o
  CC [M]  drivers/atm/iphase.o
  CC [M]  drivers/mtd/maps/scb2_flash.o
  CC [M]  drivers/hsi/hsi_boardinfo.o
  CC [M]  drivers/platform/x86/toshiba_haps.o
  CC [M]  drivers/pcmcia/cs.o
  CC [M]  drivers/staging/greybus/audio_topology.o
  CC [M]  drivers/gpu/drm/amd/amdgpu/../pm/swsmu/smu11/cyan_skillfish_ppt.o
  CC [M]  drivers/uio/uio_dmem_genirq.o
  CC [M]  drivers/slimbus/stream.o
  CC      fs/splice.o
  CC [M]  drivers/uio/uio_aec.o
  CC [M]  drivers/mtd/chips/map_absent.o
  LD [M]  drivers/staging/fbtft/fbtft.o
  CC [M]  drivers/net/ethernet/qlogic/qed/qed_iwarp.o
  CC [M]  drivers/media/dvb-frontends/tda1004x.o
  CC [M]  drivers/mtd/maps/plat-ram.o
  CC [M]  drivers/net/ethernet/mellanox/mlxsw/spectrum_mr_tcam.o
  CC [M]  drivers/net/ethernet/netronome/nfp/crypto/tls.o
  CC [M]  drivers/gpu/drm/i915/gvt/page_track.o
  CC [M]  drivers/mtd/nand/raw/nand_timings.o
  CC [M]  drivers/mtd/nand/spi/gigadevice.o
  CC [M]  drivers/platform/x86/toshiba_acpi.o
  CC [M]  drivers/gpu/drm/nouveau/nvkm/engine/disp/gk110.o
  CC [M]  drivers/target/iscsi/iscsi_target_nego.o
  CC [M]  drivers/hid/hid-microsoft.o
  CC [M]  drivers/mtd/devices/sst25l.o
  CC [M]  drivers/net/ethernet/mellanox/mlx5/core/en_tx.o
  CC [M]  drivers/staging/rtl8723bs/hal/HalBtc8723b1Ant.o
  CC [M]  drivers/pcmcia/socket_sysfs.o
  CC      fs/sync.o
  CC [M]  drivers/pcmcia/cardbus.o
  CC [M]  drivers/mtd/nand/raw/nand_ids.o
  CC [M]  drivers/mtd/spi-nor/swp.o
  CC [M]  drivers/media/dvb-frontends/tda10071.o
  CC [M]  drivers/uio/uio_sercos3.o
  CC [M]  drivers/mtd/maps/intel_vr_nor.o
  LD [M]  drivers/hsi/hsi.o
  CC [M]  drivers/slimbus/qcom-ctrl.o
  CC [M]  drivers/media/dvb-frontends/tda10086.o
  CC [M]  drivers/gpu/drm/amd/amdgpu/../pm/swsmu/smu11/smu_v11_0.o
  CC [M]  drivers/net/ethernet/mellanox/mlxsw/spectrum_mr.o
  CC [M]  drivers/mtd/nand/spi/macronix.o
  CC [M]  drivers/platform/x86/classmate-laptop.o
  CC [M]  drivers/staging/greybus/audio_gb.o
  CC [M]  drivers/mtd/nand/raw/nand_onfi.o
  CC [M]  drivers/net/ethernet/qlogic/qed/qed_rdma.o
  CC [M]  drivers/mtd/nand/bbt.o
  CC [M]  drivers/media/dvb-frontends/tda18271c2dd.o
  CC [M]  drivers/gpu/drm/nouveau/nvkm/engine/disp/gm107.o
  CC [M]  drivers/gpu/drm/nouveau/nvkm/engine/disp/gm200.o
  CC [M]  drivers/pcmcia/ds.o
  CC [M]  drivers/gpu/drm/i915/gvt/sched_policy.o
  CC [M]  drivers/uio/uio_pci_generic.o
  CC [M]  drivers/hid/hid-monterey.o
  CC [M]  drivers/uio/uio_netx.o
  CC [M]  drivers/mtd/spi-nor/otp.o
  LD [M]  drivers/slimbus/slimbus.o
  LD [M]  drivers/slimbus/slim-qcom-ctrl.o
  CC [M]  drivers/staging/rtl8723bs/hal/HalBtc8723b2Ant.o
  LD [M]  drivers/mtd/maps/physmap.o
  AR      drivers/net/ethernet/seeq/built-in.a
  CC [M]  drivers/staging/rtl8723bs/hal/HalHWImg8723B_BB.o
  CC [M]  drivers/net/ethernet/netronome/nfp/flower/action.o
  CC [M]  drivers/net/ethernet/qlogic/qed/qed_roce.o
  CC [M]  drivers/mtd/nand/spi/micron.o
  CC [M]  drivers/atm/suni.o
  CC [M]  drivers/mtd/nand/raw/nand_jedec.o
  CC [M]  drivers/gpu/drm/i915/gvt/scheduler.o
  CC [M]  drivers/net/ethernet/mellanox/mlxsw/spectrum_qdisc.o
  CC [M]  drivers/target/target_core_tmr.o
  CC [M]  drivers/block/aoe/aoeblk.o
  CC      fs/utimes.o
  AR      drivers/net/ethernet/silan/built-in.a
  CC [M]  drivers/net/ethernet/silan/sc92031.o
  CC [M]  drivers/net/ethernet/qlogic/qed/qed_sriov.o
  CC [M]  drivers/uio/uio_pruss.o
  CC [M]  drivers/mtd/ubi/vtbl.o
  CC [M]  drivers/mtd/ubi/vmt.o
  CC [M]  drivers/gpu/drm/nouveau/nvkm/engine/disp/gp100.o
  CC [M]  drivers/hid/hid-multitouch.o
  CC [M]  drivers/platform/x86/compal-laptop.o
  CC [M]  drivers/mtd/spi-nor/sysfs.o
  CC [M]  drivers/pcmcia/pcmcia_resource.o
  CC [M]  drivers/mtd/nand/raw/nand_amd.o
  CC [M]  drivers/target/iscsi/iscsi_target_nodeattrib.o
  CC [M]  drivers/target/iscsi/iscsi_target_tmr.o
  CC [M]  drivers/staging/greybus/audio_apbridgea.o
  CC [M]  drivers/platform/x86/lg-laptop.o
  CC [M]  drivers/mtd/nand/spi/paragon.o
  CC [M]  drivers/gpu/drm/amd/amdgpu/../pm/swsmu/smu12/renoir_ppt.o
  CC [M]  drivers/net/ethernet/mellanox/mlx5/core/en_rx.o
  CC [M]  drivers/net/ethernet/netronome/nfp/flower/cmsg.o
  CC [M]  drivers/mtd/nand/raw/nand_esmt.o
  CC [M]  drivers/hid/hid-nti.o
  CC [M]  drivers/uio/uio_mf624.o
  CC [M]  drivers/mtd/nand/ecc.o
  CC      fs/d_path.o
  CC [M]  drivers/mtd/spi-nor/atmel.o
  CC [M]  drivers/gpu/drm/drm_mode_config.o
  CC [M]  drivers/gpu/drm/nouveau/nvkm/engine/disp/gp102.o
  CC [M]  drivers/atm/fore200e.o
  CC [M]  drivers/block/aoe/aoechr.o
  CC [M]  drivers/media/dvb-frontends/tda665x.o
  CC [M]  drivers/mtd/hyperbus/hyperbus-core.o
  CC [M]  drivers/target/iscsi/iscsi_target_tpg.o
  CC [M]  drivers/mtd/ubi/upd.o
  CC [M]  drivers/mtd/nand/spi/toshiba.o
  CC [M]  drivers/mtd/nand/raw/nand_hynix.o
  CC [M]  drivers/target/iscsi/iscsi_target_util.o
  CC [M]  drivers/staging/rtl8723bs/hal/HalHWImg8723B_MAC.o
  CC [M]  drivers/platform/x86/panasonic-laptop.o
  CC [M]  drivers/mtd/nand/spi/winbond.o
  CC [M]  drivers/platform/x86/sony-laptop.o
  CC [M]  drivers/gpu/drm/drm_mode_object.o
  CC [M]  drivers/uio/uio_hv_generic.o
  CC [M]  drivers/mtd/nand/raw/nand_macronix.o
  CC [M]  drivers/gpu/drm/i915/gvt/trace_points.o
  CC [M]  drivers/staging/greybus/audio_manager.o
  CC [M]  drivers/hid/hid-ntrig.o
  CC [M]  drivers/mtd/spi-nor/catalyst.o
  CC [M]  drivers/target/iscsi/iscsi_target.o
  CC [M]  drivers/mtd/nand/spi/xtx.o
  CC [M]  drivers/block/aoe/aoecmd.o
  CC [M]  drivers/target/iscsi/iscsi_target_configfs.o
  CC [M]  drivers/mtd/nand/raw/nand_micron.o
  CC [M]  drivers/mtd/ubi/build.o
  CC [M]  drivers/block/aoe/aoedev.o
  CC [M]  drivers/gpu/drm/nouveau/nvkm/engine/disp/gv100.o
  CC [M]  drivers/pcmcia/cistpl.o
  CC [M]  drivers/net/ethernet/netronome/nfp/flower/lag_conf.o
  CC [M]  drivers/target/target_core_tpg.o
  CC [M]  drivers/gpu/drm/amd/amdgpu/../pm/swsmu/smu12/smu_v12_0.o
  CC [M]  drivers/gpu/drm/nouveau/nvkm/engine/disp/tu102.o
  CC [M]  drivers/uio/uio_dfl.o
  CC [M]  drivers/pcmcia/pcmcia_cis.o
  CC      fs/stack.o
  CC [M]  drivers/staging/rtl8723bs/hal/HalHWImg8723B_RF.o
  CC [M]  drivers/staging/greybus/audio_manager_module.o
  CC [M]  drivers/mtd/spi-nor/eon.o
  CC [M]  drivers/media/dvb-frontends/tda8083.o
  CC [M]  drivers/atm/eni.o
  CC [M]  drivers/mtd/nand/raw/nand_sandisk.o
  CC [M]  drivers/mtd/nand/ecc-sw-hamming.o
  CC [M]  drivers/target/target_core_transport.o
  LD [M]  drivers/mtd/nand/spi/spinand.o
  CC [M]  drivers/net/ethernet/mellanox/mlxsw/spectrum_span.o
  CC [M]  drivers/mtd/nand/raw/nand_samsung.o
  CC [M]  drivers/hid/hid-ortek.o
  CC [M]  drivers/staging/greybus/gbphy.o
  CC [M]  drivers/atm/idt77252.o
  CC [M]  drivers/media/dvb-frontends/tda8261.o
  CC [M]  drivers/net/ethernet/mellanox/mlx5/core/en_dim.o
  CC [M]  drivers/target/iscsi/iscsi_target_stat.o
  CC [M]  drivers/target/target_core_sbc.o
  CC [M]  drivers/mtd/ubi/cdev.o
  CC [M]  drivers/platform/x86/system76_acpi.o
  CC [M]  drivers/gpu/drm/i915/gvt/vgpu.o
  CC [M]  drivers/mtd/spi-nor/esmt.o
  CC [M]  drivers/mtd/nand/raw/nand_toshiba.o
  CC [M]  drivers/gpu/drm/nouveau/nvkm/engine/disp/ga102.o
  CC      fs/fs_struct.o
  CC [M]  drivers/gpu/drm/amd/amdgpu/../pm/swsmu/smu13/smu_v13_0.o
  CC [M]  drivers/staging/rtl8723bs/hal/HalPhyRf_8723B.o
  CC [M]  drivers/pcmcia/rsrc_mgr.o
  CC [M]  drivers/hid/hid-prodikeys.o
  CC [M]  drivers/target/target_core_spc.o
  CC [M]  drivers/block/aoe/aoemain.o
  CC [M]  drivers/net/ethernet/netronome/nfp/flower/main.o
  CC [M]  drivers/net/ethernet/qlogic/qed/qed_vf.o
  CC [M]  drivers/mtd/nand/raw/sm_common.o
  CC      fs/statfs.o
  CC [M]  drivers/mtd/spi-nor/everspin.o
  CC [M]  drivers/hid/hid-pl.o
  CC [M]  drivers/staging/greybus/gpio.o
  CC [M]  drivers/mtd/ubi/kapi.o
  CC [M]  drivers/hid/hid-penmount.o
  CC [M]  drivers/target/target_core_ua.o
  CC [M]  drivers/net/ethernet/netronome/nfp/flower/match.o
  CC [M]  drivers/net/ethernet/netronome/nfp/flower/metadata.o
  CC [M]  drivers/pcmcia/rsrc_nonstatic.o
  CC [M]  drivers/gpu/drm/nouveau/nvkm/engine/disp/udisp.o
  LD [M]  drivers/gpu/drm/i915/i915.o
  AR      drivers/net/ethernet/sis/built-in.a
  CC [M]  drivers/net/ethernet/sis/sis190.o
  CC [M]  drivers/media/dvb-frontends/tda826x.o
  CC [M]  drivers/mtd/ubi/eba.o
  CC [M]  drivers/net/ethernet/mellanox/mlx5/core/en_txrx.o
  CC [M]  drivers/block/aoe/aoenet.o
  CC [M]  drivers/staging/rtl8723bs/os_dep/ioctl_cfg80211.o
  CC [M]  drivers/mtd/nand/ecc-sw-bch.o
  CC [M]  drivers/mtd/spi-nor/fujitsu.o
  CC [M]  drivers/platform/x86/topstar-laptop.o
  CC [M]  drivers/mtd/nand/raw/cafe_nand.o
  CC [M]  drivers/staging/greybus/i2c.o
  CC [M]  drivers/gpu/drm/nouveau/nvkm/engine/disp/uconn.o
  CC [M]  drivers/net/ethernet/mellanox/mlx5/core/en/xdp.o
  CC [M]  drivers/atm/solos-pci.o
  CC [M]  drivers/net/ethernet/mellanox/mlx5/core/en_stats.o
  CC [M]  drivers/hid/hid-petalynx.o
  CC [M]  drivers/net/ethernet/sis/sis900.o
  CC [M]  drivers/pcmcia/yenta_socket.o
  CC      fs/fs_pin.o
  CC [M]  drivers/input/gameport/gameport.o
  CC [M]  drivers/mtd/spi-nor/gigadevice.o
  CC [M]  drivers/gpu/drm/nouveau/nvkm/engine/disp/uoutp.o
  CC [M]  drivers/platform/x86/firmware_attributes_class.o
  LD [M]  drivers/net/ethernet/qlogic/qed/qed.o
  CC [M]  drivers/gpu/drm/amd/amdgpu/../pm/swsmu/smu13/aldebaran_ppt.o
  LD [M]  drivers/block/aoe/aoe.o
  CC [M]  drivers/input/gameport/emu10k1-gp.o
  CC [M]  drivers/target/iscsi/iscsi_target_transport.o
  CC [M]  drivers/platform/x86/serial-multi-instantiate.o
  CC [M]  drivers/input/gameport/fm801-gp.o
  CC [M]  drivers/staging/greybus/pwm.o
  CC [M]  drivers/mtd/mtdcore.o
  CC [M]  drivers/target/target_core_rd.o
  CC [M]  drivers/mtd/mtdsuper.o
  CC [M]  drivers/mtd/nand/raw/denali.o
  CC [M]  drivers/media/dvb-frontends/ts2020.o
  CC [M]  drivers/mtd/ubi/io.o
  CC [M]  drivers/hid/hid-picolcd_core.o
  CC [M]  drivers/net/ethernet/mellanox/mlxsw/spectrum_nve.o
  CC [M]  drivers/hid/hid-picolcd_fb.o
  CC      fs/nsfs.o
  CC [M]  drivers/net/ethernet/mellanox/mlx5/core/en_selftest.o
  CC [M]  drivers/mtd/spi-nor/intel.o
  CC [M]  drivers/gpu/drm/amd/amdgpu/../pm/swsmu/smu13/yellow_carp_ppt.o
  CC      fs/fs_types.o
  LD [M]  drivers/gpu/drm/i915/kvmgt.o
  CC [M]  drivers/mtd/mtdconcat.o
  CC [M]  drivers/net/ethernet/netronome/nfp/flower/offload.o
  CC [M]  drivers/mtd/nand/raw/denali_pci.o
  CC [M]  drivers/gpu/drm/nouveau/nvkm/engine/disp/uhead.o
  CC [M]  drivers/target/target_core_stat.o
  CC [M]  drivers/staging/rtl8723bs/os_dep/ioctl_linux.o
  CC [M]  drivers/mtd/nand/ecc-mxic.o
  LD [M]  drivers/target/iscsi/iscsi_target_mod.o
  CC [M]  drivers/mtd/ubi/wl.o
  CC [M]  drivers/staging/greybus/sdio.o
  CC [M]  drivers/platform/x86/mlx-platform.o
  CC [M]  drivers/net/ethernet/mellanox/mlxsw/spectrum_nve_vxlan.o
  CC [M]  drivers/atm/adummy.o
  CC [M]  drivers/gpu/drm/drm_modes.o
  CC [M]  drivers/net/ethernet/sfc/falcon/efx.o
  CC [M]  drivers/mtd/spi-nor/issi.o
  CC [M]  drivers/mtd/nand/raw/diskonchip.o
  CC [M]  drivers/gpu/drm/amd/amdgpu/../pm/swsmu/smu13/smu_v13_0_0_ppt.o
  CC [M]  drivers/pcmcia/pd6729.o
  CC [M]  drivers/gpu/drm/nouveau/nvkm/engine/dma/base.o
  CC [M]  drivers/target/target_core_xcopy.o
  CC [M]  drivers/net/ethernet/sfc/falcon/nic.o
  CC [M]  drivers/atm/atmtcp.o
  CC [M]  drivers/mtd/nand/raw/nandsim.o
  CC [M]  drivers/hid/hid-picolcd_backlight.o
  CC      fs/fs_context.o
  CC [M]  drivers/staging/rtl8723bs/os_dep/mlme_linux.o
  CC [M]  drivers/target/target_core_iblock.o
  CC [M]  drivers/w1/masters/matrox_w1.o
  CC [M]  drivers/media/dvb-frontends/tua6100.o
  CC [M]  drivers/target/target_core_file.o
  CC [M]  drivers/staging/greybus/spi.o
  CC [M]  drivers/mtd/spi-nor/macronix.o
  CC [M]  drivers/platform/x86/wireless-hotkey.o
  CC [M]  drivers/net/ethernet/mellanox/mlx5/core/en/port.o
  CC [M]  drivers/net/ethernet/mellanox/mlxsw/spectrum_dpipe.o
  CC [M]  drivers/w1/slaves/w1_therm.o
  CC [M]  drivers/gpu/drm/nouveau/nvkm/engine/dma/nv04.o
  CC [M]  drivers/w1/slaves/w1_smem.o
  AR      drivers/net/ethernet/sfc/built-in.a
  AR      drivers/net/ethernet/smsc/built-in.a
  CC [M]  drivers/net/ethernet/smsc/smc91c92_cs.o
  AR      drivers/net/ethernet/socionext/built-in.a
  CC [M]  drivers/mtd/spi-nor/micron-st.o
  CC [M]  drivers/net/ethernet/smsc/epic100.o
  CC [M]  drivers/net/ethernet/mellanox/mlxsw/spectrum_trap.o
  CC [M]  drivers/pcmcia/i82092.o
  CC [M]  drivers/hid/hid-picolcd_lcd.o
  CC [M]  drivers/net/ethernet/sfc/falcon/farch.o
  CC [M]  drivers/gpu/drm/amd/amdgpu/../pm/swsmu/smu13/smu_v13_0_4_ppt.o
  CC [M]  drivers/mtd/ubi/attach.o
  CC [M]  drivers/w1/masters/ds2490.o
  CC [M]  drivers/atm/lanai.o
  CC [M]  drivers/net/ethernet/mellanox/mlx5/core/en/monitor_stats.o
  LD [M]  drivers/staging/greybus/gb-spilib.o
  CC [M]  drivers/staging/greybus/uart.o
  CC [M]  drivers/staging/rtl8723bs/os_dep/osdep_service.o
  CC [M]  drivers/net/ethernet/stmicro/stmmac/stmmac_main.o
  CC [M]  drivers/net/ethernet/sfc/efx.o
  CC [M]  drivers/platform/x86/intel_ips.o
  AR      drivers/net/ethernet/stmicro/built-in.a
  LD [M]  drivers/mtd/nand/nandcore.o
  CC      fs/fs_parser.o
  CC [M]  drivers/mtd/mtdpart.o
  CC [M]  drivers/w1/masters/ds2482.o
  CC [M]  drivers/target/target_core_pscsi.o
  CC [M]  drivers/gpu/drm/nouveau/nvkm/engine/dma/nv50.o
  CC [M]  drivers/mtd/spi-nor/spansion.o
  CC [M]  drivers/mtd/nand/raw/gpio.o
  CC [M]  drivers/w1/slaves/w1_ds2405.o
  CC [M]  drivers/mtd/ubi/misc.o
  CC [M]  drivers/net/ethernet/netronome/nfp/flower/tunnel_conf.o
  CC [M]  drivers/media/dvb-frontends/cx24113.o
  LD [M]  drivers/pcmcia/pcmcia_core.o
  CC [M]  drivers/hid/hid-picolcd_leds.o
  LD [M]  drivers/pcmcia/pcmcia.o
  LD [M]  drivers/pcmcia/pcmcia_rsrc.o
  CC      fs/fsopen.o
  CC [M]  drivers/w1/slaves/w1_ds2408.o
  CC [M]  drivers/bluetooth/hci_vhci.o
  AR      drivers/net/ethernet/sun/built-in.a
  CC [M]  drivers/net/ethernet/sun/sunhme.o
  CC [M]  drivers/mtd/nand/raw/plat_nand.o
  CC [M]  drivers/memstick/core/memstick.o
  CC [M]  drivers/staging/greybus/usb.o
  CC [M]  drivers/staging/rtl8723bs/os_dep/os_intfs.o
  CC [M]  drivers/memstick/host/tifm_ms.o
  CC [M]  drivers/net/ethernet/mellanox/mlxsw/spectrum_ethtool.o
  CC [M]  drivers/net/ethernet/smsc/smsc9420.o
  CC [M]  drivers/gpu/drm/nouveau/nvkm/engine/dma/gf100.o
  CC [M]  drivers/infiniband/core/packer.o
  CC [M]  drivers/mtd/ubi/debug.o
  CC [M]  drivers/w1/masters/w1-gpio.o
  CC [M]  drivers/memstick/core/ms_block.o
  CC [M]  drivers/memstick/core/mspro_block.o
  CC [M]  drivers/mtd/spi-nor/sst.o
  CC [M]  drivers/w1/masters/sgi_w1.o
  CC [M]  drivers/gpu/drm/amd/amdgpu/../pm/swsmu/smu13/smu_v13_0_5_ppt.o
  CC [M]  drivers/w1/slaves/w1_ds2413.o
  CC [M]  drivers/gpu/drm/drm_modeset_lock.o
  CC [M]  drivers/target/target_core_user.o
  CC [M]  drivers/net/ethernet/mellanox/mlx5/core/en/health.o
  CC [M]  drivers/mtd/nand/raw/r852.o
  CC [M]  drivers/hid/hid-picolcd_cir.o
  CC [M]  drivers/platform/x86/intel_scu_pltdrv.o
  CC      fs/init.o
  CC [M]  drivers/gpu/drm/nouveau/nvkm/engine/dma/gf119.o
  LD [M]  drivers/staging/greybus/gb-bootrom.o
  LD [M]  drivers/staging/greybus/gb-firmware.o
  CC [M]  drivers/atm/he.o
  LD [M]  drivers/staging/greybus/gb-hid.o
  LD [M]  drivers/staging/greybus/gb-light.o
  LD [M]  drivers/staging/greybus/gb-log.o
  LD [M]  drivers/staging/greybus/gb-loopback.o
  CC [M]  drivers/w1/slaves/w1_ds2406.o
  CC [M]  drivers/mtd/nand/raw/mxic_nand.o
  LD [M]  drivers/staging/greybus/gb-power-supply.o
  LD [M]  drivers/staging/greybus/gb-raw.o
  LD [M]  drivers/staging/greybus/gb-vibrator.o
  LD [M]  drivers/staging/greybus/gb-audio-codec.o
  CC [M]  drivers/gpu/drm/drm_plane.o
  LD [M]  drivers/staging/greybus/gb-audio-module.o
  LD [M]  drivers/staging/greybus/gb-audio-gb.o
  CC [M]  drivers/platform/x86/intel_scu_ipcutil.o
  LD [M]  drivers/staging/greybus/gb-audio-apbridgea.o
  CC [M]  drivers/mtd/spi-nor/winbond.o
  LD [M]  drivers/staging/greybus/gb-audio-manager.o
  CC [M]  drivers/bluetooth/hci_ldisc.o
  CC [M]  drivers/memstick/host/jmb38x_ms.o
  LD [M]  drivers/staging/greybus/gb-gbphy.o
  CC [M]  drivers/mtd/ubi/fastmap.o
  LD [M]  drivers/staging/greybus/gb-gpio.o
  CC [M]  drivers/media/dvb-frontends/dib0070.o
  LD [M]  drivers/staging/greybus/gb-i2c.o
  CC [M]  drivers/memstick/host/r592.o
  LD [M]  drivers/staging/greybus/gb-pwm.o
  LD [M]  drivers/staging/greybus/gb-sdio.o
  LD [M]  drivers/staging/greybus/gb-spi.o
  LD [M]  drivers/staging/greybus/gb-uart.o
  LD [M]  drivers/staging/greybus/gb-usb.o
  CC [M]  drivers/mtd/spi-nor/xilinx.o
  CC [M]  drivers/net/ethernet/sun/sungem.o
  CC [M]  drivers/staging/rtl8723bs/os_dep/recv_linux.o
  CC      fs/kernel_read_file.o
  CC [M]  drivers/mtd/nand/raw/arasan-nand-controller.o
  CC [M]  drivers/w1/slaves/w1_ds2423.o
  CC [M]  drivers/net/ethernet/sfc/falcon/falcon.o
  AR      drivers/net/ethernet/tehuti/built-in.a
  CC [M]  drivers/net/ethernet/tehuti/tehuti.o
  CC [M]  drivers/mtd/ubi/block.o
  CC [M]  drivers/hid/hid-picolcd_debugfs.o
  CC [M]  drivers/gpu/drm/nouveau/nvkm/engine/dma/gv100.o
  CC [M]  drivers/dca/dca-core.o
  CC [M]  drivers/gpu/drm/amd/amdgpu/../pm/swsmu/smu13/smu_v13_0_7_ppt.o
  CC [M]  drivers/net/ethernet/smsc/smsc911x.o
  CC [M]  drivers/infiniband/hw/mthca/mthca_main.o
  CC [M]  drivers/infiniband/hw/qib/qib_diag.o
  CC [M]  drivers/net/ethernet/netronome/nfp/flower/qos_conf.o
  CC [M]  drivers/infiniband/hw/mthca/mthca_cmd.o
  CC [M]  drivers/infiniband/core/ud_header.o
  CC [M]  drivers/w1/slaves/w1_ds2430.o
  CC [M]  drivers/net/ethernet/stmicro/stmmac/stmmac_ethtool.o
  CC [M]  drivers/net/ethernet/mellanox/mlx5/core/en/reporter_tx.o
  AR      drivers/platform/x86/built-in.a
  AR      drivers/platform/built-in.a
  CC [M]  drivers/mtd/spi-nor/xmc.o
  CC [M]  drivers/infiniband/hw/mthca/mthca_profile.o
  CC [M]  drivers/media/dvb-frontends/dib0090.o
  CC [M]  drivers/memstick/host/rtsx_pci_ms.o
  CC [M]  drivers/staging/rtl8723bs/os_dep/sdio_intf.o
  CC [M]  drivers/w1/slaves/w1_ds2431.o
  CC      fs/mnt_idmapping.o
  CC [M]  drivers/net/ethernet/mellanox/mlx5/core/en/reporter_rx.o
  CC [M]  drivers/gpu/drm/nouveau/nvkm/engine/dma/user.o
  CC [M]  drivers/mtd/ubi/gluebi.o
  CC [M]  drivers/mtd/mtdchar.o
  CC [M]  drivers/infiniband/ulp/ipoib/ipoib_main.o
  CC [M]  drivers/mtd/spi-nor/debugfs.o
  LD [M]  drivers/mtd/nand/raw/nand.o
  LD [M]  drivers/target/target_core_mod.o
  CC [M]  drivers/hid/hid-plantronics.o
  CC [M]  drivers/net/ethernet/stmicro/stmmac/stmmac_mdio.o
  CC [M]  drivers/dca/dca-sysfs.o
  CC [M]  drivers/infiniband/ulp/srp/ib_srp.o
  CC [M]  drivers/w1/slaves/w1_ds2805.o
  CC [M]  drivers/bluetooth/hci_serdev.o
  CC [M]  drivers/memstick/host/rtsx_usb_ms.o
  CC [M]  drivers/infiniband/hw/qib/qib_driver.o
  CC [M]  drivers/net/ethernet/sun/cassini.o
  CC [M]  drivers/net/ethernet/netronome/nfp/flower/conntrack.o
  LD [M]  drivers/atm/fore_200e.o
  CC [M]  drivers/staging/rtl8723bs/os_dep/sdio_ops_linux.o
  CC [M]  drivers/gpu/drm/nouveau/nvkm/engine/dma/usernv04.o
  CC [M]  drivers/media/dvb-frontends/itd1000.o
  CC      fs/remap_range.o
  LD [M]  drivers/mtd/ubi/ubi.o
  CC [M]  drivers/media/dvb-frontends/ves1820.o
  CC [M]  drivers/gpu/drm/amd/amdgpu/../pm/swsmu/smu13/smu_v13_0_6_ppt.o
  CC [M]  drivers/infiniband/core/verbs.o
  CC [M]  drivers/gpu/drm/nouveau/nvkm/engine/dma/usernv50.o
  CC [M]  drivers/infiniband/core/cq.o
  LD [M]  drivers/mtd/spi-nor/spi-nor.o
  CC [M]  drivers/w1/slaves/w1_ds2433.o
  LD [M]  drivers/dca/dca.o
  CC [M]  drivers/bluetooth/hci_h4.o
  CC [M]  drivers/net/ethernet/mellanox/mlxsw/spectrum_policer.o
  CC [M]  drivers/hid/hid-playstation.o
  CC [M]  drivers/ssb/main.o
  CC [M]  drivers/infiniband/hw/mthca/mthca_reset.o
  CC [M]  drivers/media/dvb-frontends/ves1x93.o
  CC [M]  drivers/infiniband/hw/qib/qib_eeprom.o
  CC [M]  drivers/infiniband/hw/mthca/mthca_allocator.o
  CC [M]  drivers/net/ethernet/sfc/falcon/tx.o
  CC [M]  drivers/mtd/mtd_blkdevs.o
  CC [M]  drivers/infiniband/ulp/srpt/ib_srpt.o
  CC [M]  drivers/w1/slaves/w1_ds2438.o
  CC [M]  drivers/net/ethernet/mellanox/mlx5/core/en/params.o
  CC [M]  drivers/bluetooth/hci_bcsp.o
  CC [M]  drivers/infiniband/ulp/ipoib/ipoib_ib.o
  CC [M]  drivers/infiniband/hw/cxgb4/device.o
  CC [M]  drivers/infiniband/ulp/ipoib/ipoib_multicast.o
  CC [M]  drivers/gpu/drm/nouveau/nvkm/engine/dma/usergf100.o
  CC [M]  drivers/staging/rtl8723bs/os_dep/wifi_regd.o
  CC [M]  drivers/infiniband/hw/cxgb4/cm.o
  CC [M]  drivers/w1/slaves/w1_ds250x.o
  CC [M]  drivers/staging/rtl8723bs/os_dep/xmit_linux.o
  CC      fs/buffer.o
  CC [M]  drivers/bluetooth/hci_ll.o
  CC [M]  drivers/infiniband/ulp/ipoib/ipoib_verbs.o
  CC [M]  drivers/ssb/scan.o
  CC [M]  drivers/infiniband/hw/qib/qib_file_ops.o
  CC [M]  drivers/gpu/drm/amd/amdgpu/../pm/swsmu/amdgpu_smu.o
  CC [M]  drivers/infiniband/hw/mthca/mthca_eq.o
  CC [M]  drivers/media/dvb-frontends/zd1301_demod.o
  CC [M]  drivers/gpu/drm/nouveau/nvkm/engine/dma/usergf119.o
  CC [M]  drivers/net/ethernet/stmicro/stmmac/ring_mode.o
  CC [M]  drivers/w1/slaves/w1_ds2780.o
  CC [M]  drivers/net/ethernet/mellanox/mlx5/core/en/xsk/pool.o
  CC [M]  drivers/net/ethernet/mellanox/mlxsw/spectrum_pgt.o
  CC [M]  drivers/net/ethernet/sfc/falcon/rx.o
  CC [M]  drivers/mtd/mtdblock.o
  CC [M]  drivers/hid/hid-primax.o
  CC [M]  drivers/infiniband/hw/cxgb4/provider.o
  CC [M]  drivers/gpu/drm/nouveau/nvkm/engine/dma/usergv100.o
  CC [M]  drivers/gpu/drm/amd/amdgpu/../pm/swsmu/smu_cmn.o
  CC [M]  drivers/ssb/sprom.o
  CC [M]  drivers/net/ethernet/mellanox/mlx5/core/en/xsk/setup.o
  CC [M]  drivers/infiniband/ulp/ipoib/ipoib_vlan.o
  CC [M]  drivers/infiniband/sw/rdmavt/vt.o
  CC [M]  drivers/infiniband/sw/rxe/rxe.o
  LD [M]  drivers/staging/rtl8723bs/r8723bs.o
  CC [M]  drivers/net/ethernet/netronome/nfp/bpf/cmsg.o
  CC [M]  drivers/infiniband/sw/siw/siw_cm.o
  CC [M]  drivers/w1/slaves/w1_ds2781.o
  AR      drivers/net/ethernet/ti/built-in.a
  CC [M]  drivers/net/ethernet/ti/tlan.o
  CC [M]  drivers/mtd/mtdblock_ro.o
  CC [M]  drivers/hid/hid-redragon.o
  CC [M]  drivers/net/ethernet/sfc/efx_common.o
  CC [M]  drivers/bluetooth/hci_ath.o
  CC [M]  drivers/net/ethernet/sun/niu.o
  CC [M]  drivers/net/ethernet/mellanox/mlx5/core/en/xsk/rx.o
  CC [M]  drivers/ssb/pci.o
  AR      drivers/net/ethernet/vertexcom/built-in.a
  CC [M]  drivers/w1/slaves/w1_ds28e04.o
  CC [M]  drivers/infiniband/hw/mthca/mthca_pd.o
  CC [M]  drivers/gpu/drm/nouveau/nvkm/engine/fifo/base.o
  CC      fs/mpage.o
  CC [M]  drivers/net/ethernet/stmicro/stmmac/chain_mode.o
  CC [M]  drivers/mtd/ftl.o
  CC [M]  drivers/infiniband/core/rw.o
  CC [M]  drivers/media/dvb-frontends/zl10036.o
  CC [M]  drivers/infiniband/sw/rdmavt/ah.o
  CC [M]  drivers/infiniband/hw/qib/qib_fs.o
  CC [M]  drivers/net/ethernet/sfc/efx_channels.o
  CC [M]  drivers/gpu/drm/drm_prime.o
  CC [M]  drivers/infiniband/ulp/ipoib/ipoib_ethtool.o
  CC [M]  drivers/net/ethernet/mellanox/mlxsw/spectrum_port_range.o
  CC [M]  drivers/hid/hid-retrode.o
  CC [M]  drivers/w1/slaves/w1_ds28e17.o
  CC [M]  drivers/infiniband/ulp/ipoib/ipoib_netlink.o
  CC [M]  drivers/infiniband/sw/rxe/rxe_comp.o
  CC [M]  drivers/bcma/main.o
  CC [M]  drivers/net/ethernet/sfc/falcon/selftest.o
  CC [M]  drivers/vhost/net.o
  CC [M]  drivers/net/ethernet/netronome/nfp/bpf/main.o
  CC [M]  drivers/bluetooth/hci_h5.o
  CC [M]  drivers/gpu/drm/amd/amdgpu/../pm/powerplay/smumgr/smumgr.o
  CC [M]  drivers/gpu/drm/nouveau/nvkm/engine/fifo/cgrp.o
  CC [M]  drivers/ssb/pcihost_wrapper.o
  CC [M]  drivers/infiniband/hw/mthca/mthca_cq.o
  CC [M]  drivers/net/ethernet/stmicro/stmmac/dwmac_lib.o
  CC [M]  drivers/mtd/nftlcore.o
  AR      drivers/net/ethernet/via/built-in.a
  CC [M]  drivers/net/ethernet/via/via-rhine.o
  CC [M]  drivers/hid/hid-roccat.o
  CC [M]  drivers/net/ethernet/mellanox/mlx5/core/en/xsk/tx.o
  CC [M]  drivers/hid/hid-roccat-common.o
  CC [M]  drivers/w1/w1.o
  CC [M]  drivers/infiniband/ulp/ipoib/ipoib_cm.o
  CC      fs/proc_namespace.o
  CC [M]  drivers/net/ethernet/netronome/nfp/bpf/offload.o
  CC [M]  drivers/media/dvb-frontends/zl10039.o
  CC [M]  drivers/infiniband/hw/qib/qib_init.o
  CC [M]  drivers/mtd/nftlmount.o
  CC [M]  drivers/infiniband/sw/siw/siw_cq.o
  CC [M]  drivers/infiniband/hw/efa/efa_com_cmd.o
  CC [M]  drivers/greybus/core.o
  CC [M]  drivers/gpu/drm/nouveau/nvkm/engine/fifo/chan.o
  CC [M]  drivers/gpu/drm/amd/amdgpu/../pm/powerplay/smumgr/smu8_smumgr.o
  CC [M]  drivers/bcma/scan.o
  CC [M]  drivers/infiniband/sw/rxe/rxe_req.o
  CC [M]  drivers/infiniband/hw/cxgb4/mem.o
  CC [M]  drivers/net/ethernet/mellanox/mlxsw/spectrum_dcb.o
  CC [M]  drivers/ssb/sdio.o
  CC [M]  drivers/hid/hid-roccat-arvo.o
  CC [M]  drivers/infiniband/sw/rdmavt/cq.o
  CC [M]  drivers/infiniband/ulp/iser/iser_verbs.o
  CC [M]  drivers/bluetooth/hci_intel.o
  CC [M]  drivers/net/ethernet/sfc/falcon/ethtool.o
  CC [M]  drivers/infiniband/core/sysfs.o
  CC [M]  drivers/infiniband/ulp/isert/ib_isert.o
  CC      fs/direct-io.o
  CC [M]  drivers/mtd/inftlcore.o
  CC [M]  drivers/infiniband/hw/mthca/mthca_mr.o
  CC [M]  drivers/vhost/scsi.o
  CC [M]  drivers/infiniband/ulp/opa_vnic/opa_vnic_netdev.o
  CC [M]  drivers/bcma/core.o
  CC [M]  drivers/infiniband/sw/siw/siw_main.o
  CC [M]  drivers/net/ethernet/mellanox/mlx5/core/en/devlink.o
  CC [M]  drivers/infiniband/ulp/rtrs/rtrs.o
  CC [M]  drivers/net/ethernet/via/via-velocity.o
  CC [M]  drivers/gpu/drm/nouveau/nvkm/engine/fifo/chid.o
  CC [M]  drivers/net/ethernet/stmicro/stmmac/dwmac1000_core.o
  CC [M]  drivers/w1/w1_int.o
  CC [M]  drivers/infiniband/hw/efa/efa_com.o
  CC [M]  drivers/media/dvb-frontends/zl10353.o
  CC [M]  drivers/hid/hid-roccat-isku.o
  CC [M]  drivers/gpu/drm/amd/amdgpu/../pm/powerplay/smumgr/tonga_smumgr.o
  CC [M]  drivers/ssb/driver_chipcommon.o
  CC [M]  drivers/mtd/inftlmount.o
  CC [M]  drivers/infiniband/sw/rxe/rxe_resp.o
  CC [M]  drivers/net/ethernet/netronome/nfp/bpf/verifier.o
  CC [M]  drivers/infiniband/hw/qib/qib_intr.o
  LD [M]  drivers/infiniband/ulp/ipoib/ib_ipoib.o
  CC [M]  drivers/infiniband/ulp/iser/iser_initiator.o
  CC [M]  drivers/net/ethernet/netronome/nfp/bpf/jit.o
  CC [M]  drivers/greybus/debugfs.o
  CC [M]  drivers/bluetooth/hci_bcm.o
  CC [M]  drivers/gpu/drm/nouveau/nvkm/engine/fifo/runl.o
  CC [M]  drivers/infiniband/hw/cxgb4/cq.o
  CC [M]  drivers/infiniband/hw/mthca/mthca_qp.o
  CC [M]  drivers/net/ethernet/sfc/falcon/qt202x_phy.o
  CC [M]  drivers/mtd/rfd_ftl.o
  CC [M]  drivers/infiniband/ulp/opa_vnic/opa_vnic_encap.o
  CC [M]  drivers/bcma/sprom.o
  CC      fs/eventpoll.o
  CC [M]  drivers/infiniband/sw/siw/siw_mem.o
  CC [M]  drivers/hid/hid-roccat-kone.o
  CC [M]  drivers/net/ethernet/stmicro/stmmac/dwmac1000_dma.o
  CC [M]  drivers/infiniband/sw/rdmavt/mad.o
  CC [M]  drivers/net/ethernet/mellanox/mlx5/core/en/ptp.o
  CC [M]  drivers/infiniband/core/device.o
  CC [M]  drivers/vhost/vsock.o
  CC [M]  drivers/net/ethernet/mellanox/mlxsw/spectrum_ptp.o
  CC [M]  drivers/infiniband/hw/efa/efa_main.o
  CC [M]  drivers/ssb/driver_chipcommon_pmu.o
  CC [M]  drivers/infiniband/hw/qib/qib_mad.o
  CC [M]  drivers/w1/w1_family.o
  CC [M]  drivers/gpu/drm/amd/amdgpu/../pm/powerplay/smumgr/fiji_smumgr.o
  CC [M]  drivers/infiniband/hw/qib/qib_pcie.o
  CC [M]  drivers/mtd/ssfdc.o
  CC [M]  drivers/infiniband/hw/qib/qib_pio_copy.o
  CC [M]  drivers/greybus/hd.o
  CC [M]  drivers/infiniband/ulp/rtrs/rtrs-clt.o
  CC [M]  drivers/gpu/drm/nouveau/nvkm/engine/fifo/runq.o
  CC [M]  drivers/bcma/driver_chipcommon.o
  CC [M]  drivers/infiniband/ulp/iser/iser_memory.o
  CC [M]  drivers/net/ethernet/stmicro/stmmac/dwmac100_core.o
  CC [M]  drivers/infiniband/sw/rxe/rxe_recv.o
  CC [M]  drivers/mtd/sm_ftl.o
  LD [M]  drivers/media/dvb-frontends/cxd2820r.o
  LD [M]  drivers/media/dvb-frontends/drxd.o
  CC [M]  drivers/w1/w1_netlink.o
  LD [M]  drivers/media/dvb-frontends/drxk.o
  CC [M]  drivers/infiniband/ulp/opa_vnic/opa_vnic_ethtool.o
  CC [M]  drivers/hid/hid-roccat-koneplus.o
  CC [M]  drivers/bluetooth/hci_qca.o
  CC [M]  drivers/net/ethernet/sfc/falcon/mdio_10g.o
  CC [M]  drivers/infiniband/hw/mthca/mthca_av.o
  LD [M]  drivers/media/dvb-frontends/stb0899.o
  CC [M]  drivers/infiniband/sw/rdmavt/mcast.o
  LD [M]  drivers/media/dvb-frontends/stv0900.o
  CC [M]  drivers/infiniband/sw/siw/siw_qp.o
  CC [M]  drivers/w1/w1_io.o
  CC [M]  drivers/vhost/vringh.o
  CC [M]  drivers/gpu/drm/drm_print.o
  CC [M]  drivers/gpu/drm/nouveau/nvkm/engine/fifo/nv04.o
  CC [M]  drivers/infiniband/hw/mthca/mthca_mcg.o
  CC [M]  drivers/ssb/driver_pcicore.o
  CC [M]  drivers/infiniband/hw/efa/efa_verbs.o
  CC [M]  drivers/net/ethernet/mellanox/mlx5/core/en/qos.o
  CC [M]  drivers/infiniband/ulp/rtrs/rtrs-clt-stats.o
  CC      fs/anon_inodes.o
  CC [M]  drivers/infiniband/hw/cxgb4/qp.o
  CC [M]  drivers/greybus/manifest.o
  CC [M]  drivers/bcma/driver_chipcommon_pmu.o
  CC [M]  drivers/net/ethernet/stmicro/stmmac/dwmac100_dma.o
  CC [M]  drivers/infiniband/ulp/iser/iscsi_iser.o
  CC [M]  drivers/gpu/drm/nouveau/nvkm/engine/fifo/nv10.o
  CC [M]  drivers/infiniband/hw/mthca/mthca_mad.o
  CC [M]  drivers/mtd/mtdoops.o
  CC [M]  drivers/hid/hid-roccat-konepure.o
  CC [M]  drivers/infiniband/sw/rxe/rxe_pool.o
  CC [M]  drivers/infiniband/ulp/opa_vnic/opa_vnic_vema.o
  LD [M]  drivers/w1/wire.o
  CC [M]  drivers/infiniband/sw/rdmavt/mmap.o
  CC [M]  drivers/infiniband/ulp/rtrs/rtrs-clt-sysfs.o
  CC [M]  drivers/infiniband/hw/qib/qib_qp.o
  CC [M]  drivers/net/ethernet/sfc/falcon/tenxpress.o
  CC [M]  drivers/gpu/drm/amd/amdgpu/../pm/powerplay/smumgr/polaris10_smumgr.o
  CC [M]  drivers/ssb/driver_gpio.o
  CC [M]  drivers/greybus/module.o
  CC [M]  drivers/ssb/b43_pci_bridge.o
  CC [M]  drivers/infiniband/hw/mthca/mthca_provider.o
  CC      fs/signalfd.o
  CC [M]  drivers/mtd/mtdpstore.o
  CC [M]  drivers/comedi/kcomedilib/kcomedilib_main.o
  CC [M]  drivers/gpu/drm/amd/amdgpu/../pm/powerplay/smumgr/iceland_smumgr.o
  CC [M]  drivers/infiniband/sw/siw/siw_qp_tx.o
  CC [M]  drivers/net/ethernet/netronome/nfp/abm/cls.o
  CC [M]  drivers/net/ethernet/stmicro/stmmac/enh_desc.o
  CC [M]  drivers/mtd/mtdswap.o
  CC [M]  drivers/gpu/drm/nouveau/nvkm/engine/fifo/nv17.o
  CC [M]  drivers/hid/hid-roccat-kovaplus.o
  CC [M]  drivers/bluetooth/hci_ag6xx.o
  CC [M]  drivers/infiniband/core/cache.o
  CC [M]  drivers/bcma/driver_chipcommon_b.o
  CC [M]  drivers/net/ethernet/sfc/nic.o
  CC [M]  drivers/net/ethernet/mellanox/mlxsw/minimal.o
  CC [M]  drivers/vhost/vdpa.o
  CC [M]  drivers/net/ethernet/mellanox/mlx5/core/en/htb.o
  CC [M]  drivers/net/ethernet/sfc/ef10.o
  LD [M]  drivers/ssb/ssb.o
  CC [M]  drivers/infiniband/sw/rxe/rxe_queue.o
  CC [M]  drivers/greybus/interface.o
  CC [M]  drivers/infiniband/hw/qib/qib_qsfp.o
  LD [M]  drivers/infiniband/ulp/iser/ib_iser.o
  CC [M]  drivers/infiniband/sw/rdmavt/mr.o
  CC [M]  drivers/gpu/drm/drm_property.o
  CC [M]  drivers/infiniband/ulp/opa_vnic/opa_vnic_vema_iface.o
  CC [M]  drivers/net/ethernet/stmicro/stmmac/norm_desc.o
  LD [M]  drivers/infiniband/hw/efa/efa.o
  CC      fs/timerfd.o
  CC [M]  drivers/infiniband/ulp/rtrs/rtrs-clt-trace.o
  CC [M]  drivers/comedi/drivers/tests/comedi_example_test.o
  CC [M]  drivers/vhost/vhost.o
  CC [M]  drivers/gpu/drm/amd/amdgpu/../pm/powerplay/smumgr/smu7_smumgr.o
  CC [M]  drivers/gpu/drm/nouveau/nvkm/engine/fifo/nv40.o
  CC [M]  drivers/comedi/drivers/comedi_8254.o
  CC [M]  drivers/net/ethernet/sfc/falcon/txc43128_phy.o
  LD [M]  drivers/comedi/kcomedilib/kcomedilib.o
  CC [M]  drivers/hid/hid-roccat-lua.o
  CC [M]  drivers/infiniband/core/netlink.o
  CC [M]  drivers/comedi/drivers/tests/ni_routes_test.o
  CC [M]  drivers/net/ethernet/netronome/nfp/abm/ctrl.o
  CC [M]  drivers/bluetooth/hci_mrvl.o
  CC [M]  drivers/infiniband/hw/mthca/mthca_memfree.o
  LD [M]  drivers/mtd/mtd.o
  LD [M]  drivers/mtd/nftl.o
  LD [M]  drivers/mtd/inftl.o
  CC [M]  drivers/bluetooth/bcm203x.o
  CC [M]  drivers/bcma/driver_chipcommon_sflash.o
  CC [M]  drivers/net/ethernet/stmicro/stmmac/mmc_core.o
  CC [M]  drivers/infiniband/sw/rxe/rxe_verbs.o
  CC      fs/eventfd.o
  CC [M]  drivers/infiniband/hw/cxgb4/resource.o
  CC [M]  drivers/infiniband/hw/qib/qib_rc.o
  CC [M]  drivers/gpu/drm/drm_syncobj.o
  CC [M]  drivers/gpu/drm/nouveau/nvkm/engine/fifo/nv50.o
  CC [M]  drivers/infiniband/sw/siw/siw_qp_rx.o
  CC [M]  drivers/hid/hid-roccat-pyra.o
  LD [M]  drivers/infiniband/ulp/opa_vnic/opa_vnic.o
  CC [M]  drivers/infiniband/ulp/rtrs/rtrs-srv.o
  CC [M]  drivers/greybus/bundle.o
  AR      drivers/net/ethernet/wangxun/built-in.a
  CC [M]  drivers/greybus/connection.o
  CC [M]  drivers/infiniband/hw/qib/qib_ruc.o
  CC [M]  drivers/hid/hid-roccat-ryos.o
  LD [M]  drivers/net/ethernet/mellanox/mlxsw/mlxsw_core.o
  CC [M]  drivers/rpmsg/rpmsg_core.o
  CC [M]  drivers/infiniband/hw/cxgb4/ev.o
  CC [M]  drivers/net/ethernet/mellanox/mlx5/core/en/trap.o
  AR      drivers/net/ethernet/wiznet/built-in.a
  CC [M]  drivers/net/ethernet/wiznet/w5100.o
  LD [M]  drivers/net/ethernet/mellanox/mlxsw/mlxsw_pci.o
  CC [M]  drivers/bcma/driver_pci.o
  LD [M]  drivers/net/ethernet/mellanox/mlxsw/mlxsw_i2c.o
  CC [M]  drivers/gpu/drm/amd/amdgpu/../pm/powerplay/smumgr/vega10_smumgr.o
  LD [M]  drivers/net/ethernet/mellanox/mlxsw/mlxsw_spectrum.o
  CC [M]  drivers/net/ethernet/sfc/falcon/falcon_boards.o
  CC [M]  drivers/comedi/drivers/comedi_isadma.o
  CC [M]  drivers/net/ethernet/netronome/nfp/abm/qdisc.o
  CC [M]  drivers/bluetooth/bpa10x.o
  CC [M]  drivers/net/ethernet/stmicro/stmmac/stmmac_hwtstamp.o
  CC      fs/userfaultfd.o
  CC [M]  drivers/comedi/comedi_pci.o
  CC [M]  drivers/gpu/drm/nouveau/nvkm/engine/fifo/g84.o
  CC [M]  drivers/infiniband/hw/mthca/mthca_uar.o
  CC [M]  drivers/net/ethernet/sfc/tx.o
  LD [M]  drivers/net/ethernet/mellanox/mlxsw/mlxsw_minimal.o
  CC [M]  drivers/infiniband/sw/rxe/rxe_av.o
  CC [M]  drivers/infiniband/sw/rdmavt/pd.o
  CC [M]  drivers/infiniband/core/roce_gid_mgmt.o
  CC [M]  drivers/comedi/comedi_pcmcia.o
  CC [M]  drivers/hid/hid-roccat-savu.o
  CC [M]  drivers/gpu/drm/nouveau/nvkm/engine/fifo/g98.o
  CC [M]  drivers/vhost/iotlb.o
  CC [M]  drivers/rpmsg/rpmsg_char.o
  CC [M]  drivers/hid/hid-rmi.o
  CC [M]  drivers/comedi/comedi_usb.o
  CC [M]  drivers/infiniband/hw/irdma/cm.o
  CC [M]  drivers/greybus/control.o
  CC [M]  drivers/bcma/driver_pcie2.o
  CC [M]  drivers/infiniband/sw/siw/siw_verbs.o
  CC [M]  drivers/comedi/drivers/comedi_bond.o
  CC [M]  drivers/net/ethernet/sfc/falcon/mtd.o
  CC [M]  drivers/infiniband/hw/qib/qib_sdma.o
  CC [M]  drivers/net/ethernet/stmicro/stmmac/stmmac_ptp.o
  CC [M]  drivers/infiniband/hw/irdma/ctrl.o
  CC [M]  drivers/infiniband/hw/cxgb4/id_table.o
  CC [M]  drivers/net/ethernet/mellanox/mlx5/core/en/fs_tt_redirect.o
  CC [M]  drivers/bcma/driver_gmac_cmn.o
  CC [M]  drivers/bluetooth/bfusb.o
  CC [M]  drivers/infiniband/hw/qib/qib_sysfs.o
  CC [M]  drivers/hid/hid-saitek.o
  CC [M]  drivers/infiniband/ulp/rtrs/rtrs-srv-stats.o
  CC [M]  drivers/infiniband/hw/mthca/mthca_srq.o
  CC [M]  drivers/gpu/drm/nouveau/nvkm/engine/fifo/gf100.o
  CC [M]  drivers/infiniband/sw/rdmavt/qp.o
  CC [M]  drivers/gpu/drm/amd/amdgpu/../pm/powerplay/smumgr/smu10_smumgr.o
  LD [M]  drivers/vhost/vhost_net.o
  CC [M]  drivers/net/ethernet/wiznet/w5100-spi.o
  CC [M]  drivers/infiniband/sw/rxe/rxe_srq.o
  CC [M]  drivers/gpu/drm/nouveau/nvkm/engine/fifo/gk104.o
  LD [M]  drivers/vhost/vhost_scsi.o
  CC [M]  drivers/net/ethernet/netronome/nfp/abm/main.o
  LD [M]  drivers/vhost/vhost_vsock.o
  LD [M]  drivers/vhost/vhost_vdpa.o
  LD [M]  drivers/vhost/vhost_iotlb.o
  CC [M]  drivers/infiniband/hw/irdma/hmc.o
  CC [M]  drivers/infiniband/hw/mthca/mthca_catas.o
  CC [M]  drivers/comedi/drivers/comedi_test.o
  CC [M]  drivers/greybus/svc.o
  CC [M]  drivers/rpmsg/rpmsg_ns.o
  CC [M]  drivers/bcma/driver_gpio.o
  CC [M]  drivers/comedi/drivers/comedi_parport.o
  CC [M]  drivers/comedi/drivers/amplc_dio200.o
  CC      fs/aio.o
  CC [M]  drivers/infiniband/hw/mlx4/ah.o
  CC [M]  drivers/infiniband/sw/rxe/rxe_qp.o
  CC [M]  drivers/hid/hid-samsung.o
  CC [M]  drivers/net/ethernet/stmicro/stmmac/dwmac4_descs.o
  LD [M]  drivers/net/ethernet/sfc/falcon/sfc-falcon.o
  CC [M]  drivers/infiniband/ulp/rtrs/rtrs-srv-sysfs.o
  CC [M]  drivers/infiniband/hw/cxgb4/restrack.o
  CC [M]  drivers/net/ethernet/sfc/tx_common.o
  CC [M]  drivers/infiniband/core/mr_pool.o
  CC [M]  drivers/bluetooth/dtl1_cs.o
  CC [M]  drivers/infiniband/hw/mlx4/cq.o
  CC [M]  drivers/infiniband/hw/qib/qib_twsi.o
  CC [M]  drivers/infiniband/hw/mlx5/ah.o
  CC [M]  drivers/bcma/host_pci.o
  CC [M]  drivers/net/ethernet/wiznet/w5300.o
  CC [M]  drivers/infiniband/hw/mlx5/cmd.o
  CC [M]  drivers/net/ethernet/mellanox/mlx5/core/en/selq.o
  CC [M]  drivers/infiniband/hw/ocrdma/ocrdma_main.o
  CC [M]  drivers/comedi/drivers/amplc_pc236.o
  CC [M]  drivers/gpu/drm/nouveau/nvkm/engine/fifo/gk110.o
  CC [M]  drivers/infiniband/hw/ocrdma/ocrdma_verbs.o
  CC [M]  drivers/infiniband/hw/ocrdma/ocrdma_hw.o
  CC [M]  drivers/rpmsg/qcom_glink_native.o
  LD [M]  drivers/infiniband/hw/mthca/ib_mthca.o
  LD [M]  drivers/infiniband/sw/siw/siw.o
  CC [M]  drivers/infiniband/hw/ocrdma/ocrdma_ah.o
  CC [M]  drivers/infiniband/hw/qib/qib_tx.o
  CC [M]  drivers/gpu/drm/amd/amdgpu/../pm/powerplay/smumgr/ci_smumgr.o
  CC [M]  drivers/net/ethernet/netronome/nfp/crypto/ipsec.o
  CC [M]  drivers/hid/hid-semitek.o
  AR      drivers/net/ethernet/xilinx/built-in.a
  CC [M]  drivers/net/ethernet/xilinx/ll_temac_main.o
  CC [M]  drivers/greybus/svc_watchdog.o
  CC [M]  drivers/net/ethernet/stmicro/stmmac/dwmac4_dma.o
  CC [M]  drivers/comedi/drivers/amplc_pc263.o
  CC [M]  drivers/bcma/host_soc.o
  CC [M]  drivers/gpu/drm/nouveau/nvkm/engine/fifo/gk208.o
  CC [M]  drivers/infiniband/sw/rxe/rxe_cq.o
  CC [M]  drivers/infiniband/ulp/rtrs/rtrs-srv-trace.o
  CC [M]  drivers/bluetooth/bt3c_cs.o
  CC [M]  drivers/hid/hid-sjoy.o
  CC [M]  drivers/hid/hid-sony.o
  CC [M]  drivers/hid/hid-speedlink.o
  CC [M]  drivers/net/ethernet/xilinx/ll_temac_mdio.o
  CC [M]  drivers/net/ethernet/sfc/tx_tso.o
  CC [M]  drivers/comedi/drivers/pcl711.o
  CC [M]  drivers/hid/hid-steam.o
  CC [M]  drivers/rpmsg/qcom_glink_ssr.o
  LD [M]  drivers/infiniband/hw/cxgb4/iw_cxgb4.o
  CC [M]  drivers/infiniband/hw/mlx5/cong.o
  CC [M]  drivers/greybus/operation.o
  LD [M]  drivers/bcma/bcma.o
  CC [M]  drivers/hid/hid-steelseries.o
  CC [M]  drivers/infiniband/hw/mlx4/doorbell.o
  CC [M]  drivers/net/ethernet/mellanox/mlx5/core/lib/crypto.o
  AR      drivers/net/ethernet/xircom/built-in.a
  CC [M]  drivers/net/ethernet/xircom/xirc2ps_cs.o
  CC [M]  drivers/infiniband/core/addr.o
  AR      drivers/net/ethernet/synopsys/built-in.a
  CC [M]  drivers/net/ethernet/synopsys/dwc-xlgmac-net.o
  CC [M]  drivers/infiniband/hw/qib/qib_uc.o
  CC [M]  drivers/net/ethernet/netronome/nfp/nfd3/ipsec.o
  CC [M]  drivers/infiniband/sw/rxe/rxe_mr.o
  CC [M]  drivers/gpu/drm/nouveau/nvkm/engine/fifo/gk20a.o
  CC [M]  drivers/net/ethernet/netronome/nfp/nfdk/ipsec.o
  CC [M]  drivers/comedi/drivers/pcl724.o
  CC [M]  drivers/net/ethernet/stmicro/stmmac/dwmac4_lib.o
  CC [M]  drivers/infiniband/hw/mlx5/counters.o
  CC [M]  drivers/soundwire/bus_type.o
  CC      fs/dax.o
  CC [M]  drivers/infiniband/sw/rdmavt/rc.o
  CC [M]  drivers/net/ethernet/xilinx/xilinx_emaclite.o
  LD [M]  drivers/infiniband/ulp/rtrs/rtrs-core.o
  CC [M]  drivers/iio/accel/adis16201.o
  CC [M]  drivers/ipack/devices/ipoctal.o
  LD [M]  drivers/infiniband/ulp/rtrs/rtrs-client.o
  LD [M]  drivers/infiniband/ulp/rtrs/rtrs-server.o
  CC [M]  drivers/net/ethernet/synopsys/dwc-xlgmac-desc.o
  CC      fs/locks.o
  CC [M]  drivers/rpmsg/qcom_glink_rpm.o
  CC [M]  drivers/bluetooth/bluecard_cs.o
  CC [M]  drivers/infiniband/hw/ocrdma/ocrdma_stats.o
  CC [M]  drivers/ntb/hw/idt/ntb_hw_idt.o
  CC [M]  drivers/iio/accel/adis16209.o
  CC [M]  drivers/hid/hid-sunplus.o
  CC [M]  drivers/comedi/drivers/pcl726.o
  CC [M]  drivers/gpu/drm/nouveau/nvkm/engine/fifo/gm107.o
  CC [M]  drivers/net/ethernet/sfc/rx.o
  CC [M]  drivers/infiniband/hw/mlx4/mad.o
  CC [M]  drivers/infiniband/hw/irdma/hw.o
  CC [M]  drivers/infiniband/sw/rdmavt/srq.o
  CC [M]  drivers/infiniband/hw/qib/qib_ud.o
  CC [M]  drivers/gpu/drm/amd/amdgpu/../pm/powerplay/smumgr/vega12_smumgr.o
  CC [M]  drivers/infiniband/hw/qib/qib_user_pages.o
  CC [M]  drivers/net/ethernet/netronome/nfp/nic/dcb.o
  CC [M]  drivers/hid/hid-gaff.o
  CC [M]  drivers/soundwire/bus.o
  CC [M]  drivers/hid/hid-tmff.o
  CC [M]  drivers/rpmsg/virtio_rpmsg_bus.o
  CC [M]  drivers/greybus/es2.o
  CC [M]  drivers/net/ethernet/mellanox/mlx5/core/en_arfs.o
  LD [M]  drivers/greybus/greybus.o
  CC [M]  drivers/ipack/carriers/tpci200.o
  CC [M]  drivers/soundwire/master.o
  CC [M]  drivers/net/ethernet/stmicro/stmmac/dwmac4_core.o
  CC [M]  drivers/infiniband/sw/rxe/rxe_mw.o
  CC [M]  drivers/iio/accel/adxl372.o
  CC [M]  drivers/net/ethernet/xilinx/xilinx_axienet_main.o
  CC [M]  drivers/comedi/drivers/pcl730.o
  CC [M]  drivers/soundwire/slave.o
  CC [M]  drivers/gpu/drm/nouveau/nvkm/engine/fifo/gm200.o
  CC [M]  drivers/net/ethernet/synopsys/dwc-xlgmac-hw.o
  CC [M]  drivers/infiniband/hw/mlx5/cq.o
  CC [M]  drivers/bluetooth/btusb.o
  LD [M]  drivers/infiniband/hw/ocrdma/ocrdma.o
  CC [M]  drivers/infiniband/core/sa_query.o
  CC [M]  drivers/iio/adc/ad_sigma_delta.o
  CC [M]  drivers/ntb/hw/intel/ntb_hw_gen1.o
  CC [M]  drivers/net/ethernet/sfc/rx_common.o
  CC [M]  drivers/hid/hid-thrustmaster.o
  CC [M]  drivers/comedi/drivers/pcl812.o
  CC [M]  drivers/net/ethernet/sfc/selftest.o
  CC [M]  drivers/ipack/ipack.o
  CC [M]  drivers/iio/adc/ad7091r5.o
  CC [M]  drivers/infiniband/sw/rdmavt/trace.o
  CC [M]  drivers/ntb/hw/intel/ntb_hw_gen3.o
  LD [M]  drivers/rpmsg/qcom_glink.o
  CC [M]  drivers/ntb/hw/epf/ntb_hw_epf.o
  CC [M]  drivers/gpu/drm/nouveau/nvkm/engine/fifo/gp100.o
  LD [M]  drivers/greybus/gb-es2.o
  CC [M]  drivers/soundwire/mipi_disco.o
  CC [M]  drivers/infiniband/hw/qib/qib_user_sdma.o
  CC [M]  drivers/net/ethernet/pensando/ionic/ionic_main.o
  CC [M]  drivers/infiniband/sw/rxe/rxe_opcode.o
  LD [M]  drivers/net/ethernet/netronome/nfp/nfp.o
  CC [M]  drivers/ntb/hw/mscc/ntb_hw_switchtec.o
  CC [M]  drivers/gpu/drm/amd/amdgpu/../pm/powerplay/smumgr/vegam_smumgr.o
  CC [M]  drivers/infiniband/hw/mlx4/main.o
  CC [M]  drivers/iio/accel/adxl372_i2c.o
  CC [M]  drivers/infiniband/hw/mlx4/mr.o
  CC [M]  drivers/hid/hid-tivo.o
  CC [M]  drivers/net/ethernet/stmicro/stmmac/dwmac5.o
  CC [M]  drivers/comedi/drivers/pcl816.o
  CC [M]  drivers/infiniband/hw/mlx4/qp.o
  CC [M]  drivers/net/ethernet/xilinx/xilinx_axienet_mdio.o
  CC [M]  drivers/net/ethernet/altera/altera_tse_main.o
  CC [M]  drivers/net/ethernet/mellanox/mlx5/core/en_fs_ethtool.o
  CC [M]  drivers/gpu/drm/drm_sysfs.o
  CC [M]  drivers/infiniband/hw/mlx4/srq.o
  CC [M]  drivers/gpu/drm/nouveau/nvkm/engine/fifo/gv100.o
  CC [M]  drivers/gpu/drm/amd/amdgpu/../pm/powerplay/smumgr/smu9_smumgr.o
  CC [M]  drivers/infiniband/hw/irdma/i40iw_hw.o
  CC      fs/binfmt_script.o
  CC [M]  drivers/infiniband/sw/rxe/rxe_mmap.o
  CC [M]  drivers/soundwire/stream.o
  CC [M]  drivers/iio/adc/ad7091r-base.o
  CC [M]  drivers/ntb/hw/intel/ntb_hw_gen4.o
  CC [M]  drivers/net/ethernet/sfc/ethtool.o
  CC [M]  drivers/net/ethernet/pensando/ionic/ionic_bus_pci.o
  CC [M]  drivers/iio/accel/adxl372_spi.o
  CC [M]  drivers/hid/hid-topseed.o
  CC [M]  drivers/infiniband/hw/mlx5/dm.o
  CC [M]  drivers/infiniband/hw/mlx5/doorbell.o
  CC [M]  drivers/net/ethernet/synopsys/dwc-xlgmac-common.o
  CC [M]  drivers/comedi/drivers/pcl818.o
  CC      fs/binfmt_elf.o
  CC [M]  drivers/mcb/mcb-core.o
  CC [M]  drivers/thunderbolt/nhi.o
  LD [M]  drivers/net/ethernet/xilinx/ll_temac.o
  CC [M]  drivers/gpu/drm/nouveau/nvkm/engine/fifo/tu102.o
  LD [M]  drivers/net/ethernet/xilinx/xilinx_emac.o
  CC [M]  drivers/hwtracing/stm/core.o
  CC [M]  drivers/net/ethernet/altera/altera_tse_ethtool.o
  CC [M]  drivers/infiniband/hw/qib/qib_iba7220.o
  CC [M]  drivers/net/ethernet/stmicro/stmmac/hwif.o
  LD [M]  drivers/infiniband/sw/rdmavt/rdmavt.o
  CC [M]  drivers/hwtracing/stm/policy.o
  LD [M]  drivers/ntb/hw/intel/ntb_hw_intel.o
  CC [M]  drivers/infiniband/hw/irdma/i40iw_if.o
  AR      drivers/net/ethernet/pensando/built-in.a
  CC [M]  drivers/comedi/comedi_fops.o
  CC [M]  drivers/ntb/test/ntb_pingpong.o
  CC [M]  drivers/iio/accel/bma220_spi.o
  CC [M]  drivers/bluetooth/btsdio.o
  CC      fs/compat_binfmt_elf.o
  CC [M]  drivers/infiniband/sw/rxe/rxe_icrc.o
  CC [M]  drivers/infiniband/core/multicast.o
  CC [M]  drivers/net/ethernet/mellanox/mlx5/core/en_dcbnl.o
  CC [M]  drivers/hid/hid-twinhan.o
  CC [M]  drivers/net/ethernet/pensando/ionic/ionic_devlink.o
  CC [M]  drivers/iio/adc/ad7124.o
  CC [M]  drivers/net/ethernet/sfc/ethtool_common.o
  CC [M]  drivers/comedi/drivers/pcm3724.o
  CC [M]  drivers/net/ethernet/ec_bhf.o
  CC [M]  drivers/net/ethernet/synopsys/dwc-xlgmac-ethtool.o
  CC [M]  drivers/iio/addac/stx104.o
  CC [M]  drivers/mcb/mcb-parse.o
  CC [M]  drivers/gpu/drm/amd/amdgpu/../pm/powerplay/smumgr/vega20_smumgr.o
  CC [M]  drivers/gpu/drm/nouveau/nvkm/engine/fifo/ga100.o
  CC [M]  drivers/net/ethernet/pensando/ionic/ionic_dev.o
  CC [M]  drivers/net/ethernet/altera/altera_msgdma.o
  CC [M]  drivers/net/ethernet/synopsys/dwc-xlgmac-pci.o
  CC [M]  drivers/soundwire/sysfs_slave.o
  CC [M]  drivers/iio/accel/bma400_core.o
  CC [M]  drivers/ntb/test/ntb_tool.o
  CC [M]  drivers/infiniband/hw/mlx5/gsi.o
  CC [M]  drivers/infiniband/hw/mlx4/mcg.o
  CC [M]  drivers/net/ethernet/stmicro/stmmac/stmmac_tc.o
  CC      fs/mbcache.o
  CC [M]  drivers/comedi/drivers/rti800.o
  CC [M]  drivers/iio/adc/ad7192.o
  CC [M]  drivers/hwtracing/stm/p_basic.o
  CC [M]  drivers/hid/hid-u2fzero.o
  CC [M]  drivers/bluetooth/btintel.o
  CC [M]  drivers/net/ethernet/stmicro/stmmac/dwxgmac2_core.o
  CC [M]  drivers/infiniband/sw/rxe/rxe_mcast.o
  CC [M]  drivers/mcb/mcb-pci.o
  CC [M]  drivers/thunderbolt/nhi_ops.o
  CC [M]  drivers/soundwire/sysfs_slave_dpn.o
  CC [M]  drivers/infiniband/hw/irdma/icrdma_hw.o
  CC [M]  drivers/comedi/range.o
  CC      fs/posix_acl.o
  CC [M]  drivers/net/ethernet/stmicro/stmmac/dwxgmac2_dma.o
  CC [M]  drivers/comedi/drivers/rti802.o
  CC [M]  drivers/hwtracing/stm/p_sys-t.o
  CC [M]  drivers/net/ethernet/altera/altera_sgdma.o
  CC [M]  drivers/gpu/drm/nouveau/nvkm/engine/fifo/ga102.o
  LD [M]  drivers/net/ethernet/synopsys/dwc-xlgmac.o
  CC [M]  drivers/fpga/fpga-mgr.o
  CC [M]  drivers/net/ethernet/pensando/ionic/ionic_debugfs.o
  CC [M]  drivers/net/ethernet/pensando/ionic/ionic_lif.o
  CC [M]  drivers/gpu/drm/amd/amdgpu/../pm/powerplay/hwmgr/hwmgr.o
  CC [M]  drivers/mcb/mcb-lpc.o
  CC [M]  drivers/thunderbolt/ctl.o
  CC [M]  drivers/hid/hid-uclogic-core.o
  CC [M]  drivers/ntb/test/ntb_perf.o
  CC [M]  drivers/iio/accel/bma400_i2c.o
  CC [M]  drivers/net/ethernet/sfc/ptp.o
  CC [M]  drivers/infiniband/core/mad.o
  CC [M]  drivers/net/ethernet/mellanox/mlx5/core/en/port_buffer.o
  CC [M]  drivers/net/ethernet/sfc/mcdi.o
  CC [M]  drivers/hwtracing/stm/dummy_stm.o
  CC [M]  drivers/soundwire/debugfs.o
  CC [M]  drivers/tee/amdtee/core.o
  CC [M]  drivers/iio/adc/ad7266.o
  CC [M]  drivers/comedi/drivers/dac02.o
  CC [M]  drivers/infiniband/hw/mlx5/ib_virt.o
  CC [M]  drivers/tee/amdtee/call.o
  CC [M]  drivers/gpu/drm/nouveau/nvkm/engine/fifo/ucgrp.o
  CC [M]  drivers/infiniband/core/smi.o
  CC [M]  drivers/gpu/drm/drm_trace_points.o
  LD [M]  drivers/mcb/mcb.o
  CC [M]  drivers/infiniband/hw/irdma/main.o
  CC      fs/coredump.o
  CC [M]  drivers/infiniband/sw/rxe/rxe_task.o
  CC [M]  drivers/infiniband/hw/mlx4/cm.o
  CC [M]  drivers/net/ethernet/altera/altera_utils.o
  CC      fs/drop_caches.o
  CC [M]  drivers/hwtracing/stm/console.o
  CC [M]  drivers/infiniband/hw/qib/qib_sd7220.o
  CC [M]  drivers/net/ethernet/dnet.o
  CC [M]  drivers/net/ethernet/stmicro/stmmac/dwxgmac2_descs.o
  CC [M]  drivers/soundwire/irq.o
  CC [M]  drivers/iio/accel/bma400_spi.o
  CC [M]  drivers/comedi/drivers/das16m1.o
  CC [M]  drivers/iio/adc/ad7280a.o
  CC [M]  drivers/hid/hid-uclogic-rdesc.o
  CC [M]  drivers/net/ethernet/sfc/mcdi_port.o
  CC [M]  drivers/tee/amdtee/shm_pool.o
  CC [M]  drivers/fpga/altera-cvp.o
  CC [M]  drivers/comedi/drivers.o
  CC [M]  drivers/hwtracing/stm/heartbeat.o
  CC [M]  drivers/thunderbolt/tb.o
  CC [M]  drivers/gpu/drm/amd/amdgpu/../pm/powerplay/hwmgr/processpptables.o
  CC [M]  drivers/gpu/drm/nouveau/nvkm/engine/fifo/uchan.o
  CC [M]  drivers/infiniband/hw/irdma/pble.o
  CC [M]  drivers/soundwire/generic_bandwidth_allocation.o
  CC [M]  drivers/mux/core.o
  CC [M]  drivers/ntb/core.o
  LD [M]  drivers/net/ethernet/altera/altera_tse.o
  CC [M]  drivers/infiniband/hw/mlx5/mad.o
  LD [M]  drivers/tee/amdtee/amdtee.o
  CC [M]  drivers/hid/hid-uclogic-params.o
  CC [M]  drivers/tee/tee_core.o
  CC [M]  drivers/iio/accel/bmc150-accel-core.o
  CC [M]  drivers/hwtracing/stm/ftrace.o
  CC [M]  drivers/siox/siox-core.o
  CC [M]  drivers/siox/siox-bus-gpio.o
  CC [M]  drivers/comedi/drivers/das08_isa.o
  CC [M]  drivers/infiniband/sw/rxe/rxe_net.o
  CC [M]  drivers/net/ethernet/stmicro/stmmac/stmmac_xdp.o
  CC [M]  drivers/net/ethernet/mellanox/mlx5/core/lag/mp.o
  CC [M]  drivers/bluetooth/ath3k.o
  CC [M]  drivers/fpga/altera-ps-spi.o
  CC [M]  drivers/infiniband/hw/mlx4/alias_GUID.o
  CC [M]  drivers/gpu/drm/nouveau/nvkm/engine/gr/base.o
  CC [M]  drivers/iio/adc/ad7291.o
  LD [M]  drivers/hwtracing/stm/stm_core.o
  CC [M]  drivers/iio/adc/ad7292.o
  CC [M]  drivers/infiniband/hw/qib/qib_iba7322.o
  LD [M]  drivers/hwtracing/stm/stm_p_basic.o
  LD [M]  drivers/hwtracing/stm/stm_p_sys-t.o
  LD [M]  drivers/hwtracing/stm/stm_console.o
  LD [M]  drivers/hwtracing/stm/stm_heartbeat.o
  CC [M]  drivers/net/ethernet/mellanox/mlx5/core/lag/port_sel.o
  LD [M]  drivers/hwtracing/stm/stm_ftrace.o
  CC [M]  drivers/infiniband/hw/usnic/usnic_fwd.o
  CC [M]  drivers/infiniband/hw/vmw_pvrdma/pvrdma_cmd.o
  CC [M]  drivers/comedi/drivers/das16.o
  CC [M]  drivers/net/ethernet/sfc/mcdi_port_common.o
  CC [M]  drivers/mux/adg792a.o
  CC [M]  drivers/soundwire/cadence_master.o
  CC [M]  drivers/comedi/drivers/das800.o
  CC [M]  drivers/net/ethernet/pensando/ionic/ionic_rx_filter.o
  CC [M]  drivers/infiniband/sw/rxe/rxe_hw_counters.o
  CC [M]  drivers/thunderbolt/switch.o
  CC      fs/sysctls.o
  CC [M]  drivers/ntb/msi.o
  CC [M]  drivers/infiniband/hw/irdma/puda.o
  CC [M]  drivers/fpga/machxo2-spi.o
  CC [M]  drivers/gpu/drm/amd/amdgpu/../pm/powerplay/hwmgr/hardwaremanager.o
  CC [M]  drivers/hid/hid-udraw-ps3.o
  CC      fs/fhandle.o
  CC [M]  drivers/gpu/drm/nouveau/nvkm/engine/gr/nv04.o
  CC [M]  drivers/tee/tee_shm.o
  CC [M]  drivers/bluetooth/btmrvl_main.o
  CC [M]  drivers/net/ethernet/jme.o
  CC [M]  drivers/iio/adc/ad7298.o
  CC [M]  drivers/net/ethernet/stmicro/stmmac/stmmac_platform.o
  CC [M]  drivers/infiniband/hw/mlx5/main.o
  CC [M]  drivers/net/ethernet/fealnx.o
  CC [M]  drivers/mux/adgs1408.o
  CC [M]  drivers/gpu/drm/amd/amdgpu/../pm/powerplay/hwmgr/smu8_hwmgr.o
  CC [M]  drivers/infiniband/hw/usnic/usnic_transport.o
  CC [M]  drivers/infiniband/hw/mlx4/sysfs.o
  CC [M]  drivers/comedi/drivers/das1800.o
  CC [M]  drivers/gpu/drm/drm_vblank.o
  CC [M]  drivers/iio/accel/bmc150-accel-i2c.o
  CC [M]  drivers/net/ethernet/pensando/ionic/ionic_ethtool.o
  CC [M]  drivers/infiniband/hw/vmw_pvrdma/pvrdma_cq.o
  LD [M]  drivers/infiniband/sw/rxe/rdma_rxe.o
  CC [M]  fs/binfmt_misc.o
  CC [M]  drivers/fpga/xilinx-spi.o
  CC [M]  drivers/tee/tee_shm_pool.o
  CC [M]  drivers/net/ethernet/mellanox/mlx5/core/lib/geneve.o
  CC [M]  drivers/hid/hid-led.o
  CC [M]  drivers/net/ethernet/mellanox/mlx5/core/lib/port_tun.o
  CC [M]  drivers/fpga/altera-pr-ip-core.o
  CC [M]  drivers/ntb/ntb_transport.o
  CC [M]  drivers/infiniband/core/agent.o
  CC [M]  drivers/infiniband/core/mad_rmpp.o
  CC [M]  drivers/mux/gpio.o
  CC [M]  drivers/soundwire/intel.o
  CC [M]  drivers/iio/adc/ad7923.o
  CC [M]  drivers/fpga/fpga-bridge.o
  CC [M]  drivers/infiniband/hw/usnic/usnic_uiom.o
  CC [M]  drivers/gpu/drm/nouveau/nvkm/engine/gr/nv10.o
  CC [M]  drivers/iio/accel/bmc150-accel-spi.o
  CC [M]  drivers/comedi/drivers/das6402.o
  CC [M]  drivers/infiniband/hw/qib/qib_verbs.o
  LD [M]  drivers/mux/mux-core.o
  CC [M]  drivers/net/ethernet/sfc/mcdi_functions.o
  LD [M]  drivers/mux/mux-adg792a.o
  CC [M]  drivers/net/ethernet/stmicro/stmmac/dwmac-generic.o
  CC [M]  drivers/gpu/drm/drm_vblank_work.o
  LD [M]  drivers/mux/mux-adgs1408.o
  CC [M]  drivers/hid/hid-xinmo.o
  CC [M]  drivers/net/ethernet/pensando/ionic/ionic_txrx.o
  LD [M]  drivers/mux/mux-gpio.o
  LD [M]  drivers/infiniband/hw/mlx4/mlx4_ib.o
  CC [M]  drivers/infiniband/hw/irdma/trace.o
  CC [M]  drivers/infiniband/hw/vmw_pvrdma/pvrdma_doorbell.o
  CC [M]  drivers/infiniband/hw/qib/qib_iba6120.o
  CC [M]  drivers/thunderbolt/cap.o
  CC [M]  drivers/net/ethernet/sfc/mcdi_filters.o
  CC [M]  drivers/net/ethernet/sfc/mcdi_mon.o
  AR      fs/built-in.a
  LD [M]  drivers/tee/tee.o
  CC [M]  drivers/iio/adc/ad7476.o
  CC [M]  drivers/gpu/drm/amd/amdgpu/../pm/powerplay/hwmgr/pppcielanes.o
  CC [M]  drivers/iio/amplifiers/ad8366.o
  CC [M]  drivers/infiniband/hw/qib/qib_wc_x86_64.o
  CC [M]  drivers/iio/amplifiers/hmc425a.o
  CC [M]  drivers/infiniband/hw/hfi1/affinity.o
  CC [M]  drivers/net/ethernet/mellanox/mlx5/core/en_rep.o
  CC [M]  drivers/gpu/drm/amd/amdgpu/../pm/powerplay/hwmgr/process_pptables_v1_0.o
  CC [M]  drivers/net/ethernet/pensando/ionic/ionic_stats.o
  CC [M]  drivers/bluetooth/btmrvl_debugfs.o
  CC [M]  drivers/comedi/comedi_buf.o
  CC [M]  drivers/fpga/altera-freeze-bridge.o
  CC [M]  drivers/iio/accel/bmi088-accel-core.o
  CC [M]  drivers/infiniband/core/nldev.o
  CC [M]  drivers/comedi/drivers/dt2801.o
  CC [M]  drivers/hid/hid-zpff.o
  CC [M]  drivers/soundwire/intel_ace2x.o
  LD [M]  drivers/ntb/ntb.o
  CC [M]  drivers/infiniband/hw/mlx5/mem.o
  CC [M]  drivers/thunderbolt/path.o
  CC [M]  drivers/iio/accel/bmi088-accel-spi.o
  CC [M]  drivers/infiniband/hw/qib/qib_debugfs.o
  CC [M]  drivers/iio/adc/ad7606_par.o
  CC [M]  drivers/comedi/proc.o
  CC [M]  drivers/gpu/drm/nouveau/nvkm/engine/gr/nv15.o
  CC [M]  drivers/fpga/xilinx-pr-decoupler.o
  CC [M]  drivers/comedi/drivers/dt2811.o
  CC [M]  drivers/infiniband/hw/vmw_pvrdma/pvrdma_main.o
  CC [M]  drivers/infiniband/hw/usnic/usnic_uiom_interval_tree.o
  CC [M]  drivers/net/ethernet/stmicro/stmmac/stmmac_pci.o
  CC [M]  drivers/infiniband/hw/irdma/uda.o
  CC [M]  drivers/infiniband/hw/hfi1/aspm.o
  CC [M]  drivers/gpu/drm/drm_vma_manager.o
  CC [M]  drivers/gpu/drm/drm_gpuva_mgr.o
  CC [M]  drivers/thunderbolt/tunnel.o
  CC [M]  drivers/net/ethernet/pensando/ionic/ionic_fw.o
  CC [M]  drivers/gpu/drm/nouveau/nvkm/engine/gr/nv17.o
  CC [M]  drivers/bluetooth/btmrvl_sdio.o
  CC [M]  drivers/iio/adc/ad7606_spi.o
  CC [M]  drivers/hid/hid-zydacron.o
  CC [M]  drivers/gnss/core.o
  CC [M]  drivers/fpga/fpga-region.o
  CC [M]  drivers/comedi/drivers/dt2814.o
  CC [M]  drivers/iio/accel/da280.o
  CC [M]  drivers/gpu/drm/amd/amdgpu/../pm/powerplay/hwmgr/ppatomctrl.o
  CC [M]  drivers/infiniband/hw/usnic/usnic_vnic.o
  CC [M]  drivers/iio/buffer/industrialio-buffer-cb.o
  CC [M]  drivers/net/ethernet/ethoc.o
  CC [M]  drivers/iio/buffer/industrialio-buffer-dma.o
  CC [M]  drivers/net/ethernet/stmicro/stmmac/dwmac-intel.o
  CC [M]  drivers/iio/adc/ad7606.o
  CC [M]  drivers/soundwire/intel_ace2x_debugfs.o
  CC [M]  drivers/net/ethernet/sfc/ef100.o
  CC [M]  drivers/comedi/drivers/dt2815.o
  CC [M]  drivers/infiniband/hw/mlx5/mr.o
  CC [M]  drivers/gpu/drm/nouveau/nvkm/engine/gr/nv20.o
  CC [M]  drivers/counter/counter-core.o
  CC [M]  drivers/counter/counter-sysfs.o
  CC [M]  drivers/net/ethernet/pensando/ionic/ionic_phc.o
  CC [M]  drivers/net/ethernet/mellanox/mlx5/core/en/rep/bond.o
  CC [M]  drivers/iio/buffer/industrialio-buffer-dmaengine.o
  CC [M]  drivers/hid/hid-viewsonic.o
  CC [M]  drivers/infiniband/hw/usnic/usnic_ib_main.o
  CC [M]  drivers/fpga/dfl.o
  CC [M]  drivers/iio/buffer/industrialio-hw-consumer.o
  CC [M]  drivers/iio/adc/ad7766.o
  LD [M]  drivers/infiniband/hw/qib/ib_qib.o
  CC [M]  drivers/iio/accel/da311.o
  CC [M]  drivers/gpu/drm/nouveau/nvkm/engine/gr/nv25.o
  CC [M]  drivers/infiniband/hw/hfi1/chip.o
  CC [M]  drivers/infiniband/hw/irdma/uk.o
  CC [M]  drivers/infiniband/hw/vmw_pvrdma/pvrdma_misc.o
  CC [M]  drivers/gpu/drm/drm_writeback.o
  CC [M]  drivers/gnss/serial.o
  CC [M]  drivers/iio/accel/dmard09.o
  CC [M]  drivers/bluetooth/btmtksdio.o
  CC [M]  drivers/comedi/drivers/dt2817.o
  CC [M]  drivers/gpu/drm/nouveau/nvkm/engine/gr/nv2a.o
  CC [M]  drivers/soundwire/intel_auxdevice.o
  CC [M]  drivers/hid/wacom_wac.o
  CC [M]  drivers/iio/adc/ad7768-1.o
  CC [M]  drivers/hid/wacom_sys.o
  CC [M]  drivers/thunderbolt/eeprom.o
  CC [M]  drivers/gpu/drm/amd/amdgpu/../pm/powerplay/hwmgr/ppatomfwctrl.o
  LD [M]  drivers/net/ethernet/stmicro/stmmac/stmmac.o
  CC [M]  drivers/infiniband/hw/hfi1/device.o
  CC [M]  drivers/iio/accel/dmard10.o
  CC [M]  drivers/iio/chemical/atlas-sensor.o
  CC [M]  drivers/iio/cdc/ad7150.o
  CC [M]  drivers/counter/counter-chrdev.o
  LD [M]  drivers/net/ethernet/stmicro/stmmac/stmmac-platform.o
  CC [M]  drivers/infiniband/core/restrack.o
  CC [M]  drivers/iio/dac/ad5360.o
  CC [M]  drivers/iio/common/cros_ec_sensors/cros_ec_sensors_core.o
  LD [M]  drivers/net/ethernet/stmicro/stmmac/stmmac-pci.o
  CC [M]  drivers/iio/buffer/industrialio-triggered-buffer.o
  LD [M]  drivers/net/ethernet/pensando/ionic/ionic.o
  CC [M]  drivers/iio/common/hid-sensors/hid-sensor-attributes.o
  CC [M]  drivers/comedi/drivers/dt282x.o
  CC [M]  drivers/net/ethernet/mellanox/mlx5/core/en/mod_hdr.o
  CC [M]  drivers/gpu/drm/drm_ioc32.o
  CC [M]  drivers/iio/dummy/iio_simple_dummy.o
  CC [M]  drivers/net/ethernet/sfc/ef100_nic.o
  CC [M]  drivers/gnss/mtk.o
  CC [M]  drivers/infiniband/hw/vmw_pvrdma/pvrdma_mr.o
  CC [M]  drivers/gpu/drm/nouveau/nvkm/engine/gr/nv30.o
  CC [M]  drivers/infiniband/hw/usnic/usnic_ib_qp_grp.o
  CC [M]  drivers/iio/dac/ad5380.o
  CC [M]  drivers/iio/accel/fxls8962af-core.o
  CC [M]  drivers/soundwire/intel_init.o
  CC [M]  drivers/thunderbolt/domain.o
  LD [M]  drivers/iio/dummy/iio_dummy.o
  CC [M]  drivers/fpga/dfl-fme-main.o
  CC [M]  drivers/iio/adc/ad7780.o
  CC [M]  drivers/gpu/drm/nouveau/nvkm/engine/gr/nv34.o
  CC [M]  drivers/iio/gyro/adis16080.o
  CC [M]  drivers/iio/buffer/kfifo_buf.o
  CC [M]  drivers/iio/chemical/atlas-ezo-sensor.o
  CC [M]  drivers/iio/cdc/ad7746.o
  CC [M]  drivers/bluetooth/btmtkuart.o
  CC [M]  drivers/net/ethernet/sfc/ef100_netdev.o
  CC [M]  drivers/iio/common/cros_ec_sensors/cros_ec_sensors.o
  CC [M]  drivers/infiniband/hw/irdma/utils.o
  CC [M]  drivers/counter/i8254.o
  CC [M]  drivers/comedi/drivers/dmm32at.o
  CC [M]  drivers/gpu/drm/amd/amdgpu/../pm/powerplay/hwmgr/smu7_hwmgr.o
  CC [M]  drivers/iio/common/inv_sensors/inv_sensors_timestamp.o
  CC [M]  drivers/gnss/sirf.o
  CC [M]  drivers/infiniband/hw/mlx5/qp.o
  CC [M]  drivers/net/ethernet/mellanox/mlx5/core/en/mapping.o
  CC [M]  drivers/infiniband/hw/qedr/main.o
  CC [M]  drivers/infiniband/hw/usnic/usnic_ib_sysfs.o
  CC [M]  drivers/iio/common/hid-sensors/hid-sensor-trigger.o
  CC [M]  drivers/iio/dac/ad5421.o
  CC [M]  drivers/iio/gyro/adis16130.o
  CC [M]  drivers/iio/common/cros_ec_sensors/cros_ec_lid_angle.o
  CC [M]  drivers/fpga/dfl-fme-pr.o
  CC [M]  drivers/iio/adc/ad7791.o
  CC [M]  drivers/infiniband/hw/vmw_pvrdma/pvrdma_qp.o
  CC [M]  drivers/gpu/drm/nouveau/nvkm/engine/gr/nv35.o
  CC [M]  drivers/iio/chemical/bme680_core.o
  CC [M]  drivers/thunderbolt/dma_port.o
  CC [M]  drivers/iio/chemical/bme680_i2c.o
  CC [M]  drivers/iio/dac/ad5624r_spi.o
  CC [M]  drivers/iio/chemical/bme680_spi.o
  CC [M]  drivers/comedi/drivers/fl512.o
  CC [M]  drivers/net/ethernet/mellanox/mlx5/core/lag/mpesw.o
  CC [M]  drivers/iio/chemical/ccs811.o
  CC [M]  drivers/iio/adc/ad7793.o
  CC [M]  drivers/infiniband/core/counters.o
  CC [M]  drivers/iio/adc/ad7887.o
  CC [M]  drivers/bluetooth/btbcm.o
  CC [M]  drivers/soundwire/dmi-quirks.o
  CC [M]  drivers/gnss/ubx.o
  CC [M]  drivers/soundwire/intel_bus_common.o
  CC [M]  drivers/iio/gyro/adis16136.o
  CC [M]  drivers/counter/104-quad-8.o
  CC [M]  drivers/fpga/dfl-fme-error.o
  CC [M]  drivers/iio/accel/fxls8962af-i2c.o
  CC [M]  drivers/iio/chemical/ams-iaq-core.o
  CC [M]  drivers/infiniband/hw/vmw_pvrdma/pvrdma_srq.o
  CC [M]  drivers/net/ethernet/sfc/ef100_ethtool.o
  CC [M]  drivers/gpu/drm/nouveau/nvkm/engine/gr/nv40.o
  CC [M]  drivers/thunderbolt/icm.o
  CC [M]  drivers/most/core.o
  CC [M]  drivers/hid/hid-waltop.o
  CC [M]  drivers/comedi/drivers/aio_aio12_8.o
  CC [M]  drivers/gpu/drm/amd/amdgpu/../pm/powerplay/hwmgr/smu7_powertune.o
  CC [M]  drivers/net/ethernet/mellanox/mlx5/core/en_tc.o
  CC [M]  drivers/iio/dac/ad5064.o
  CC [M]  drivers/infiniband/hw/usnic/usnic_ib_verbs.o
  CC [M]  drivers/infiniband/core/ib_core_uverbs.o
  LD [M]  drivers/gnss/gnss.o
  CC [M]  drivers/iio/accel/fxls8962af-spi.o
  LD [M]  drivers/gnss/gnss-serial.o
  LD [M]  drivers/gnss/gnss-mtk.o
  CC [M]  drivers/comedi/drivers/aio_iiro_16.o
  LD [M]  drivers/iio/common/hid-sensors/hid-sensor-iio-common.o
  LD [M]  drivers/gnss/gnss-sirf.o
  LD [M]  drivers/gnss/gnss-ubx.o
  CC [M]  drivers/iio/common/ms_sensors/ms_sensors_i2c.o
  CC [M]  drivers/gpu/drm/drm_panel.o
  CC [M]  drivers/iio/adc/ad7949.o
  CC [M]  drivers/infiniband/hw/qedr/verbs.o
  CC [M]  drivers/soundwire/qcom.o
  CC [M]  drivers/gpu/drm/amd/amdgpu/../pm/powerplay/hwmgr/smu7_thermal.o
  CC [M]  drivers/fpga/dfl-fme-perf.o
  CC [M]  drivers/iio/gyro/adis16260.o
  CC [M]  drivers/fpga/dfl-fme-mgr.o
  CC [M]  drivers/iio/chemical/pms7003.o
  CC [M]  drivers/gpu/drm/drm_pci.o
  LD [M]  drivers/soundwire/soundwire-bus.o
  CC [M]  drivers/infiniband/hw/irdma/verbs.o
  CC [M]  drivers/net/ethernet/sfc/ef100_rx.o
  CC [M]  drivers/hid/hid-wiimote-core.o
  CC [M]  drivers/counter/interrupt-cnt.o
  CC [M]  drivers/iio/accel/hid-sensor-accel-3d.o
  CC [M]  drivers/gpu/drm/nouveau/nvkm/engine/gr/nv44.o
  CC [M]  drivers/comedi/drivers/ii_pci20kc.o
  CC [M]  drivers/infiniband/hw/vmw_pvrdma/pvrdma_verbs.o
  CC [M]  drivers/iio/dac/ad5504.o
  CC [M]  drivers/bluetooth/btrtl.o
  CC [M]  drivers/bluetooth/btqca.o
  CC [M]  drivers/iio/frequency/ad9523.o
  CC [M]  drivers/iio/adc/ad799x.o
  CC [M]  drivers/iio/chemical/scd30_core.o
  CC [M]  drivers/iio/gyro/adxrs290.o
  CC [M]  drivers/infiniband/core/trace.o
  CC [M]  drivers/counter/intel-qep.o
  CC [M]  drivers/iio/frequency/adf4350.o
  CC [M]  drivers/most/configfs.o
  CC [M]  drivers/infiniband/hw/usnic/usnic_debugfs.o
  CC [M]  drivers/fpga/dfl-fme-br.o
  CC [M]  drivers/infiniband/hw/bnxt_re/main.o
  CC [M]  drivers/infiniband/hw/qedr/qedr_roce_cm.o
  CC [M]  drivers/comedi/drivers/c6xdigio.o
  CC [M]  drivers/iio/common/ssp_sensors/ssp_dev.o
  LD [M]  drivers/soundwire/soundwire-generic-allocation.o
  LD [M]  drivers/soundwire/soundwire-cadence.o
  CC [M]  drivers/iio/accel/kxcjk-1013.o
  CC [M]  drivers/gpu/drm/nouveau/nvkm/engine/gr/nv50.o
  LD [M]  drivers/soundwire/soundwire-intel.o
  CC [M]  drivers/thunderbolt/property.o
  LD [M]  drivers/soundwire/soundwire-qcom.o
  CC [M]  drivers/iio/adc/axp20x_adc.o
  CC [M]  drivers/iio/common/st_sensors/st_sensors_i2c.o
  CC [M]  drivers/comedi/drivers/mpc624.o
  CC [M]  drivers/net/ethernet/sfc/ef100_tx.o
  CC [M]  drivers/iio/dac/ad5446.o
  CC [M]  drivers/hid/hid-wiimote-modules.o
  CC [M]  drivers/iio/frequency/adf4371.o
  CC [M]  drivers/iio/gyro/adxrs450.o
  LD [M]  drivers/counter/counter.o
  CC [M]  drivers/net/ethernet/sfc/efx_devlink.o
  CC [M]  drivers/hid/hid-wiimote-debug.o
  LD [M]  drivers/infiniband/hw/vmw_pvrdma/vmw_pvrdma.o
  CC [M]  drivers/fpga/dfl-fme-region.o
  CC [M]  drivers/iio/adc/axp288_adc.o
  CC [M]  drivers/gpu/drm/drm_debugfs.o
  CC [M]  drivers/iio/adc/cc10001_adc.o
  CC [M]  drivers/comedi/drivers/adq12b.o
  CC [M]  drivers/gpu/drm/amd/amdgpu/../pm/powerplay/hwmgr/smu7_clockpowergating.o
  CC [M]  drivers/most/most_usb.o
  CC [M]  drivers/iio/chemical/scd30_i2c.o
  CC [M]  drivers/iio/common/ssp_sensors/ssp_spi.o
  LD [M]  drivers/infiniband/hw/usnic/usnic_verbs.o
  CC [M]  drivers/gpu/drm/nouveau/nvkm/engine/gr/g84.o
  CC [M]  drivers/infiniband/hw/mlx5/qpc.o
  CC [M]  drivers/fpga/dfl-afu-main.o
  CC [M]  drivers/net/ethernet/mellanox/mlx5/core/en/rep/tc.o
  CC [M]  drivers/most/most_cdev.o
  CC [M]  drivers/iio/dac/ad5449.o
  CC [M]  drivers/comedi/drivers/ni_at_a2150.o
  CC [M]  drivers/iio/accel/kxsd9.o
  CC [M]  drivers/infiniband/core/lag.o
  CC [M]  drivers/iio/common/ssp_sensors/ssp_iio.o
  CC [M]  drivers/infiniband/hw/mlx5/restrack.o
  CC [M]  drivers/thunderbolt/xdomain.o
  CC [M]  drivers/iio/gyro/bmg160_core.o
  CC [M]  drivers/infiniband/hw/hfi1/driver.o
  CC [M]  drivers/iio/adc/da9150-gpadc.o
  CC [M]  drivers/iio/common/st_sensors/st_sensors_spi.o
  CC [M]  drivers/gpu/drm/drm_debugfs_crc.o
  CC [M]  drivers/bluetooth/btmtk.o
  CC [M]  drivers/infiniband/core/security.o
  CC [M]  drivers/iio/chemical/scd30_serial.o
  CC [M]  drivers/gpu/drm/amd/amdgpu/../pm/powerplay/hwmgr/vega10_processpptables.o
  CC [M]  drivers/infiniband/hw/qedr/qedr_iw_cm.o
  CC [M]  drivers/fpga/dfl-afu-region.o
  CC [M]  drivers/infiniband/hw/bnxt_re/ib_verbs.o
  CC [M]  drivers/gpu/drm/nouveau/nvkm/engine/gr/gt200.o
  CC [M]  drivers/net/ethernet/sfc/mtd.o
  CC [M]  drivers/hid/hid-sensor-hub.o
  CC [M]  drivers/infiniband/hw/irdma/ws.o
  CC [M]  drivers/fpga/dfl-afu-dma-region.o
  CC [M]  drivers/net/ethernet/sfc/sriov.o
  CC [M]  drivers/iio/dac/ad5592r-base.o
  CC [M]  drivers/most/most_snd.o
  LD [M]  drivers/iio/common/ssp_sensors/sensorhub.o
  CC [M]  drivers/fpga/dfl-afu-error.o
  CC [M]  drivers/iio/gyro/bmg160_i2c.o
  CC [M]  drivers/infiniband/hw/mlx5/srq.o
  CC [M]  drivers/infiniband/hw/bnxt_re/qplib_res.o
  CC [M]  drivers/comedi/drivers/ni_at_ao.o
  CC [M]  drivers/iio/adc/dln2-adc.o
  CC [M]  drivers/iio/chemical/sgp30.o
  CC [M]  drivers/iio/accel/kxsd9-spi.o
  CC [M]  drivers/iio/common/st_sensors/st_sensors_core.o
  CC [M]  drivers/iio/adc/hi8435.o
  CC [M]  drivers/infiniband/hw/hfi1/efivar.o
  CC [M]  drivers/net/ethernet/mellanox/mlx5/core/en/rep/neigh.o
  CC [M]  drivers/gpu/drm/nouveau/nvkm/engine/gr/mcp79.o
  CC [M]  drivers/infiniband/hw/bnxt_re/qplib_rcfw.o
  CC [M]  drivers/hid/hid-sensor-custom.o
  CC [M]  drivers/bluetooth/virtio_bt.o
  CC [M]  drivers/iio/dac/ad5592r.o
  CC [M]  drivers/comedi/drivers/ni_atmio.o
  CC [M]  drivers/fpga/dfl-n3000-nios.o
  CC [M]  drivers/fpga/dfl-pci.o
  CC [M]  drivers/comedi/drivers/ni_atmio16d.o
  CC [M]  drivers/iio/gyro/bmg160_spi.o
  LD [M]  drivers/most/most_core.o
  CC [M]  drivers/iio/chemical/sgp40.o
  CC [M]  drivers/gpu/drm/amd/amdgpu/../pm/powerplay/hwmgr/vega10_hwmgr.o
  CC [M]  drivers/iio/accel/kxsd9-i2c.o
  CC [M]  drivers/iio/chemical/sps30.o
  CC [M]  drivers/infiniband/hw/mlx5/srq_cmd.o
  CC [M]  drivers/iio/adc/hx711.o
  CC [M]  drivers/net/ethernet/sfc/ef10_sriov.o
  LD [M]  drivers/infiniband/hw/irdma/irdma.o
  CC [M]  drivers/net/ethernet/mellanox/mlx5/core/lib/fs_chains.o
  LD [M]  drivers/infiniband/hw/qedr/qedr.o
  CC [M]  drivers/thunderbolt/lc.o
  CC [M]  drivers/infiniband/hw/hfi1/eprom.o
  CC [M]  drivers/net/ethernet/sfc/ef100_sriov.o
  CC [M]  drivers/infiniband/hw/mlx5/umr.o
  CC [M]  drivers/gpu/drm/nouveau/nvkm/engine/gr/gt215.o
  CC [M]  drivers/iio/adc/ina2xx-adc.o
  CC [M]  drivers/infiniband/core/cgroup.o
  CC [M]  drivers/iio/dac/ad5593r.o
  CC [M]  drivers/infiniband/hw/mlx5/wr.o
  CC [M]  drivers/thunderbolt/tmu.o
  CC [M]  drivers/iio/gyro/fxas21002c_core.o
  CC [M]  drivers/infiniband/hw/hfi1/exp_rcv.o
  CC [M]  drivers/net/ethernet/sfc/ef100_rep.o
  CC [M]  drivers/infiniband/hw/bnxt_re/qplib_sp.o
  CC [M]  drivers/iio/common/st_sensors/st_sensors_buffer.o
  CC [M]  drivers/bluetooth/hci_nokia.o
  CC [M]  drivers/bluetooth/btrsi.o
  CC [M]  drivers/net/ethernet/mellanox/mlx5/core/en/tc_tun.o
  LD [M]  drivers/fpga/dfl-fme.o
  CC [M]  drivers/iio/accel/mc3230.o
  CC [M]  drivers/comedi/drivers/ni_labpc.o
  LD [M]  drivers/fpga/dfl-afu.o
  CC [M]  drivers/infiniband/hw/bnxt_re/qplib_fp.o
  CC [M]  drivers/net/ethernet/sfc/mae.o
  CC [M]  drivers/gpu/drm/drm_edid_load.o
  CC [M]  drivers/gpu/drm/nouveau/nvkm/engine/gr/mcp89.o
  CC [M]  drivers/iio/dac/ad5755.o
  CC [M]  drivers/net/ethernet/mellanox/mlx5/core/esw/indir_table.o
  CC [M]  drivers/iio/chemical/sps30_i2c.o
  CC [M]  drivers/gpu/drm/amd/amdgpu/../pm/powerplay/hwmgr/vega10_powertune.o
  CC [M]  drivers/iio/adc/intel_mrfld_adc.o
  CC [M]  drivers/iio/common/st_sensors/st_sensors_trigger.o
  CC [M]  drivers/iio/gyro/fxas21002c_i2c.o
  LD [M]  drivers/hid/hid.o
  CC [M]  drivers/iio/accel/mma7455_core.o
  CC [M]  drivers/comedi/drivers/pcmad.o
  LD [M]  drivers/hid/hid-logitech.o
  LD [M]  drivers/hid/hid-picolcd.o
  CC [M]  drivers/gpu/drm/drm_privacy_screen.o
  LD [M]  drivers/hid/hid-uclogic.o
  CC [M]  drivers/infiniband/hw/mlx5/odp.o
  LD [M]  drivers/hid/wacom.o
  CC [M]  drivers/gpu/drm/drm_privacy_screen_x86.o
  CC [M]  drivers/thunderbolt/usb4.o
  CC [M]  drivers/net/ethernet/mellanox/mlx5/core/en/tc_tun_encap.o
  LD [M]  drivers/hid/hid-wiimote.o
  CC [M]  drivers/iio/dac/ad5758.o
  CC [M]  drivers/infiniband/hw/hfi1/file_ops.o
  CC [M]  drivers/iio/adc/lp8788_adc.o
  CC [M]  drivers/gpu/drm/nouveau/nvkm/engine/gr/gf100.o
  CC [M]  drivers/infiniband/core/cm.o
  CC [M]  drivers/infiniband/core/cm_trace.o
  CC [M]  drivers/gpu/drm/amd/amdgpu/../pm/powerplay/hwmgr/vega10_thermal.o
  CC [M]  drivers/infiniband/hw/hfi1/firmware.o
  CC [M]  drivers/gpu/drm/nouveau/nvkm/engine/gr/gf104.o
  CC [M]  drivers/iio/health/afe4403.o
  CC [M]  drivers/iio/humidity/am2315.o
  CC [M]  drivers/iio/chemical/sps30_serial.o
  CC [M]  drivers/iio/gyro/fxas21002c_spi.o
  CC [M]  drivers/gpu/drm/drm_exec.o
  CC [M]  drivers/infiniband/hw/mlx5/ib_rep.o
  CC [M]  drivers/iio/adc/ltc2471.o
  CC [M]  drivers/iio/dac/ad5761.o
  CC [M]  drivers/comedi/drivers/pcmda12.o
  CC [M]  drivers/iio/accel/mma7455_i2c.o
  CC [M]  drivers/iio/health/afe4404.o
  CC [M]  drivers/comedi/drivers/pcmmio.o
  LD [M]  drivers/bluetooth/hci_uart.o
  LD [M]  drivers/iio/common/st_sensors/st_sensors.o
  CC [M]  drivers/comedi/drivers/pcmuio.o
  LD [M]  drivers/bluetooth/btmrvl.o
  LD [M]  drivers/comedi/comedi.o
  CC [M]  drivers/iio/dac/ad5764.o
  CC [M]  drivers/net/ethernet/sfc/tc.o
  CC [M]  drivers/iio/chemical/vz89x.o
  CC [M]  drivers/iio/health/max30100.o
  CC [M]  drivers/infiniband/hw/hfi1/init.o
  CC [M]  drivers/iio/adc/ltc2485.o
  CC [M]  drivers/comedi/drivers/multiq3.o
  CC [M]  drivers/iio/gyro/hid-sensor-gyro-3d.o
  CC [M]  drivers/infiniband/hw/mlx5/devx.o
  CC [M]  drivers/iio/humidity/dht11.o
  CC [M]  drivers/iio/humidity/hdc100x.o
  CC [M]  drivers/infiniband/core/iwcm.o
  CC [M]  drivers/gpu/drm/amd/amdgpu/../pm/powerplay/hwmgr/smu10_hwmgr.o
  CC [M]  drivers/iio/imu/bmi160/bmi160_core.o
  CC [M]  drivers/iio/accel/mma7455_spi.o
  CC [M]  drivers/infiniband/hw/bnxt_re/hw_counters.o
  CC [M]  drivers/gpu/drm/drm_buddy.o
  CC [M]  drivers/thunderbolt/usb4_port.o
  CC [M]  drivers/thunderbolt/nvm.o
  CC [M]  drivers/iio/accel/mma7660.o
  CC [M]  drivers/comedi/drivers/s526.o
  CC [M]  drivers/iio/adc/ltc2496.o
  CC [M]  drivers/iio/dac/ad5766.o
  CC [M]  drivers/net/ethernet/mellanox/mlx5/core/en/tc_tun_vxlan.o
  CC [M]  drivers/iio/health/max30102.o
  CC [M]  drivers/gpu/drm/drm_gem_dma_helper.o
  CC [M]  drivers/net/ethernet/mellanox/mlx5/core/en/tc_tun_gre.o
  CC [M]  drivers/iio/light/acpi-als.o
  CC [M]  drivers/iio/imu/inv_icm42600/inv_icm42600_core.o
  CC [M]  drivers/iio/gyro/mpu3050-core.o
  CC [M]  drivers/iio/magnetometer/ak8975.o
  CC [M]  drivers/infiniband/hw/mlx5/fs.o
  CC [M]  drivers/gpu/drm/nouveau/nvkm/engine/gr/gf108.o
  CC [M]  drivers/net/ethernet/mellanox/mlx5/core/en/tc_tun_geneve.o
  CC [M]  drivers/net/ethernet/sfc/tc_bindings.o
  CC [M]  drivers/iio/humidity/hdc2010.o
  CC [M]  drivers/net/ethernet/sfc/tc_counters.o
  CC [M]  drivers/iio/imu/inv_mpu6050/inv_mpu_core.o
  CC [M]  drivers/iio/imu/st_lsm6dsx/st_lsm6dsx_core.o
  CC [M]  drivers/infiniband/hw/mlx5/qos.o
  CC [M]  drivers/iio/imu/st_lsm9ds0/st_lsm9ds0_core.o
  CC [M]  drivers/iio/adc/ltc2497-core.o
  CC [M]  drivers/thunderbolt/retimer.o
  CC [M]  drivers/comedi/drivers/8255_pci.o
  CC [M]  drivers/iio/light/adjd_s311.o
  CC [M]  drivers/iio/accel/mma8452.o
  CC [M]  drivers/iio/imu/bmi160/bmi160_i2c.o
  CC [M]  drivers/infiniband/core/iwpm_util.o
  LD [M]  drivers/infiniband/hw/bnxt_re/bnxt_re.o
  CC [M]  drivers/iio/dac/ad5770r.o
  CC [M]  drivers/iio/imu/st_lsm9ds0/st_lsm9ds0_i2c.o
  CC [M]  drivers/gpu/drm/nouveau/nvkm/engine/gr/gf110.o
  CC [M]  drivers/iio/humidity/hid-sensor-humidity.o
  CC [M]  drivers/iio/magnetometer/bmc150_magn.o
  CC [M]  drivers/iio/accel/mma9551_core.o
  CC [M]  drivers/iio/gyro/mpu3050-i2c.o
  CC [M]  drivers/iio/imu/inv_mpu6050/inv_mpu_ring.o
  CC [M]  drivers/gpu/drm/amd/amdgpu/../pm/powerplay/hwmgr/pp_psm.o
  CC [M]  drivers/comedi/drivers/addi_watchdog.o
  CC [M]  drivers/infiniband/hw/hfi1/intr.o
  CC [M]  drivers/infiniband/hw/mlx5/std_types.o
  CC [M]  drivers/gpu/drm/nouveau/nvkm/engine/gr/gf117.o
  CC [M]  drivers/thunderbolt/quirks.o
  CC [M]  drivers/iio/imu/inv_icm42600/inv_icm42600_gyro.o
  CC [M]  drivers/iio/light/adux1020.o
  CC [M]  drivers/net/ethernet/mellanox/mlx5/core/en/tc_tun_mplsoudp.o
  CC [M]  drivers/iio/imu/adis16400.o
  CC [M]  drivers/iio/imu/bmi160/bmi160_spi.o
  CC [M]  drivers/iio/dac/ad5791.o
  CC [M]  drivers/iio/accel/mma9551.o
  CC [M]  drivers/gpu/drm/drm_fbdev_dma.o
  CC [M]  drivers/iio/adc/ltc2497.o
  CC [M]  drivers/comedi/drivers/addi_apci_1032.o
  CC [M]  drivers/iio/imu/st_lsm9ds0/st_lsm9ds0_spi.o
  CC [M]  drivers/iio/accel/mma9553.o
  CC [M]  drivers/iio/humidity/hts221_core.o
  CC [M]  drivers/iio/orientation/hid-sensor-incl-3d.o
  CC [M]  drivers/iio/gyro/itg3200_core.o
  CC [M]  drivers/iio/position/hid-sensor-custom-intel-hinge.o
  CC [M]  drivers/iio/position/iqs624-pos.o
  CC [M]  drivers/iio/orientation/hid-sensor-rotation.o
  CC [M]  drivers/iio/imu/inv_mpu6050/inv_mpu_trigger.o
  CC [M]  drivers/iio/humidity/hts221_buffer.o
  CC [M]  drivers/net/ethernet/sfc/tc_encap_actions.o
  CC [M]  drivers/thunderbolt/clx.o
  CC [M]  drivers/iio/imu/st_lsm6dsx/st_lsm6dsx_buffer.o
  CC [M]  drivers/gpu/drm/nouveau/nvkm/engine/gr/gf119.o
  CC [M]  drivers/gpu/drm/amd/amdgpu/../pm/powerplay/hwmgr/vega12_processpptables.o
  CC [M]  drivers/iio/humidity/hts221_i2c.o
  CC [M]  drivers/infiniband/hw/hfi1/iowait.o
  CC [M]  drivers/iio/imu/inv_icm42600/inv_icm42600_accel.o
  CC [M]  drivers/iio/dac/ad5686.o
  CC [M]  drivers/iio/light/al3010.o
  CC [M]  drivers/iio/potentiometer/ad5110.o
  CC [M]  drivers/iio/light/al3320a.o
  CC [M]  drivers/comedi/drivers/addi_apci_1500.o
  CC [M]  drivers/iio/potentiostat/lmp91000.o
  CC [M]  drivers/iio/adc/max1027.o
  CC [M]  drivers/iio/magnetometer/bmc150_magn_i2c.o
  CC [M]  drivers/iio/potentiometer/ad5272.o
  LD [M]  drivers/iio/imu/st_lsm9ds0/st_lsm9ds0.o
  CC [M]  drivers/iio/pressure/abp060mg.o
  CC [M]  drivers/infiniband/hw/hfi1/ipoib_main.o
  CC [M]  drivers/iio/proximity/as3935.o
  LD [M]  drivers/infiniband/hw/mlx5/mlx5_ib.o
  CC [M]  drivers/iio/magnetometer/bmc150_magn_spi.o
  CC [M]  drivers/gpu/drm/drm_fb_dma_helper.o
  CC [M]  drivers/iio/gyro/itg3200_buffer.o
  CC [M]  drivers/iio/adc/max11100.o
  CC [M]  drivers/iio/proximity/cros_ec_mkbp_proximity.o
  CC [M]  drivers/iio/imu/inv_mpu6050/inv_mpu_aux.o
  CC [M]  drivers/iio/accel/mxc4005.o
  CC [M]  drivers/iio/adc/max1118.o
  CC [M]  drivers/net/ethernet/mellanox/mlx5/core/diag/en_tc_tracepoint.o
  CC [M]  drivers/net/ethernet/sfc/tc_conntrack.o
  CC [M]  drivers/thunderbolt/acpi.o
  CC [M]  drivers/iio/humidity/hts221_spi.o
  CC [M]  drivers/iio/adc/max1241.o
  CC [M]  drivers/gpu/drm/nouveau/nvkm/engine/gr/gk104.o
  CC [M]  drivers/iio/imu/st_lsm6dsx/st_lsm6dsx_shub.o
  CC [M]  drivers/iio/imu/adis16460.o
  CC [M]  drivers/iio/light/apds9300.o
  CC [M]  drivers/infiniband/core/iwpm_msg.o
  CC [M]  drivers/iio/imu/inv_icm42600/inv_icm42600_temp.o
  CC [M]  drivers/iio/adc/max1363.o
  CC [M]  drivers/iio/dac/ad5686-spi.o
  CC [M]  drivers/iio/magnetometer/mag3110.o
  CC [M]  drivers/net/ethernet/mellanox/mlx5/core/en/tc/post_act.o
  CC [M]  drivers/gpu/drm/amd/amdgpu/../pm/powerplay/hwmgr/vega12_hwmgr.o
  CC [M]  drivers/iio/pressure/bmp280-core.o
  CC [M]  drivers/iio/humidity/htu21.o
  CC [M]  drivers/iio/potentiometer/ds1803.o
  CC [M]  drivers/comedi/drivers/addi_apci_1516.o
  CC [M]  drivers/iio/proximity/isl29501.o
  CC [M]  drivers/gpu/drm/drm_gem_shmem_helper.o
  CC [M]  drivers/iio/gyro/ssp_gyro_sensor.o
  CC [M]  drivers/iio/pressure/bmp280-regmap.o
  CC [M]  drivers/iio/humidity/si7005.o
  CC [M]  drivers/iio/imu/inv_mpu6050/inv_mpu_magn.o
  CC [M]  drivers/gpu/drm/amd/amdgpu/../pm/powerplay/hwmgr/vega12_thermal.o
  CC [M]  drivers/iio/accel/mxc6255.o
  CC [M]  drivers/iio/accel/sca3000.o
  CC [M]  drivers/gpu/drm/amd/amdgpu/../pm/powerplay/hwmgr/pp_overdriver.o
  CC [M]  drivers/thunderbolt/debugfs.o
  CC [M]  drivers/infiniband/hw/hfi1/ipoib_rx.o
  CC [M]  drivers/iio/potentiometer/max5432.o
  CC [M]  drivers/net/ethernet/mellanox/mlx5/core/en/tc/int_port.o
  CC [M]  drivers/iio/gyro/st_gyro_core.o
  CC [M]  drivers/iio/pressure/bmp280-i2c.o
  CC [M]  drivers/iio/imu/inv_icm42600/inv_icm42600_buffer.o
  CC [M]  drivers/iio/dac/ad5696-i2c.o
  CC [M]  drivers/gpu/drm/nouveau/nvkm/engine/gr/gk110.o
  CC [M]  drivers/iio/resolver/ad2s90.o
  CC [M]  drivers/comedi/drivers/addi_apci_1564.o
  CC [M]  drivers/iio/light/apds9960.o
  CC [M]  drivers/iio/adc/max9611.o
  CC [M]  drivers/infiniband/hw/hfi1/ipoib_tx.o
  CC [M]  drivers/iio/imu/st_lsm6dsx/st_lsm6dsx_i2c.o
  CC [M]  drivers/iio/magnetometer/hid-sensor-magn-3d.o
  CC [M]  drivers/iio/magnetometer/mmc35240.o
  CC [M]  drivers/iio/proximity/pulsedlight-lidar-lite-v2.o
  CC [M]  drivers/iio/imu/st_lsm6dsx/st_lsm6dsx_spi.o
  CC [M]  drivers/infiniband/core/cma.o
  CC [M]  drivers/iio/humidity/si7020.o
  CC [M]  drivers/iio/imu/inv_mpu6050/inv_mpu_i2c.o
  CC [M]  drivers/net/ethernet/mellanox/mlx5/core/en/tc/meter.o
  CC [M]  drivers/iio/adc/mcp320x.o
  CC [M]  drivers/iio/light/as73211.o
  CC [M]  drivers/iio/potentiometer/max5481.o
  CC [M]  drivers/iio/resolver/ad2s1200.o
  LD [M]  drivers/net/ethernet/sfc/sfc.o
  CC [M]  drivers/iio/dac/ad7303.o
  CC [M]  drivers/iio/adc/mcp3422.o
  CC [M]  drivers/comedi/drivers/addi_apci_16xx.o
  CC [M]  drivers/iio/imu/inv_icm42600/inv_icm42600_i2c.o
  CC [M]  drivers/gpu/drm/nouveau/nvkm/engine/gr/gk110b.o
  CC [M]  drivers/iio/accel/sca3300.o
  LD [M]  drivers/thunderbolt/thunderbolt.o
  CC [M]  drivers/iio/dac/ad8801.o
  CC [M]  drivers/infiniband/hw/hfi1/mad.o
  CC [M]  drivers/iio/proximity/mb1232.o
  CC [M]  drivers/iio/adc/mcp3911.o
  CC [M]  drivers/net/ethernet/mellanox/mlx5/core/en/tc/post_meter.o
  CC [M]  drivers/iio/potentiometer/max5487.o
  CC [M]  drivers/iio/magnetometer/st_magn_core.o
  CC [M]  drivers/iio/pressure/bmp280-spi.o
  CC [M]  drivers/iio/dac/cio-dac.o
  CC [M]  drivers/iio/imu/st_lsm6dsx/st_lsm6dsx_i3c.o
  CC [M]  drivers/iio/potentiometer/mcp4018.o
  CC [M]  drivers/iio/imu/inv_mpu6050/inv_mpu_acpi.o
  CC [M]  drivers/iio/gyro/st_gyro_buffer.o
  CC [M]  drivers/comedi/drivers/addi_apci_2032.o
  CC [M]  drivers/iio/imu/adis16475.o
  LD [M]  drivers/iio/humidity/hts221.o
  CC [M]  drivers/iio/light/bh1750.o
  CC [M]  drivers/net/ethernet/mellanox/mlx5/core/en/tc/act_stats.o
  CC [M]  drivers/iio/dac/ds4424.o
  CC [M]  drivers/comedi/drivers/addi_apci_2200.o
  CC [M]  drivers/comedi/drivers/addi_apci_3120.o
  CC [M]  drivers/iio/gyro/st_gyro_i2c.o
  CC [M]  drivers/iio/magnetometer/st_magn_buffer.o
  CC [M]  drivers/iio/imu/inv_icm42600/inv_icm42600_spi.o
  CC [M]  drivers/iio/proximity/ping.o
  CC [M]  drivers/infiniband/core/cma_trace.o
  CC [M]  drivers/gpu/drm/nouveau/nvkm/engine/gr/gk208.o
  CC [M]  drivers/iio/imu/adis16480.o
  CC [M]  drivers/iio/accel/stk8312.o
  CC [M]  drivers/iio/pressure/dlhl60d.o
  CC [M]  drivers/gpu/drm/amd/amdgpu/../pm/powerplay/hwmgr/smu_helper.o
  CC [M]  drivers/comedi/drivers/addi_apci_3501.o
  CC [M]  drivers/infiniband/hw/hfi1/mmu_rb.o
  CC [M]  drivers/comedi/drivers/addi_apci_3xxx.o
  LD [M]  drivers/iio/imu/st_lsm6dsx/st_lsm6dsx.o
  CC [M]  drivers/iio/potentiometer/mcp4131.o
  CC [M]  drivers/iio/pressure/dps310.o
  CC [M]  drivers/gpu/drm/drm_suballoc.o
  CC [M]  drivers/net/ethernet/mellanox/mlx5/core/en/tc/act/act.o
  CC [M]  drivers/infiniband/core/cma_configfs.o
  CC [M]  drivers/iio/imu/inv_mpu6050/inv_mpu_spi.o
  CC [M]  drivers/iio/adc/mt6360-adc.o
  CC [M]  drivers/iio/adc/men_z188_adc.o
  CC [M]  drivers/iio/magnetometer/st_magn_i2c.o
  CC [M]  drivers/iio/light/bh1780.o
  CC [M]  drivers/iio/proximity/rfd77402.o
  CC [M]  drivers/iio/magnetometer/st_magn_spi.o
  LD [M]  drivers/iio/imu/inv_mpu6050/inv-mpu6050.o
  CC [M]  drivers/iio/temperature/iqs620at-temp.o
  LD [M]  drivers/iio/imu/inv_icm42600/inv-icm42600.o
  CC [M]  drivers/gpu/drm/nouveau/nvkm/engine/gr/gk20a.o
  CC [M]  drivers/iio/adc/mp2629_adc.o
  LD [M]  drivers/iio/imu/inv_mpu6050/inv-mpu6050-i2c.o
  CC [M]  drivers/iio/gyro/st_gyro_spi.o
  CC [M]  drivers/iio/accel/stk8ba50.o
  CC [M]  drivers/iio/imu/adis.o
  LD [M]  drivers/iio/imu/inv_icm42600/inv-icm42600-i2c.o
  CC [M]  drivers/iio/potentiometer/mcp4531.o
  CC [M]  drivers/iio/dac/ltc1660.o
  LD [M]  drivers/iio/imu/inv_mpu6050/inv-mpu6050-spi.o
  LD [M]  drivers/iio/imu/inv_icm42600/inv-icm42600-spi.o
  CC [M]  drivers/iio/imu/adis_trigger.o
  CC [M]  drivers/iio/trigger/iio-trig-hrtimer.o
  CC [M]  drivers/iio/proximity/srf04.o
  CC [M]  drivers/iio/adc/nau7802.o
  CC [M]  drivers/comedi/drivers/adl_pci6208.o
  CC [M]  drivers/iio/pressure/cros_ec_baro.o
  CC [M]  drivers/iio/imu/adis_buffer.o
  CC [M]  drivers/iio/dac/ltc2632.o
  CC [M]  drivers/net/ethernet/mellanox/mlx5/core/en/tc/act/drop.o
  CC [M]  drivers/infiniband/hw/hfi1/msix.o
  CC [M]  drivers/iio/temperature/ltc2983.o
  CC [M]  drivers/gpu/drm/amd/amdgpu/../pm/powerplay/hwmgr/vega20_processpptables.o
  CC [M]  drivers/iio/proximity/srf08.o
  CC [M]  drivers/iio/adc/palmas_gpadc.o
  CC [M]  drivers/iio/trigger/iio-trig-interrupt.o
  CC [M]  drivers/iio/trigger/iio-trig-sysfs.o
  CC [M]  drivers/iio/adc/qcom-spmi-adc5.o
  CC [M]  drivers/comedi/drivers/adl_pci7x3x.o
  CC [M]  drivers/iio/proximity/sx9310.o
  CC [M]  drivers/gpu/drm/amd/amdgpu/../pm/powerplay/hwmgr/vega20_hwmgr.o
  CC [M]  drivers/iio/pressure/hid-sensor-press.o
  CC [M]  drivers/iio/accel/cros_ec_accel_legacy.o
  CC [M]  drivers/iio/proximity/sx_common.o
  CC [M]  drivers/iio/proximity/sx9500.o
  CC [M]  drivers/iio/magnetometer/hmc5843_core.o
  CC [M]  drivers/iio/proximity/vcnl3020.o
  CC [M]  drivers/iio/light/cm32181.o
  CC [M]  drivers/gpu/drm/amd/amdgpu/../pm/powerplay/hwmgr/vega20_powertune.o
  CC [M]  drivers/iio/dac/m62332.o
  CC [M]  drivers/iio/accel/ssp_accel_sensor.o
  CC [M]  drivers/iio/potentiometer/mcp41010.o
  CC [M]  drivers/iio/trigger/iio-trig-loop.o
  CC [M]  drivers/iio/light/cm3232.o
  CC [M]  drivers/iio/pressure/hp03.o
  CC [M]  drivers/infiniband/hw/hfi1/netdev_rx.o
  CC [M]  drivers/iio/dac/max517.o
  CC [M]  drivers/gpu/drm/nouveau/nvkm/engine/gr/gm107.o
  LD [M]  drivers/iio/gyro/mpu3050.o
  LD [M]  drivers/iio/gyro/itg3200.o
  LD [M]  drivers/iio/gyro/st_gyro.o
  CC [M]  drivers/iio/light/cm3323.o
  CC [M]  drivers/comedi/drivers/adl_pci8164.o
  CC [M]  drivers/iio/potentiometer/tpl0102.o
  CC [M]  drivers/iio/proximity/vl53l0x-i2c.o
  CC [M]  drivers/comedi/drivers/adl_pci9111.o
  CC [M]  drivers/iio/adc/qcom-spmi-iadc.o
  CC [M]  drivers/net/ethernet/mellanox/mlx5/core/en/tc/act/trap.o
  CC [M]  drivers/iio/pressure/icp10100.o
  CC [M]  drivers/iio/imu/fxos8700_core.o
  CC [M]  drivers/iio/accel/st_accel_core.o
  CC [M]  drivers/iio/temperature/hid-sensor-temperature.o
  CC [M]  drivers/iio/light/cm36651.o
  CC [M]  drivers/iio/adc/qcom-vadc-common.o
  CC [M]  drivers/infiniband/core/user_mad.o
  CC [M]  drivers/net/ethernet/mellanox/mlx5/core/en/tc/act/accept.o
  CC [M]  drivers/iio/accel/st_accel_buffer.o
  CC [M]  drivers/iio/magnetometer/hmc5843_i2c.o
  CC [M]  drivers/comedi/drivers/adl_pci9118.o
  CC [M]  drivers/iio/imu/fxos8700_i2c.o
  CC [M]  drivers/iio/temperature/maxim_thermocouple.o
  CC [M]  drivers/iio/magnetometer/hmc5843_spi.o
  CC [M]  drivers/gpu/drm/drm_gem_vram_helper.o
  CC [M]  drivers/comedi/drivers/adv_pci1710.o
  CC [M]  drivers/iio/magnetometer/rm3100-core.o
  CC [M]  drivers/iio/temperature/max31856.o
  CC [M]  drivers/iio/dac/mcp4725.o
  CC [M]  drivers/iio/magnetometer/rm3100-i2c.o
  CC [M]  drivers/gpu/drm/nouveau/nvkm/engine/gr/gm200.o
  CC [M]  drivers/iio/industrialio-core.o
  CC [M]  drivers/iio/dac/mcp4922.o
  CC [M]  drivers/net/ethernet/mellanox/mlx5/core/en/tc/act/mark.o
  CC [M]  drivers/iio/accel/st_accel_i2c.o
  CC [M]  drivers/iio/magnetometer/rm3100-spi.o
  CC [M]  drivers/iio/light/cros_ec_light_prox.o
  CC [M]  drivers/net/ethernet/mellanox/mlx5/core/en/tc/act/goto.o
  CC [M]  drivers/iio/accel/st_accel_spi.o
  CC [M]  drivers/comedi/drivers/adv_pci1720.o
  CC [M]  drivers/iio/pressure/mpl115.o
  CC [M]  drivers/iio/industrialio-event.o
  CC [M]  drivers/iio/adc/qcom-spmi-vadc.o
  CC [M]  drivers/gpu/drm/amd/amdgpu/../pm/powerplay/hwmgr/vega20_thermal.o
  CC [M]  drivers/iio/magnetometer/yamaha-yas530.o
  CC [M]  drivers/iio/imu/fxos8700_spi.o
  CC [M]  drivers/comedi/drivers/adv_pci1723.o
  CC [M]  drivers/iio/imu/kmx61.o
  CC [M]  drivers/infiniband/hw/hfi1/opfn.o
  CC [M]  drivers/iio/inkern.o
  CC [M]  drivers/infiniband/core/uverbs_main.o
  CC [M]  drivers/iio/temperature/mlx90614.o
  CC [M]  drivers/iio/light/gp2ap002.o
  CC [M]  drivers/infiniband/hw/hfi1/pcie.o
  CC [M]  drivers/iio/pressure/mpl115_i2c.o
  CC [M]  drivers/iio/adc/ti-adc081c.o
  CC [M]  drivers/iio/light/gp2ap020a00f.o
  CC [M]  drivers/net/ethernet/mellanox/mlx5/core/en/tc/act/tun.o
  CC [M]  drivers/gpu/drm/nouveau/nvkm/engine/gr/gm20b.o
  CC [M]  drivers/iio/industrialio-buffer.o
  CC [M]  drivers/iio/dac/ti-dac082s085.o
  CC [M]  drivers/iio/dac/ti-dac5571.o
  CC [M]  drivers/iio/industrialio-trigger.o
  CC [M]  drivers/iio/temperature/mlx90632.o
  CC [M]  drivers/iio/temperature/tmp006.o
  CC [M]  drivers/gpu/drm/nouveau/nvkm/engine/gr/gp100.o
  CC [M]  drivers/iio/temperature/tmp007.o
  CC [M]  drivers/infiniband/hw/hfi1/pin_system.o
  CC [M]  drivers/comedi/drivers/adv_pci1724.o
  CC [M]  drivers/iio/light/hid-sensor-als.o
  CC [M]  drivers/gpu/drm/nouveau/nvkm/engine/gr/gp102.o
  CC [M]  drivers/comedi/drivers/adv_pci1760.o
  CC [M]  drivers/iio/pressure/mpl115_spi.o
  LD [M]  drivers/iio/accel/st_accel.o
  CC [M]  drivers/iio/industrialio-configfs.o
  CC [M]  drivers/iio/light/hid-sensor-prox.o
  CC [M]  drivers/iio/light/iqs621-als.o
  CC [M]  drivers/gpu/drm/nouveau/nvkm/engine/gr/gp104.o
  CC [M]  drivers/iio/adc/ti-adc0832.o
  CC [M]  drivers/iio/pressure/mpl3115.o
  CC [M]  drivers/iio/dac/ti-dac7311.o
  CC [M]  drivers/gpu/drm/drm_gem_ttm_helper.o
  CC [M]  drivers/infiniband/core/uverbs_cmd.o
  CC [M]  drivers/iio/adc/ti-adc084s021.o
  CC [M]  drivers/iio/pressure/ms5611_core.o
  LD [M]  drivers/iio/imu/adis_lib.o
  CC [M]  drivers/iio/dac/ti-dac7612.o
  CC [M]  drivers/net/ethernet/mellanox/mlx5/core/en/tc/act/csum.o
  CC [M]  drivers/gpu/drm/amd/amdgpu/../pm/powerplay/hwmgr/common_baco.o
  LD [M]  drivers/iio/magnetometer/st_magn.o
  CC [M]  drivers/comedi/drivers/adv_pci_dio.o
  CC [M]  drivers/iio/adc/ti-adc12138.o
  CC [M]  drivers/gpu/drm/nouveau/nvkm/engine/gr/gp107.o
  CC [M]  drivers/gpu/drm/nouveau/nvkm/engine/gr/gp108.o
  CC [M]  drivers/infiniband/hw/hfi1/pio.o
  CC [M]  drivers/comedi/drivers/amplc_dio200_pci.o
  CC [M]  drivers/net/ethernet/mellanox/mlx5/core/en/tc/act/pedit.o
  CC [M]  drivers/gpu/drm/amd/amdgpu/../pm/powerplay/hwmgr/vega10_baco.o
  CC [M]  drivers/iio/light/isl29018.o
  CC [M]  drivers/iio/temperature/tmp117.o
  CC [M]  drivers/infiniband/core/uverbs_marshall.o
  CC [M]  drivers/net/ethernet/mellanox/mlx5/core/en/tc/act/vlan.o
  CC [M]  drivers/gpu/drm/drm_atomic_helper.o
  CC [M]  drivers/iio/pressure/ms5611_i2c.o
  CC [M]  drivers/infiniband/hw/hfi1/pio_copy.o
  CC [M]  drivers/iio/adc/ti-adc108s102.o
  CC [M]  drivers/infiniband/core/rdma_core.o
  CC [M]  drivers/iio/light/isl29028.o
  CC [M]  drivers/iio/temperature/tsys01.o
  CC [M]  drivers/iio/adc/ti-adc128s052.o
  CC [M]  drivers/comedi/drivers/amplc_pci236.o
  CC [M]  drivers/gpu/drm/amd/amdgpu/../pm/powerplay/hwmgr/vega20_baco.o
  CC [M]  drivers/comedi/drivers/amplc_pci263.o
  CC [M]  drivers/iio/light/isl29125.o
  CC [M]  drivers/gpu/drm/nouveau/nvkm/engine/gr/gp10b.o
  CC [M]  drivers/iio/light/jsa1212.o
  CC [M]  drivers/iio/pressure/ms5611_spi.o
  CC [M]  drivers/gpu/drm/amd/amdgpu/../pm/powerplay/hwmgr/vega12_baco.o
  CC [M]  drivers/iio/light/lm3533-als.o
  CC [M]  drivers/iio/industrialio-sw-device.o
  CC [M]  drivers/infiniband/core/uverbs_std_types.o
  CC [M]  drivers/gpu/drm/drm_atomic_state_helper.o
  CC [M]  drivers/iio/temperature/tsys02d.o
  CC [M]  drivers/gpu/drm/nouveau/nvkm/engine/gr/gv100.o
  CC [M]  drivers/iio/adc/ti-adc161s626.o
  CC [M]  drivers/net/ethernet/mellanox/mlx5/core/en/tc/act/vlan_mangle.o
  CC [M]  drivers/gpu/drm/amd/amdgpu/../pm/powerplay/hwmgr/smu9_baco.o
  CC [M]  drivers/iio/light/ltr501.o
  CC [M]  drivers/net/ethernet/mellanox/mlx5/core/en/tc/act/mpls.o
  CC [M]  drivers/iio/industrialio-sw-trigger.o
  CC [M]  drivers/net/ethernet/mellanox/mlx5/core/en/tc/act/mirred.o
  CC [M]  drivers/iio/light/lv0104cs.o
  CC [M]  drivers/comedi/drivers/amplc_pci224.o
  CC [M]  drivers/iio/adc/ti-ads1015.o
  CC [M]  drivers/gpu/drm/nouveau/nvkm/engine/gr/tu102.o
  CC [M]  drivers/iio/industrialio-triggered-event.o
  CC [M]  drivers/iio/pressure/ms5637.o
  CC [M]  drivers/gpu/drm/drm_bridge_connector.o
  CC [M]  drivers/gpu/drm/amd/amdgpu/../pm/powerplay/hwmgr/tonga_baco.o
  CC [M]  drivers/infiniband/hw/hfi1/platform.o
  CC [M]  drivers/gpu/drm/drm_crtc_helper.o
  CC [M]  drivers/net/ethernet/mellanox/mlx5/core/en/tc/act/mirred_nic.o
  CC [M]  drivers/gpu/drm/drm_damage_helper.o
  CC [M]  drivers/comedi/drivers/amplc_pci230.o
  CC [M]  drivers/gpu/drm/drm_encoder_slave.o
  CC [M]  drivers/gpu/drm/amd/amdgpu/../pm/powerplay/hwmgr/polaris_baco.o
  CC [M]  drivers/gpu/drm/nouveau/nvkm/engine/gr/ga102.o
  CC [M]  drivers/infiniband/core/uverbs_ioctl.o
  CC [M]  drivers/iio/light/max44000.o
  CC [M]  drivers/infiniband/core/uverbs_std_types_cq.o
  CC [M]  drivers/gpu/drm/amd/amdgpu/../pm/powerplay/hwmgr/fiji_baco.o
  CC [M]  drivers/infiniband/core/uverbs_std_types_flow_action.o
  CC [M]  drivers/gpu/drm/drm_flip_work.o
  CC [M]  drivers/infiniband/hw/hfi1/qp.o
  CC [M]  drivers/iio/adc/ti-ads7950.o
  CC [M]  drivers/infiniband/core/uverbs_std_types_dm.o
  CC [M]  drivers/gpu/drm/nouveau/nvkm/engine/gr/ctxnv40.o
  CC [M]  drivers/iio/adc/ti-ads131e08.o
  CC [M]  drivers/iio/pressure/st_pressure_core.o
  CC [M]  drivers/infiniband/core/uverbs_std_types_mr.o
  CC [M]  drivers/gpu/drm/drm_format_helper.o
  CC [M]  drivers/gpu/drm/nouveau/nvkm/engine/gr/ctxnv50.o
  CC [M]  drivers/iio/light/max44009.o
  CC [M]  drivers/gpu/drm/drm_gem_atomic_helper.o
  CC [M]  drivers/gpu/drm/nouveau/nvkm/engine/gr/ctxgf100.o
  CC [M]  drivers/iio/adc/ti-tlc4541.o
  CC [M]  drivers/iio/light/noa1305.o
  CC [M]  drivers/iio/light/opt3001.o
  CC [M]  drivers/iio/light/pa12203001.o
  CC [M]  drivers/comedi/drivers/contec_pci_dio.o
  CC [M]  drivers/infiniband/core/uverbs_std_types_counters.o
  CC [M]  drivers/infiniband/hw/hfi1/qsfp.o
  CC [M]  drivers/net/ethernet/mellanox/mlx5/core/en/tc/act/ct.o
  CC [M]  drivers/iio/adc/ti-tsc2046.o
  CC [M]  drivers/gpu/drm/amd/amdgpu/../pm/powerplay/hwmgr/ci_baco.o
  CC [M]  drivers/net/ethernet/mellanox/mlx5/core/en/tc/act/sample.o
  CC [M]  drivers/comedi/drivers/das08_pci.o
  CC [M]  drivers/iio/light/rpr0521.o
  CC [M]  drivers/iio/adc/twl4030-madc.o
  LD [M]  drivers/iio/industrialio.o
  CC [M]  drivers/iio/pressure/st_pressure_buffer.o
  CC [M]  drivers/comedi/drivers/dt3000.o
  CC [M]  drivers/gpu/drm/amd/amdgpu/../pm/powerplay/hwmgr/smu7_baco.o
  CC [M]  drivers/iio/light/si1133.o
  CC [M]  drivers/infiniband/hw/hfi1/rc.o
  CC [M]  drivers/gpu/drm/amd/amdgpu/../pm/powerplay/amd_powerplay.o
  CC [M]  drivers/net/ethernet/mellanox/mlx5/core/en/tc/act/ptype.o
  CC [M]  drivers/iio/light/si1145.o
  CC [M]  drivers/iio/adc/twl6030-gpadc.o
  CC [M]  drivers/infiniband/hw/hfi1/ruc.o
  CC [M]  drivers/iio/pressure/t5403.o
  CC [M]  drivers/gpu/drm/amd/amdgpu/../pm/legacy-dpm/legacy_dpm.o
  CC [M]  drivers/iio/adc/viperboard_adc.o
  CC [M]  drivers/comedi/drivers/dyna_pci10xx.o
  CC [M]  drivers/gpu/drm/drm_gem_framebuffer_helper.o
  CC [M]  drivers/iio/light/stk3310.o
  CC [M]  drivers/gpu/drm/amd/amdgpu/../pm/legacy-dpm/kv_dpm.o
  CC [M]  drivers/gpu/drm/amd/amdgpu/../pm/legacy-dpm/kv_smc.o
  CC [M]  drivers/net/ethernet/mellanox/mlx5/core/en/tc/act/redirect_ingress.o
  CC [M]  drivers/gpu/drm/nouveau/nvkm/engine/gr/ctxgf104.o
  CC [M]  drivers/infiniband/hw/hfi1/sdma.o
  CC [M]  drivers/comedi/drivers/gsc_hpdi.o
  CC [M]  drivers/net/ethernet/mellanox/mlx5/core/en/tc/act/police.o
  CC [M]  drivers/gpu/drm/drm_kms_helper_common.o
  CC [M]  drivers/gpu/drm/nouveau/nvkm/engine/gr/ctxgf108.o
  CC [M]  drivers/infiniband/core/uverbs_uapi.o
  CC [M]  drivers/net/ethernet/mellanox/mlx5/core/en/tc_ct.o
  CC [M]  drivers/iio/light/st_uvis25_core.o
  CC [M]  drivers/gpu/drm/drm_modeset_helper.o
  CC [M]  drivers/gpu/drm/drm_plane_helper.o
  CC [M]  drivers/gpu/drm/drm_probe_helper.o
  CC [M]  drivers/iio/adc/xilinx-xadc-core.o
  CC [M]  drivers/iio/pressure/hp206c.o
  CC [M]  drivers/iio/light/st_uvis25_i2c.o
  CC [M]  drivers/infiniband/core/uverbs_std_types_device.o
  CC [M]  drivers/net/ethernet/mellanox/mlx5/core/en/tc/ct_fs_dmfs.o
  CC [M]  drivers/gpu/drm/drm_rect.o
  CC [M]  drivers/gpu/drm/nouveau/nvkm/engine/gr/ctxgf110.o
  CC [M]  drivers/gpu/drm/amd/amdgpu/../pm/legacy-dpm/si_dpm.o
  CC [M]  drivers/net/ethernet/mellanox/mlx5/core/en/tc/ct_fs_smfs.o
  CC [M]  drivers/iio/adc/xilinx-xadc-events.o
  CC [M]  drivers/infiniband/hw/hfi1/sysfs.o
  CC [M]  drivers/iio/pressure/zpa2326.o
  CC [M]  drivers/comedi/drivers/icp_multi.o
  CC [M]  drivers/comedi/drivers/daqboard2000.o
  CC [M]  drivers/net/ethernet/mellanox/mlx5/core/en/tc/sample.o
  CC [M]  drivers/comedi/drivers/jr3_pci.o
  CC [M]  drivers/gpu/drm/drm_self_refresh_helper.o
  CC [M]  drivers/infiniband/core/uverbs_std_types_async_fd.o
  CC [M]  drivers/iio/light/st_uvis25_spi.o
  CC [M]  drivers/infiniband/core/uverbs_std_types_srq.o
  CC [M]  drivers/infiniband/core/uverbs_std_types_wq.o
  CC [M]  drivers/gpu/drm/nouveau/nvkm/engine/gr/ctxgf117.o
  CC [M]  drivers/gpu/drm/amd/amdgpu/../pm/legacy-dpm/si_smc.o
  CC [M]  drivers/comedi/drivers/ke_counter.o
  CC [M]  drivers/net/ethernet/mellanox/mlx5/core/eswitch.o
  CC [M]  drivers/iio/light/tcs3414.o
  CC [M]  drivers/gpu/drm/drm_simple_kms_helper.o
  CC [M]  drivers/iio/pressure/zpa2326_i2c.o
  CC [M]  drivers/comedi/drivers/cb_pcidas64.o
  CC [M]  drivers/comedi/drivers/cb_pcidas.o
  CC [M]  drivers/gpu/drm/amd/amdgpu/../pm/amdgpu_dpm.o
  CC [M]  drivers/gpu/drm/bridge/panel.o
  CC [M]  drivers/gpu/drm/nouveau/nvkm/engine/gr/ctxgf119.o
  CC [M]  drivers/comedi/drivers/cb_pcidda.o
  CC [M]  drivers/comedi/drivers/cb_pcimdas.o
  CC [M]  drivers/infiniband/core/uverbs_std_types_qp.o
  LD [M]  drivers/iio/adc/xilinx-xadc.o
  CC [M]  drivers/iio/light/tcs3472.o
  CC [M]  drivers/gpu/drm/nouveau/nvkm/engine/gr/ctxgk104.o
  CC [M]  drivers/gpu/drm/amd/amdgpu/../pm/amdgpu_pm.o
  CC [M]  drivers/iio/pressure/zpa2326_spi.o
  CC [M]  drivers/iio/light/tsl2563.o
  CC [M]  drivers/comedi/drivers/cb_pcimdda.o
  CC [M]  drivers/gpu/drm/nouveau/nvkm/engine/gr/ctxgk110.o
  CC [M]  drivers/gpu/drm/drm_fbdev_generic.o
  CC [M]  drivers/comedi/drivers/me4000.o
  CC [M]  drivers/infiniband/core/umem.o
  CC [M]  drivers/infiniband/hw/hfi1/tid_rdma.o
  CC [M]  drivers/gpu/drm/nouveau/nvkm/engine/gr/ctxgk110b.o
  CC [M]  drivers/comedi/drivers/me_daq.o
  CC [M]  drivers/iio/light/tsl2583.o
  CC [M]  drivers/gpu/drm/drm_fb_helper.o
  CC [M]  drivers/net/ethernet/mellanox/mlx5/core/eswitch_offloads.o
  CC [M]  drivers/gpu/drm/amd/amdgpu/../pm/amdgpu_dpm_internal.o
  CC [M]  drivers/gpu/drm/nouveau/nvkm/engine/gr/ctxgk208.o
  CC [M]  drivers/gpu/drm/nouveau/nvkm/engine/gr/ctxgk20a.o
  CC [M]  drivers/gpu/drm/amd/amdgpu/../display/amdgpu_dm/amdgpu_dm.o
  CC [M]  drivers/net/ethernet/mellanox/mlx5/core/eswitch_offloads_termtbl.o
  CC [M]  drivers/iio/pressure/st_pressure_i2c.o
  CC [M]  drivers/net/ethernet/mellanox/mlx5/core/ecpf.o
  CC [M]  drivers/infiniband/core/umem_dmabuf.o
  CC [M]  drivers/iio/pressure/st_pressure_spi.o
  CC [M]  drivers/iio/light/tsl2591.o
  CC [M]  drivers/infiniband/hw/hfi1/trace.o
  CC [M]  drivers/gpu/drm/amd/amdgpu/../display/amdgpu_dm/amdgpu_dm_plane.o
  CC [M]  drivers/infiniband/hw/hfi1/uc.o
  CC [M]  drivers/infiniband/hw/hfi1/ud.o
  CC [M]  drivers/infiniband/core/umem_odp.o
  CC [M]  drivers/gpu/drm/amd/amdgpu/../display/amdgpu_dm/amdgpu_dm_crtc.o
  CC [M]  drivers/net/ethernet/mellanox/mlx5/core/rdma.o
  CC [M]  drivers/infiniband/hw/hfi1/user_exp_rcv.o
  CC [M]  drivers/gpu/drm/drm_mipi_dbi.o
  CC [M]  drivers/net/ethernet/mellanox/mlx5/core/esw/legacy.o
  CC [M]  drivers/comedi/drivers/ni_6527.o
  CC [M]  drivers/gpu/drm/amd/amdgpu/../display/amdgpu_dm/amdgpu_dm_irq.o
  CC [M]  drivers/gpu/drm/nouveau/nvkm/engine/gr/ctxgm107.o
  CC [M]  drivers/net/ethernet/mellanox/mlx5/core/esw/devlink_port.o
  CC [M]  drivers/infiniband/hw/hfi1/user_pages.o
  CC [M]  drivers/comedi/drivers/ni_65xx.o
  CC [M]  drivers/iio/light/tsl2772.o
  CC [M]  drivers/gpu/drm/nouveau/nvkm/engine/gr/ctxgm200.o
  CC [M]  drivers/net/ethernet/mellanox/mlx5/core/esw/vporttbl.o
  LD [M]  drivers/iio/pressure/bmp280.o
  CC [M]  drivers/iio/light/tsl4531.o
  LD [M]  drivers/iio/pressure/st_pressure.o
  CC [M]  drivers/comedi/drivers/ni_660x.o
  CC [M]  drivers/infiniband/core/ucma.o
  CC [M]  drivers/iio/light/us5182d.o
  LD [M]  drivers/gpu/drm/drm.o
  CC [M]  drivers/net/ethernet/mellanox/mlx5/core/esw/qos.o
  CC [M]  drivers/gpu/drm/amd/amdgpu/../display/amdgpu_dm/amdgpu_dm_mst_types.o
  CC [M]  drivers/net/ethernet/mellanox/mlx5/core/esw/ipsec.o
  CC [M]  drivers/infiniband/hw/hfi1/user_sdma.o
  CC [M]  drivers/net/ethernet/mellanox/mlx5/core/esw/acl/helper.o
  CC [M]  drivers/gpu/drm/amd/amdgpu/../display/amdgpu_dm/amdgpu_dm_color.o
  CC [M]  drivers/iio/light/vcnl4000.o
  CC [M]  drivers/gpu/drm/nouveau/nvkm/engine/gr/ctxgm20b.o
  LD [M]  drivers/infiniband/core/ib_core.o
  LD [M]  drivers/gpu/drm/drm_dma_helper.o
  CC [M]  drivers/iio/light/vcnl4035.o
  CC [M]  drivers/comedi/drivers/ni_670x.o
  CC [M]  drivers/infiniband/hw/hfi1/verbs.o
  CC [M]  drivers/net/ethernet/mellanox/mlx5/core/esw/acl/egress_lgcy.o
  CC [M]  drivers/gpu/drm/nouveau/nvkm/engine/gr/ctxgp100.o
  CC [M]  drivers/net/ethernet/mellanox/mlx5/core/esw/acl/egress_ofld.o
  CC [M]  drivers/infiniband/hw/hfi1/verbs_txreq.o
  CC [M]  drivers/net/ethernet/mellanox/mlx5/core/esw/acl/ingress_lgcy.o
  LD [M]  drivers/gpu/drm/drm_shmem_helper.o
  CC [M]  drivers/net/ethernet/mellanox/mlx5/core/esw/acl/ingress_ofld.o
  LD [M]  drivers/infiniband/core/ib_cm.o
  CC [M]  drivers/comedi/drivers/ni_labpc_pci.o
  CC [M]  drivers/iio/light/veml6030.o
  CC [M]  drivers/iio/light/veml6070.o
  CC [M]  drivers/infiniband/hw/hfi1/vnic_main.o
  CC [M]  drivers/gpu/drm/nouveau/nvkm/engine/gr/ctxgp102.o
  LD [M]  drivers/gpu/drm/drm_suballoc_helper.o
  LD [M]  drivers/gpu/drm/drm_vram_helper.o
  LD [M]  drivers/infiniband/core/iw_cm.o
  CC [M]  drivers/gpu/drm/nouveau/nvkm/engine/gr/ctxgp104.o
  CC [M]  drivers/gpu/drm/amd/amdgpu/../display/amdgpu_dm/dc_fpu.o
  CC [M]  drivers/gpu/drm/nouveau/nvkm/engine/gr/ctxgp107.o
  LD [M]  drivers/gpu/drm/drm_ttm_helper.o
  CC [M]  drivers/iio/light/vl6180.o
  LD [M]  drivers/gpu/drm/drm_kms_helper.o
  CC [M]  drivers/infiniband/hw/hfi1/vnic_sdma.o
  LD [M]  drivers/infiniband/core/rdma_cm.o
  CC [M]  drivers/gpu/drm/amd/amdgpu/../display/amdgpu_dm/amdgpu_dm_services.o
  LD [M]  drivers/infiniband/core/ib_umad.o
  AR      drivers/gpu/drm/built-in.a
  CC [M]  drivers/net/ethernet/mellanox/mlx5/core/esw/ipsec_fs.o
  CC [M]  drivers/infiniband/hw/hfi1/debugfs.o
  CC [M]  drivers/comedi/drivers/ni_pcidio.o
  CC [M]  drivers/gpu/drm/nouveau/nvkm/engine/gr/ctxgv100.o
  CC [M]  drivers/iio/light/zopt2201.o
  LD [M]  drivers/infiniband/core/ib_uverbs.o
  CC [M]  drivers/net/ethernet/mellanox/mlx5/core/esw/bridge.o
  CC [M]  drivers/comedi/drivers/ni_pcimio.o
  CC [M]  drivers/gpu/drm/amd/amdgpu/../display/amdgpu_dm/amdgpu_dm_helpers.o
  CC [M]  drivers/net/ethernet/mellanox/mlx5/core/esw/bridge_mcast.o
  CC [M]  drivers/net/ethernet/mellanox/mlx5/core/esw/bridge_debugfs.o
  CC [M]  drivers/net/ethernet/mellanox/mlx5/core/en/rep/bridge.o
  CC [M]  drivers/net/ethernet/mellanox/mlx5/core/hwmon.o
  CC [M]  drivers/gpu/drm/amd/amdgpu/../display/amdgpu_dm/amdgpu_dm_pp_smu.o
  LD [M]  drivers/infiniband/core/rdma_ucm.o
  CC [M]  drivers/net/ethernet/mellanox/mlx5/core/lib/mpfs.o
  CC [M]  drivers/gpu/drm/nouveau/nvkm/engine/gr/ctxtu102.o
  CC [M]  drivers/net/ethernet/mellanox/mlx5/core/lib/clock.o
  CC [M]  drivers/comedi/drivers/rtd520.o
  CC [M]  drivers/gpu/drm/amd/amdgpu/../display/amdgpu_dm/amdgpu_dm_psr.o
  CC [M]  drivers/comedi/drivers/s626.o
  CC [M]  drivers/gpu/drm/nouveau/nvkm/engine/gr/ctxga102.o
  CC [M]  drivers/gpu/drm/amd/amdgpu/../display/amdgpu_dm/amdgpu_dm_replay.o
  CC [M]  drivers/gpu/drm/nouveau/nvkm/engine/mpeg/nv31.o
  CC [M]  drivers/comedi/drivers/mf6x4.o
  CC [M]  drivers/gpu/drm/nouveau/nvkm/engine/mpeg/nv40.o
  CC [M]  drivers/net/ethernet/mellanox/mlx5/core/ipoib/ipoib.o
  CC [M]  drivers/gpu/drm/amd/amdgpu/../display/amdgpu_dm/amdgpu_dm_hdcp.o
  CC [M]  drivers/comedi/drivers/cb_das16_cs.o
  CC [M]  drivers/gpu/drm/amd/amdgpu/../display/amdgpu_dm/amdgpu_dm_crc.o
  CC [M]  drivers/gpu/drm/nouveau/nvkm/engine/mpeg/nv44.o
  CC [M]  drivers/net/ethernet/mellanox/mlx5/core/ipoib/ethtool.o
  CC [M]  drivers/comedi/drivers/das08_cs.o
  CC [M]  drivers/net/ethernet/mellanox/mlx5/core/ipoib/ipoib_vlan.o
  CC [M]  drivers/gpu/drm/amd/amdgpu/../display/amdgpu_dm/amdgpu_dm_debugfs.o
  CC [M]  drivers/comedi/drivers/ni_daq_700.o
  CC [M]  drivers/gpu/drm/nouveau/nvkm/engine/mpeg/nv50.o
  CC [M]  drivers/comedi/drivers/ni_daq_dio24.o
  CC [M]  drivers/net/ethernet/mellanox/mlx5/core/fpga/cmd.o
  CC [M]  drivers/gpu/drm/amd/amdgpu/../display/dc/basics/conversion.o
  CC [M]  drivers/net/ethernet/mellanox/mlx5/core/fpga/core.o
  CC [M]  drivers/gpu/drm/amd/amdgpu/../display/dc/basics/fixpt31_32.o
  CC [M]  drivers/net/ethernet/mellanox/mlx5/core/fpga/conn.o
  CC [M]  drivers/net/ethernet/mellanox/mlx5/core/fpga/sdk.o
  CC [M]  drivers/gpu/drm/amd/amdgpu/../display/dc/basics/vector.o
  CC [M]  drivers/net/ethernet/mellanox/mlx5/core/en_accel/ipsec.o
  CC [M]  drivers/gpu/drm/amd/amdgpu/../display/dc/basics/dc_common.o
  CC [M]  drivers/comedi/drivers/ni_labpc_cs.o
  CC [M]  drivers/gpu/drm/nouveau/nvkm/engine/mpeg/g84.o
  CC [M]  drivers/net/ethernet/mellanox/mlx5/core/en_accel/ipsec_rxtx.o
  CC [M]  drivers/comedi/drivers/ni_mio_cs.o
  CC [M]  drivers/comedi/drivers/quatech_daqp_cs.o
  CC [M]  drivers/net/ethernet/mellanox/mlx5/core/en_accel/ipsec_stats.o
  CC [M]  drivers/gpu/drm/nouveau/nvkm/engine/mspdec/base.o
  CC [M]  drivers/comedi/drivers/dt9812.o
  CC [M]  drivers/net/ethernet/mellanox/mlx5/core/en_accel/ipsec_fs.o
  CC [M]  drivers/gpu/drm/amd/amdgpu/../display/dc/bios/bios_parser.o
  CC [M]  drivers/gpu/drm/nouveau/nvkm/engine/mspdec/g98.o
  CC [M]  drivers/gpu/drm/amd/amdgpu/../display/dc/bios/bios_parser_interface.o
  CC [M]  drivers/gpu/drm/nouveau/nvkm/engine/mspdec/gt215.o
  CC [M]  drivers/net/ethernet/mellanox/mlx5/core/en_accel/ipsec_offload.o
  CC [M]  drivers/gpu/drm/amd/amdgpu/../display/dc/bios/bios_parser_helper.o
  CC [M]  drivers/net/ethernet/mellanox/mlx5/core/lib/ipsec_fs_roce.o
  CC [M]  drivers/comedi/drivers/ni_usb6501.o
  CC [M]  drivers/gpu/drm/nouveau/nvkm/engine/mspdec/gf100.o
  CC [M]  drivers/gpu/drm/amd/amdgpu/../display/dc/bios/command_table.o
  CC [M]  drivers/gpu/drm/nouveau/nvkm/engine/mspdec/gk104.o
  CC [M]  drivers/net/ethernet/mellanox/mlx5/core/en_accel/ktls_stats.o
  CC [M]  drivers/gpu/drm/nouveau/nvkm/engine/msppp/base.o
  CC [M]  drivers/gpu/drm/nouveau/nvkm/engine/msppp/g98.o
  CC [M]  drivers/comedi/drivers/usbdux.o
  CC [M]  drivers/gpu/drm/amd/amdgpu/../display/dc/bios/command_table_helper.o
  CC [M]  drivers/gpu/drm/nouveau/nvkm/engine/msppp/gt215.o
  CC [M]  drivers/net/ethernet/mellanox/mlx5/core/en_accel/fs_tcp.o
  CC [M]  drivers/net/ethernet/mellanox/mlx5/core/en_accel/ktls.o
  CC [M]  drivers/gpu/drm/amd/amdgpu/../display/dc/bios/bios_parser_common.o
  CC [M]  drivers/comedi/drivers/usbduxfast.o
  CC [M]  drivers/gpu/drm/nouveau/nvkm/engine/msppp/gf100.o
  CC [M]  drivers/net/ethernet/mellanox/mlx5/core/en_accel/ktls_txrx.o
  CC [M]  drivers/gpu/drm/nouveau/nvkm/engine/msvld/base.o
  CC [M]  drivers/net/ethernet/mellanox/mlx5/core/en_accel/ktls_tx.o
  CC [M]  drivers/gpu/drm/amd/amdgpu/../display/dc/bios/command_table2.o
  CC [M]  drivers/net/ethernet/mellanox/mlx5/core/en_accel/ktls_rx.o
  CC [M]  drivers/comedi/drivers/usbduxsigma.o
  CC [M]  drivers/gpu/drm/nouveau/nvkm/engine/msvld/g98.o
  CC [M]  drivers/comedi/drivers/vmk80xx.o
  CC [M]  drivers/gpu/drm/amd/amdgpu/../display/dc/bios/command_table_helper2.o
  CC [M]  drivers/net/ethernet/mellanox/mlx5/core/steering/dr_domain.o
  CC [M]  drivers/comedi/drivers/mite.o
  CC [M]  drivers/gpu/drm/nouveau/nvkm/engine/msvld/gt215.o
  CC [M]  drivers/gpu/drm/amd/amdgpu/../display/dc/bios/bios_parser2.o
  CC [M]  drivers/net/ethernet/mellanox/mlx5/core/steering/dr_table.o
  CC [M]  drivers/gpu/drm/nouveau/nvkm/engine/msvld/mcp89.o
  CC [M]  drivers/gpu/drm/amd/amdgpu/../display/dc/bios/dce60/command_table_helper_dce60.o
  CC [M]  drivers/comedi/drivers/ni_tio.o
  CC [M]  drivers/comedi/drivers/ni_tiocmd.o
  CC [M]  drivers/gpu/drm/amd/amdgpu/../display/dc/bios/dce80/command_table_helper_dce80.o
  CC [M]  drivers/gpu/drm/amd/amdgpu/../display/dc/bios/dce110/command_table_helper_dce110.o
  CC [M]  drivers/net/ethernet/mellanox/mlx5/core/steering/dr_matcher.o
  CC [M]  drivers/net/ethernet/mellanox/mlx5/core/steering/dr_rule.o
  CC [M]  drivers/comedi/drivers/ni_routes.o
  CC [M]  drivers/gpu/drm/amd/amdgpu/../display/dc/bios/dce112/command_table_helper_dce112.o
  CC [M]  drivers/comedi/drivers/ni_routing/ni_route_values.o
  CC [M]  drivers/net/ethernet/mellanox/mlx5/core/steering/dr_icm_pool.o
  CC [M]  drivers/gpu/drm/nouveau/nvkm/engine/msvld/gf100.o
  CC [M]  drivers/comedi/drivers/ni_routing/ni_route_values/ni_660x.o
  CC [M]  drivers/gpu/drm/nouveau/nvkm/engine/msvld/gk104.o
  CC [M]  drivers/net/ethernet/mellanox/mlx5/core/steering/dr_buddy.o
  CC [M]  drivers/gpu/drm/amd/amdgpu/../display/dc/bios/dce112/command_table_helper2_dce112.o
  CC [M]  drivers/gpu/drm/nouveau/nvkm/engine/nvenc/base.o
  CC [M]  drivers/comedi/drivers/ni_routing/ni_route_values/ni_eseries.o
  CC [M]  drivers/gpu/drm/amd/amdgpu/../display/dc/dml/calcs/dce_calcs.o
  CC [M]  drivers/gpu/drm/nouveau/nvkm/engine/nvenc/gm107.o
  CC [M]  drivers/net/ethernet/mellanox/mlx5/core/steering/dr_ste.o
  CC [M]  drivers/comedi/drivers/ni_routing/ni_route_values/ni_mseries.o
  CC [M]  drivers/comedi/drivers/ni_routing/ni_device_routes.o
  CC [M]  drivers/gpu/drm/amd/amdgpu/../display/dc/dml/calcs/custom_float.o
  CC [M]  drivers/comedi/drivers/ni_routing/ni_device_routes/pxi-6030e.o
  CC [M]  drivers/comedi/drivers/ni_routing/ni_device_routes/pci-6070e.o
  CC [M]  drivers/gpu/drm/nouveau/nvkm/engine/nvdec/base.o
  CC [M]  drivers/comedi/drivers/ni_routing/ni_device_routes/pci-6220.o
  CC [M]  drivers/net/ethernet/mellanox/mlx5/core/steering/dr_send.o
  CC [M]  drivers/gpu/drm/amd/amdgpu/../display/dc/dml/calcs/bw_fixed.o
  CC [M]  drivers/comedi/drivers/ni_routing/ni_device_routes/pci-6221.o
  CC [M]  drivers/gpu/drm/nouveau/nvkm/engine/nvdec/gm107.o
  CC [M]  drivers/net/ethernet/mellanox/mlx5/core/steering/dr_ste_v0.o
  CC [M]  drivers/gpu/drm/amd/amdgpu/../display/dc/dml/display_mode_lib.o
  CC [M]  drivers/comedi/drivers/ni_routing/ni_device_routes/pxi-6224.o
  CC [M]  drivers/gpu/drm/nouveau/nvkm/engine/nvdec/ga102.o
  CC [M]  drivers/net/ethernet/mellanox/mlx5/core/steering/dr_ste_v1.o
  CC [M]  drivers/comedi/drivers/ni_routing/ni_device_routes/pxi-6225.o
  CC [M]  drivers/comedi/drivers/ni_routing/ni_device_routes/pci-6229.o
  CC [M]  drivers/gpu/drm/nouveau/nvkm/engine/pm/base.o
  CC [M]  drivers/gpu/drm/amd/amdgpu/../display/dc/dml/display_rq_dlg_helpers.o
  CC [M]  drivers/comedi/drivers/ni_routing/ni_device_routes/pci-6251.o
  CC [M]  drivers/comedi/drivers/ni_routing/ni_device_routes/pxi-6251.o
  CC [M]  drivers/gpu/drm/amd/amdgpu/../display/dc/dml/dml1_display_rq_dlg_calc.o
  CC [M]  drivers/gpu/drm/nouveau/nvkm/engine/pm/nv40.o
  CC [M]  drivers/comedi/drivers/ni_routing/ni_device_routes/pxie-6251.o
  CC [M]  drivers/gpu/drm/nouveau/nvkm/engine/pm/nv50.o
  CC [M]  drivers/comedi/drivers/ni_routing/ni_device_routes/pci-6254.o
  CC [M]  drivers/net/ethernet/mellanox/mlx5/core/steering/dr_ste_v2.o
  CC [M]  drivers/gpu/drm/amd/amdgpu/../display/dc/dml/dcn10/dcn10_fpu.o
  CC [M]  drivers/net/ethernet/mellanox/mlx5/core/steering/dr_cmd.o
  CC [M]  drivers/comedi/drivers/ni_routing/ni_device_routes/pci-6259.o
  CC [M]  drivers/gpu/drm/amd/amdgpu/../display/dc/dml/dcn20/dcn20_fpu.o
  CC [M]  drivers/comedi/drivers/ni_routing/ni_device_routes/pci-6534.o
  CC [M]  drivers/gpu/drm/amd/amdgpu/../display/dc/dml/display_mode_vba.o
  CC [M]  drivers/comedi/drivers/ni_routing/ni_device_routes/pxie-6535.o
  CC [M]  drivers/gpu/drm/nouveau/nvkm/engine/pm/g84.o
  CC [M]  drivers/comedi/drivers/ni_routing/ni_device_routes/pci-6602.o
  CC [M]  drivers/net/ethernet/mellanox/mlx5/core/steering/dr_fw.o
  CC [M]  drivers/comedi/drivers/ni_routing/ni_device_routes/pci-6713.o
  CC [M]  drivers/gpu/drm/amd/amdgpu/../display/dc/dml/dcn20/display_rq_dlg_calc_20.o
  CC [M]  drivers/comedi/drivers/ni_routing/ni_device_routes/pci-6723.o
  CC [M]  drivers/gpu/drm/nouveau/nvkm/engine/pm/gt200.o
  CC [M]  drivers/comedi/drivers/ni_routing/ni_device_routes/pci-6733.o
  CC [M]  drivers/net/ethernet/mellanox/mlx5/core/steering/dr_action.o
  CC [M]  drivers/comedi/drivers/ni_routing/ni_device_routes/pxi-6733.o
  CC [M]  drivers/gpu/drm/amd/amdgpu/../display/dc/dml/dcn20/display_mode_vba_20.o
  CC [M]  drivers/gpu/drm/amd/amdgpu/../display/dc/dml/dcn20/display_rq_dlg_calc_20v2.o
  CC [M]  drivers/net/ethernet/mellanox/mlx5/core/steering/fs_dr.o
  LD [M]  drivers/infiniband/hw/hfi1/hfi1.o
  CC [M]  drivers/comedi/drivers/ni_routing/ni_device_routes/pxie-6738.o
  CC [M]  drivers/gpu/drm/nouveau/nvkm/engine/pm/gt215.o
  CC [M]  drivers/gpu/drm/nouveau/nvkm/engine/pm/gf100.o
  CC [M]  drivers/comedi/drivers/ni_labpc_common.o
  CC [M]  drivers/net/ethernet/mellanox/mlx5/core/steering/dr_definer.o
  CC [M]  drivers/gpu/drm/amd/amdgpu/../display/dc/dml/dcn20/display_mode_vba_20v2.o
  CC [M]  drivers/comedi/drivers/ni_labpc_isadma.o
  CC [M]  drivers/net/ethernet/mellanox/mlx5/core/steering/dr_ptrn.o
  CC [M]  drivers/gpu/drm/amd/amdgpu/../display/dc/dml/dcn21/display_rq_dlg_calc_21.o
  CC [M]  drivers/gpu/drm/amd/amdgpu/../display/dc/dml/dcn21/display_mode_vba_21.o
  CC [M]  drivers/net/ethernet/mellanox/mlx5/core/steering/dr_arg.o
  CC [M]  drivers/net/ethernet/mellanox/mlx5/core/steering/dr_dbg.o
  CC [M]  drivers/comedi/drivers/comedi_8255.o
  CC [M]  drivers/gpu/drm/amd/amdgpu/../display/dc/dml/dcn30/dcn30_fpu.o
  CC [M]  drivers/comedi/drivers/8255.o
  CC [M]  drivers/net/ethernet/mellanox/mlx5/core/lib/smfs.o
  CC [M]  drivers/gpu/drm/nouveau/nvkm/engine/pm/gf108.o
  CC [M]  drivers/net/ethernet/mellanox/mlx5/core/sf/vhca_event.o
  CC [M]  drivers/gpu/drm/nouveau/nvkm/engine/pm/gf117.o
  CC [M]  drivers/net/ethernet/mellanox/mlx5/core/sf/dev/dev.o
  CC [M]  drivers/gpu/drm/amd/amdgpu/../display/dc/dml/dcn30/display_mode_vba_30.o
  CC [M]  drivers/net/ethernet/mellanox/mlx5/core/sf/dev/driver.o
  CC [M]  drivers/comedi/drivers/amplc_dio200_common.o
  CC [M]  drivers/gpu/drm/amd/amdgpu/../display/dc/dml/dcn30/display_rq_dlg_calc_30.o
  CC [M]  drivers/net/ethernet/mellanox/mlx5/core/irq_affinity.o
  CC [M]  drivers/gpu/drm/amd/amdgpu/../display/dc/dml/dcn31/display_mode_vba_31.o
  CC [M]  drivers/gpu/drm/nouveau/nvkm/engine/pm/gk104.o
  CC [M]  drivers/net/ethernet/mellanox/mlx5/core/sf/cmd.o
  CC [M]  drivers/gpu/drm/amd/amdgpu/../display/dc/dml/dcn31/display_rq_dlg_calc_31.o
  CC [M]  drivers/net/ethernet/mellanox/mlx5/core/sf/hw_table.o
  CC [M]  drivers/net/ethernet/mellanox/mlx5/core/sf/devlink.o
  CC [M]  drivers/comedi/drivers/amplc_pc236_common.o
  CC [M]  drivers/gpu/drm/nouveau/nvkm/engine/sec/g98.o
  CC [M]  drivers/gpu/drm/amd/amdgpu/../display/dc/dml/dcn314/display_mode_vba_314.o
  CC [M]  drivers/comedi/drivers/das08.o
  CC [M]  drivers/gpu/drm/amd/amdgpu/../display/dc/dml/dcn314/display_rq_dlg_calc_314.o
  CC [M]  drivers/gpu/drm/amd/amdgpu/../display/dc/dml/dcn32/display_mode_vba_32.o
  CC [M]  drivers/gpu/drm/amd/amdgpu/../display/dc/dml/dcn32/display_rq_dlg_calc_32.o
  CC [M]  drivers/gpu/drm/nouveau/nvkm/engine/sec2/base.o
  CC [M]  drivers/gpu/drm/nouveau/nvkm/engine/sec2/gp102.o
  CC [M]  drivers/gpu/drm/amd/amdgpu/../display/dc/dml/dcn32/display_mode_vba_util_32.o
  CC [M]  drivers/gpu/drm/amd/amdgpu/../display/dc/dml/dcn31/dcn31_fpu.o
  CC [M]  drivers/gpu/drm/nouveau/nvkm/engine/sec2/gp108.o
  CC [M]  drivers/gpu/drm/amd/amdgpu/../display/dc/dml/dcn32/dcn32_fpu.o
  CC [M]  drivers/gpu/drm/amd/amdgpu/../display/dc/dml/dcn321/dcn321_fpu.o
  CC [M]  drivers/gpu/drm/nouveau/nvkm/engine/sec2/tu102.o
  CC [M]  drivers/gpu/drm/nouveau/nvkm/engine/sec2/ga102.o
  CC [M]  drivers/gpu/drm/amd/amdgpu/../display/dc/dml/dcn301/dcn301_fpu.o
  CC [M]  drivers/gpu/drm/amd/amdgpu/../display/dc/dml/dcn302/dcn302_fpu.o
  CC [M]  drivers/gpu/drm/nouveau/nvkm/engine/sw/base.o
  CC [M]  drivers/net/ethernet/mellanox/mlx5/core/en/hv_vhca_stats.o
  CC [M]  drivers/gpu/drm/amd/amdgpu/../display/dc/dml/dcn303/dcn303_fpu.o
  CC [M]  drivers/net/ethernet/mellanox/mlx5/core/lib/vxlan.o
  CC [M]  drivers/gpu/drm/nouveau/nvkm/engine/sw/nv04.o
  CC [M]  drivers/gpu/drm/amd/amdgpu/../display/dc/dml/dcn314/dcn314_fpu.o
  CC [M]  drivers/net/ethernet/mellanox/mlx5/core/lib/hv.o
  CC [M]  drivers/gpu/drm/nouveau/nvkm/engine/sw/nv10.o
  CC [M]  drivers/gpu/drm/amd/amdgpu/../display/dc/dml/dsc/rc_calc_fpu.o
  CC [M]  drivers/gpu/drm/nouveau/nvkm/engine/sw/nv50.o
  CC [M]  drivers/gpu/drm/amd/amdgpu/../display/dc/dml/calcs/dcn_calcs.o
  CC [M]  drivers/gpu/drm/nouveau/nvkm/engine/sw/gf100.o
  CC [M]  drivers/net/ethernet/mellanox/mlx5/core/lib/hv_vhca.o
  CC [M]  drivers/gpu/drm/amd/amdgpu/../display/dc/dml/calcs/dcn_calc_math.o
  CC [M]  drivers/gpu/drm/nouveau/nvkm/engine/sw/chan.o
  CC [M]  drivers/gpu/drm/amd/amdgpu/../display/dc/dml/calcs/dcn_calc_auto.o
  CC [M]  drivers/gpu/drm/nouveau/nvkm/engine/sw/nvsw.o
  CC [M]  drivers/gpu/drm/amd/amdgpu/../display/dc/clk_mgr/clk_mgr.o
  CC [M]  drivers/gpu/drm/nouveau/nvkm/engine/vp/g84.o
  LD [M]  drivers/comedi/drivers/ni_routing.o
  CC [M]  drivers/gpu/drm/amd/amdgpu/../display/dc/clk_mgr/dce60/dce60_clk_mgr.o
  CC [M]  drivers/gpu/drm/amd/amdgpu/../display/dc/clk_mgr/dce100/dce_clk_mgr.o
  CC [M]  drivers/gpu/drm/amd/amdgpu/../display/dc/clk_mgr/dce110/dce110_clk_mgr.o
  CC [M]  drivers/gpu/drm/nouveau/nouveau_acpi.o
  CC [M]  drivers/gpu/drm/nouveau/nouveau_debugfs.o
  CC [M]  drivers/gpu/drm/amd/amdgpu/../display/dc/clk_mgr/dce112/dce112_clk_mgr.o
  CC [M]  drivers/gpu/drm/amd/amdgpu/../display/dc/clk_mgr/dce120/dce120_clk_mgr.o
  CC [M]  drivers/gpu/drm/nouveau/nouveau_drm.o
  CC [M]  drivers/gpu/drm/amd/amdgpu/../display/dc/clk_mgr/dcn10/rv1_clk_mgr.o
  CC [M]  drivers/gpu/drm/nouveau/nouveau_hwmon.o
  CC [M]  drivers/gpu/drm/nouveau/nouveau_ioc32.o
  CC [M]  drivers/gpu/drm/nouveau/nouveau_led.o
  CC [M]  drivers/gpu/drm/amd/amdgpu/../display/dc/clk_mgr/dcn10/rv1_clk_mgr_vbios_smu.o
  CC [M]  drivers/gpu/drm/nouveau/nouveau_nvif.o
  CC [M]  drivers/gpu/drm/amd/amdgpu/../display/dc/clk_mgr/dcn10/rv2_clk_mgr.o
  CC [M]  drivers/gpu/drm/nouveau/nouveau_usif.o
  CC [M]  drivers/gpu/drm/amd/amdgpu/../display/dc/clk_mgr/dcn20/dcn20_clk_mgr.o
  CC [M]  drivers/gpu/drm/nouveau/nouveau_vga.o
  CC [M]  drivers/gpu/drm/nouveau/nouveau_bo.o
  CC [M]  drivers/gpu/drm/amd/amdgpu/../display/dc/clk_mgr/dcn201/dcn201_clk_mgr.o
  CC [M]  drivers/gpu/drm/amd/amdgpu/../display/dc/clk_mgr/dcn21/rn_clk_mgr.o
  CC [M]  drivers/gpu/drm/nouveau/nouveau_bo0039.o
  LD [M]  drivers/net/ethernet/mellanox/mlx5/core/mlx5_core.o
  CC [M]  drivers/gpu/drm/amd/amdgpu/../display/dc/clk_mgr/dcn21/rn_clk_mgr_vbios_smu.o
  CC [M]  drivers/gpu/drm/nouveau/nouveau_bo5039.o
  CC [M]  drivers/gpu/drm/amd/amdgpu/../display/dc/clk_mgr/dcn30/dcn30_clk_mgr.o
  CC [M]  drivers/gpu/drm/nouveau/nouveau_bo74c1.o
  CC [M]  drivers/gpu/drm/amd/amdgpu/../display/dc/clk_mgr/dcn30/dcn30_clk_mgr_smu_msg.o
  CC [M]  drivers/gpu/drm/nouveau/nouveau_bo85b5.o
  CC [M]  drivers/gpu/drm/amd/amdgpu/../display/dc/clk_mgr/dcn301/vg_clk_mgr.o
  CC [M]  drivers/gpu/drm/amd/amdgpu/../display/dc/clk_mgr/dcn301/dcn301_smu.o
  CC [M]  drivers/gpu/drm/nouveau/nouveau_bo9039.o
  CC [M]  drivers/gpu/drm/amd/amdgpu/../display/dc/clk_mgr/dcn31/dcn31_smu.o
  CC [M]  drivers/gpu/drm/amd/amdgpu/../display/dc/clk_mgr/dcn31/dcn31_clk_mgr.o
  CC [M]  drivers/gpu/drm/nouveau/nouveau_bo90b5.o
  CC [M]  drivers/gpu/drm/amd/amdgpu/../display/dc/clk_mgr/dcn314/dcn314_smu.o
  CC [M]  drivers/gpu/drm/nouveau/nouveau_boa0b5.o
  CC [M]  drivers/gpu/drm/amd/amdgpu/../display/dc/clk_mgr/dcn314/dcn314_clk_mgr.o
  CC [M]  drivers/gpu/drm/nouveau/nouveau_gem.o
  CC [M]  drivers/gpu/drm/amd/amdgpu/../display/dc/clk_mgr/dcn315/dcn315_smu.o
  CC [M]  drivers/gpu/drm/amd/amdgpu/../display/dc/clk_mgr/dcn315/dcn315_clk_mgr.o
  CC [M]  drivers/gpu/drm/nouveau/nouveau_mem.o
  CC [M]  drivers/gpu/drm/nouveau/nouveau_prime.o
  CC [M]  drivers/gpu/drm/amd/amdgpu/../display/dc/clk_mgr/dcn316/dcn316_smu.o
  CC [M]  drivers/gpu/drm/nouveau/nouveau_sgdma.o
  CC [M]  drivers/gpu/drm/nouveau/nouveau_ttm.o
  CC [M]  drivers/gpu/drm/amd/amdgpu/../display/dc/clk_mgr/dcn316/dcn316_clk_mgr.o
  CC [M]  drivers/gpu/drm/amd/amdgpu/../display/dc/clk_mgr/dcn32/dcn32_clk_mgr.o
  CC [M]  drivers/gpu/drm/amd/amdgpu/../display/dc/clk_mgr/dcn32/dcn32_clk_mgr_smu_msg.o
  CC [M]  drivers/gpu/drm/nouveau/nouveau_vmm.o
  CC [M]  drivers/gpu/drm/nouveau/nouveau_exec.o
  CC [M]  drivers/gpu/drm/amd/amdgpu/../display/dc/dce/dce_audio.o
  CC [M]  drivers/gpu/drm/nouveau/nouveau_sched.o
  AR      drivers/net/ethernet/built-in.a
  CC [M]  drivers/gpu/drm/amd/amdgpu/../display/dc/dce/dce_stream_encoder.o
  CC [M]  drivers/gpu/drm/amd/amdgpu/../display/dc/dce/dce_link_encoder.o
  CC [M]  drivers/gpu/drm/amd/amdgpu/../display/dc/dce/dce_hwseq.o
  CC [M]  drivers/gpu/drm/nouveau/nouveau_uvmm.o
  AR      drivers/net/built-in.a
  CC [M]  drivers/gpu/drm/amd/amdgpu/../display/dc/dce/dce_mem_input.o
  CC [M]  drivers/gpu/drm/nouveau/nouveau_backlight.o
  CC [M]  drivers/gpu/drm/amd/amdgpu/../display/dc/dce/dce_clock_source.o
  CC [M]  drivers/gpu/drm/nouveau/nouveau_bios.o
  CC [M]  drivers/gpu/drm/amd/amdgpu/../display/dc/dce/dce_scl_filters.o
  CC [M]  drivers/gpu/drm/nouveau/nouveau_connector.o
  CC [M]  drivers/gpu/drm/nouveau/nouveau_display.o
  CC [M]  drivers/gpu/drm/nouveau/nouveau_dp.o
  CC [M]  drivers/gpu/drm/amd/amdgpu/../display/dc/dce/dce_transform.o
  CC [M]  drivers/gpu/drm/amd/amdgpu/../display/dc/dce/dce_opp.o
  CC [M]  drivers/gpu/drm/amd/amdgpu/../display/dc/dce/dce_dmcu.o
  CC [M]  drivers/gpu/drm/amd/amdgpu/../display/dc/dce/dce_abm.o
  CC [M]  drivers/gpu/drm/nouveau/dispnv04/arb.o
  CC [M]  drivers/gpu/drm/nouveau/dispnv04/crtc.o
  CC [M]  drivers/gpu/drm/amd/amdgpu/../display/dc/dce/dce_ipp.o
  CC [M]  drivers/gpu/drm/nouveau/dispnv04/cursor.o
  CC [M]  drivers/gpu/drm/amd/amdgpu/../display/dc/dce/dce_aux.o
  CC [M]  drivers/gpu/drm/amd/amdgpu/../display/dc/dce/dce_i2c.o
  CC [M]  drivers/gpu/drm/nouveau/dispnv04/dac.o
  CC [M]  drivers/gpu/drm/amd/amdgpu/../display/dc/dce/dce_i2c_hw.o
  CC [M]  drivers/gpu/drm/amd/amdgpu/../display/dc/dce/dce_i2c_sw.o
  CC [M]  drivers/gpu/drm/amd/amdgpu/../display/dc/dce/dmub_psr.o
  CC [M]  drivers/gpu/drm/nouveau/dispnv04/dfp.o
  CC [M]  drivers/gpu/drm/amd/amdgpu/../display/dc/dce/dmub_abm.o
  CC [M]  drivers/gpu/drm/nouveau/dispnv04/disp.o
  CC [M]  drivers/gpu/drm/nouveau/dispnv04/hw.o
  CC [M]  drivers/gpu/drm/nouveau/dispnv04/overlay.o
  CC [M]  drivers/gpu/drm/amd/amdgpu/../display/dc/dce/dmub_abm_lcd.o
  CC [M]  drivers/gpu/drm/nouveau/dispnv04/tvmodesnv17.o
  CC [M]  drivers/gpu/drm/nouveau/dispnv04/tvnv04.o
  CC [M]  drivers/gpu/drm/amd/amdgpu/../display/dc/dce/dce_panel_cntl.o
  CC [M]  drivers/gpu/drm/amd/amdgpu/../display/dc/dce/dmub_hw_lock_mgr.o
  CC [M]  drivers/gpu/drm/nouveau/dispnv04/tvnv17.o
  CC [M]  drivers/gpu/drm/nouveau/dispnv50/disp.o
  CC [M]  drivers/gpu/drm/nouveau/dispnv50/lut.o
  CC [M]  drivers/gpu/drm/amd/amdgpu/../display/dc/dce/dmub_outbox.o
  CC [M]  drivers/gpu/drm/amd/amdgpu/../display/dc/dce/dmub_replay.o
  CC [M]  drivers/gpu/drm/nouveau/dispnv50/core.o
  CC [M]  drivers/gpu/drm/amd/amdgpu/../display/dc/gpio/gpio_base.o
  CC [M]  drivers/gpu/drm/nouveau/dispnv50/core507d.o
  CC [M]  drivers/gpu/drm/amd/amdgpu/../display/dc/gpio/gpio_service.o
  CC [M]  drivers/gpu/drm/amd/amdgpu/../display/dc/gpio/hw_factory.o
  CC [M]  drivers/gpu/drm/amd/amdgpu/../display/dc/gpio/hw_gpio.o
  CC [M]  drivers/gpu/drm/amd/amdgpu/../display/dc/gpio/hw_hpd.o
  CC [M]  drivers/gpu/drm/amd/amdgpu/../display/dc/gpio/hw_ddc.o
  CC [M]  drivers/gpu/drm/nouveau/dispnv50/core827d.o
  CC [M]  drivers/gpu/drm/amd/amdgpu/../display/dc/gpio/hw_generic.o
  CC [M]  drivers/gpu/drm/nouveau/dispnv50/core907d.o
  CC [M]  drivers/gpu/drm/nouveau/dispnv50/core917d.o
  CC [M]  drivers/gpu/drm/nouveau/dispnv50/corec37d.o
  CC [M]  drivers/gpu/drm/amd/amdgpu/../display/dc/gpio/hw_translate.o
  CC [M]  drivers/gpu/drm/amd/amdgpu/../display/dc/gpio/dce60/hw_translate_dce60.o
  CC [M]  drivers/gpu/drm/amd/amdgpu/../display/dc/gpio/dce60/hw_factory_dce60.o
  CC [M]  drivers/gpu/drm/nouveau/dispnv50/corec57d.o
  CC [M]  drivers/gpu/drm/nouveau/dispnv50/crc.o
  CC [M]  drivers/gpu/drm/nouveau/dispnv50/crc907d.o
  CC [M]  drivers/gpu/drm/nouveau/dispnv50/crcc37d.o
  CC [M]  drivers/gpu/drm/amd/amdgpu/../display/dc/gpio/dce80/hw_translate_dce80.o
  CC [M]  drivers/gpu/drm/nouveau/dispnv50/crcc57d.o
  CC [M]  drivers/gpu/drm/amd/amdgpu/../display/dc/gpio/dce80/hw_factory_dce80.o
  CC [M]  drivers/gpu/drm/nouveau/dispnv50/dac507d.o
  CC [M]  drivers/gpu/drm/amd/amdgpu/../display/dc/gpio/dce110/hw_translate_dce110.o
  CC [M]  drivers/gpu/drm/nouveau/dispnv50/dac907d.o
  CC [M]  drivers/gpu/drm/amd/amdgpu/../display/dc/gpio/dce110/hw_factory_dce110.o
  CC [M]  drivers/gpu/drm/nouveau/dispnv50/pior507d.o
  CC [M]  drivers/gpu/drm/amd/amdgpu/../display/dc/gpio/dce120/hw_translate_dce120.o
  CC [M]  drivers/gpu/drm/nouveau/dispnv50/sor507d.o
  CC [M]  drivers/gpu/drm/amd/amdgpu/../display/dc/gpio/dce120/hw_factory_dce120.o
  CC [M]  drivers/gpu/drm/amd/amdgpu/../display/dc/gpio/dcn10/hw_translate_dcn10.o
  CC [M]  drivers/gpu/drm/amd/amdgpu/../display/dc/gpio/dcn10/hw_factory_dcn10.o
  CC [M]  drivers/gpu/drm/nouveau/dispnv50/sor907d.o
  CC [M]  drivers/gpu/drm/amd/amdgpu/../display/dc/gpio/dcn20/hw_translate_dcn20.o
  CC [M]  drivers/gpu/drm/nouveau/dispnv50/sorc37d.o
  CC [M]  drivers/gpu/drm/amd/amdgpu/../display/dc/gpio/dcn20/hw_factory_dcn20.o
  CC [M]  drivers/gpu/drm/amd/amdgpu/../display/dc/gpio/dcn21/hw_translate_dcn21.o
  CC [M]  drivers/gpu/drm/nouveau/dispnv50/head.o
  CC [M]  drivers/gpu/drm/nouveau/dispnv50/head507d.o
  CC [M]  drivers/gpu/drm/nouveau/dispnv50/head827d.o
  CC [M]  drivers/gpu/drm/nouveau/dispnv50/head907d.o
  CC [M]  drivers/gpu/drm/amd/amdgpu/../display/dc/gpio/dcn21/hw_factory_dcn21.o
  CC [M]  drivers/gpu/drm/nouveau/dispnv50/head917d.o
  CC [M]  drivers/gpu/drm/amd/amdgpu/../display/dc/gpio/dcn30/hw_translate_dcn30.o
  CC [M]  drivers/gpu/drm/nouveau/dispnv50/headc37d.o
  CC [M]  drivers/gpu/drm/nouveau/dispnv50/headc57d.o
  CC [M]  drivers/gpu/drm/amd/amdgpu/../display/dc/gpio/dcn30/hw_factory_dcn30.o
  CC [M]  drivers/gpu/drm/amd/amdgpu/../display/dc/gpio/dcn315/hw_translate_dcn315.o
  CC [M]  drivers/gpu/drm/nouveau/dispnv50/wimm.o
  CC [M]  drivers/gpu/drm/amd/amdgpu/../display/dc/gpio/dcn315/hw_factory_dcn315.o
  CC [M]  drivers/gpu/drm/nouveau/dispnv50/wimmc37b.o
  CC [M]  drivers/gpu/drm/nouveau/dispnv50/wndw.o
  CC [M]  drivers/gpu/drm/amd/amdgpu/../display/dc/gpio/dcn32/hw_translate_dcn32.o
  CC [M]  drivers/gpu/drm/nouveau/dispnv50/wndwc37e.o
  CC [M]  drivers/gpu/drm/amd/amdgpu/../display/dc/gpio/dcn32/hw_factory_dcn32.o
  CC [M]  drivers/gpu/drm/amd/amdgpu/../display/dc/irq/irq_service.o
  CC [M]  drivers/gpu/drm/amd/amdgpu/../display/dc/irq/dce60/irq_service_dce60.o
  CC [M]  drivers/gpu/drm/amd/amdgpu/../display/dc/irq/dce80/irq_service_dce80.o
  CC [M]  drivers/gpu/drm/amd/amdgpu/../display/dc/irq/dce110/irq_service_dce110.o
  CC [M]  drivers/gpu/drm/nouveau/dispnv50/wndwc57e.o
  CC [M]  drivers/gpu/drm/amd/amdgpu/../display/dc/irq/dce120/irq_service_dce120.o
  CC [M]  drivers/gpu/drm/amd/amdgpu/../display/dc/irq/dcn10/irq_service_dcn10.o
  CC [M]  drivers/gpu/drm/nouveau/dispnv50/wndwc67e.o
  CC [M]  drivers/gpu/drm/amd/amdgpu/../display/dc/irq/dcn20/irq_service_dcn20.o
  CC [M]  drivers/gpu/drm/amd/amdgpu/../display/dc/irq/dcn21/irq_service_dcn21.o
  CC [M]  drivers/gpu/drm/nouveau/dispnv50/base.o
  CC [M]  drivers/gpu/drm/amd/amdgpu/../display/dc/irq/dcn201/irq_service_dcn201.o
  CC [M]  drivers/gpu/drm/nouveau/dispnv50/base507c.o
  CC [M]  drivers/gpu/drm/amd/amdgpu/../display/dc/irq/dcn30/irq_service_dcn30.o
  CC [M]  drivers/gpu/drm/nouveau/dispnv50/base827c.o
  CC [M]  drivers/gpu/drm/nouveau/dispnv50/base907c.o
  CC [M]  drivers/gpu/drm/amd/amdgpu/../display/dc/irq/dcn302/irq_service_dcn302.o
  CC [M]  drivers/gpu/drm/nouveau/dispnv50/base917c.o
  CC [M]  drivers/gpu/drm/amd/amdgpu/../display/dc/irq/dcn303/irq_service_dcn303.o
  CC [M]  drivers/gpu/drm/nouveau/dispnv50/curs.o
  CC [M]  drivers/gpu/drm/nouveau/dispnv50/curs507a.o
  CC [M]  drivers/gpu/drm/amd/amdgpu/../display/dc/irq/dcn31/irq_service_dcn31.o
  CC [M]  drivers/gpu/drm/amd/amdgpu/../display/dc/irq/dcn314/irq_service_dcn314.o
  CC [M]  drivers/gpu/drm/amd/amdgpu/../display/dc/irq/dcn315/irq_service_dcn315.o
  CC [M]  drivers/gpu/drm/amd/amdgpu/../display/dc/irq/dcn32/irq_service_dcn32.o
  CC [M]  drivers/gpu/drm/nouveau/dispnv50/curs907a.o
  CC [M]  drivers/gpu/drm/nouveau/dispnv50/cursc37a.o
  CC [M]  drivers/gpu/drm/nouveau/dispnv50/oimm.o
  CC [M]  drivers/gpu/drm/nouveau/dispnv50/oimm507b.o
  CC [M]  drivers/gpu/drm/amd/amdgpu/../display/dc/link/link_detection.o
  CC [M]  drivers/gpu/drm/amd/amdgpu/../display/dc/link/link_dpms.o
  CC [M]  drivers/gpu/drm/nouveau/dispnv50/ovly.o
  CC [M]  drivers/gpu/drm/nouveau/dispnv50/ovly507e.o
  CC [M]  drivers/gpu/drm/amd/amdgpu/../display/dc/link/link_factory.o
  CC [M]  drivers/gpu/drm/amd/amdgpu/../display/dc/link/link_resource.o
  CC [M]  drivers/gpu/drm/amd/amdgpu/../display/dc/link/link_validation.o
  CC [M]  drivers/gpu/drm/nouveau/dispnv50/ovly827e.o
  CC [M]  drivers/gpu/drm/amd/amdgpu/../display/dc/link/accessories/link_dp_trace.o
  CC [M]  drivers/gpu/drm/amd/amdgpu/../display/dc/link/accessories/link_dp_cts.o
  CC [M]  drivers/gpu/drm/nouveau/dispnv50/ovly907e.o
  CC [M]  drivers/gpu/drm/amd/amdgpu/../display/dc/link/accessories/link_fpga.o
  CC [M]  drivers/gpu/drm/nouveau/dispnv50/ovly917e.o
  CC [M]  drivers/gpu/drm/nouveau/nouveau_abi16.o
  CC [M]  drivers/gpu/drm/nouveau/nouveau_chan.o
  CC [M]  drivers/gpu/drm/amd/amdgpu/../display/dc/link/hwss/link_hwss_dio.o
  CC [M]  drivers/gpu/drm/amd/amdgpu/../display/dc/link/hwss/link_hwss_dpia.o
  CC [M]  drivers/gpu/drm/nouveau/nouveau_dma.o
  CC [M]  drivers/gpu/drm/amd/amdgpu/../display/dc/link/hwss/link_hwss_hpo_dp.o
  CC [M]  drivers/gpu/drm/nouveau/nouveau_fence.o
  CC [M]  drivers/gpu/drm/nouveau/nv04_fence.o
  CC [M]  drivers/gpu/drm/nouveau/nv10_fence.o
  CC [M]  drivers/gpu/drm/amd/amdgpu/../display/dc/link/hwss/link_hwss_dio_fixed_vs_pe_retimer.o
  CC [M]  drivers/gpu/drm/nouveau/nv17_fence.o
  CC [M]  drivers/gpu/drm/nouveau/nv50_fence.o
  CC [M]  drivers/gpu/drm/nouveau/nv84_fence.o
  CC [M]  drivers/gpu/drm/amd/amdgpu/../display/dc/link/hwss/link_hwss_hpo_fixed_vs_pe_retimer_dp.o
  CC [M]  drivers/gpu/drm/amd/amdgpu/../display/dc/link/protocols/link_hpd.o
  CC [M]  drivers/gpu/drm/nouveau/nvc0_fence.o
  CC [M]  drivers/gpu/drm/amd/amdgpu/../display/dc/link/protocols/link_ddc.o
  CC [M]  drivers/gpu/drm/amd/amdgpu/../display/dc/link/protocols/link_dpcd.o
  CC [M]  drivers/gpu/drm/amd/amdgpu/../display/dc/link/protocols/link_dp_dpia.o
  CC [M]  drivers/gpu/drm/amd/amdgpu/../display/dc/link/protocols/link_dp_training.o
  CC [M]  drivers/gpu/drm/amd/amdgpu/../display/dc/link/protocols/link_dp_training_8b_10b.o
  CC [M]  drivers/gpu/drm/amd/amdgpu/../display/dc/link/protocols/link_dp_training_128b_132b.o
  CC [M]  drivers/gpu/drm/amd/amdgpu/../display/dc/link/protocols/link_dp_training_dpia.o
  CC [M]  drivers/gpu/drm/amd/amdgpu/../display/dc/link/protocols/link_dp_training_auxless.o
  CC [M]  drivers/gpu/drm/amd/amdgpu/../display/dc/link/protocols/link_dp_training_fixed_vs_pe_retimer.o
  CC [M]  drivers/gpu/drm/amd/amdgpu/../display/dc/link/protocols/link_dp_phy.o
  CC [M]  drivers/gpu/drm/amd/amdgpu/../display/dc/link/protocols/link_dp_capability.o
  CC [M]  drivers/gpu/drm/amd/amdgpu/../display/dc/link/protocols/link_edp_panel_control.o
  CC [M]  drivers/gpu/drm/amd/amdgpu/../display/dc/link/protocols/link_dp_irq_handler.o
  CC [M]  drivers/gpu/drm/amd/amdgpu/../display/dc/link/protocols/link_dp_dpia_bw.o
  CC [M]  drivers/gpu/drm/amd/amdgpu/../display/dc/virtual/virtual_link_encoder.o
  CC [M]  drivers/gpu/drm/amd/amdgpu/../display/dc/virtual/virtual_stream_encoder.o
  CC [M]  drivers/gpu/drm/amd/amdgpu/../display/dc/virtual/virtual_link_hwss.o
  CC [M]  drivers/gpu/drm/amd/amdgpu/../display/dc/dsc/dc_dsc.o
  CC [M]  drivers/gpu/drm/amd/amdgpu/../display/dc/dsc/rc_calc.o
  CC [M]  drivers/gpu/drm/amd/amdgpu/../display/dc/dsc/rc_calc_dpi.o
  CC [M]  drivers/gpu/drm/amd/amdgpu/../display/dc/dcn20/dcn20_resource.o
  CC [M]  drivers/gpu/drm/amd/amdgpu/../display/dc/dcn20/dcn20_init.o
  CC [M]  drivers/gpu/drm/amd/amdgpu/../display/dc/dcn20/dcn20_hwseq.o
  CC [M]  drivers/gpu/drm/amd/amdgpu/../display/dc/dcn20/dcn20_dpp.o
  CC [M]  drivers/gpu/drm/amd/amdgpu/../display/dc/dcn20/dcn20_dpp_cm.o
  CC [M]  drivers/gpu/drm/amd/amdgpu/../display/dc/dcn20/dcn20_hubp.o
  CC [M]  drivers/gpu/drm/amd/amdgpu/../display/dc/dcn20/dcn20_mpc.o
  CC [M]  drivers/gpu/drm/amd/amdgpu/../display/dc/dcn20/dcn20_opp.o
  CC [M]  drivers/gpu/drm/amd/amdgpu/../display/dc/dcn20/dcn20_hubbub.o
  LD [M]  drivers/gpu/drm/nouveau/nouveau.o
  CC [M]  drivers/gpu/drm/amd/amdgpu/../display/dc/dcn20/dcn20_optc.o
  CC [M]  drivers/gpu/drm/amd/amdgpu/../display/dc/dcn20/dcn20_mmhubbub.o
  CC [M]  drivers/gpu/drm/amd/amdgpu/../display/dc/dcn20/dcn20_stream_encoder.o
  CC [M]  drivers/gpu/drm/amd/amdgpu/../display/dc/dcn20/dcn20_link_encoder.o
  CC [M]  drivers/gpu/drm/amd/amdgpu/../display/dc/dcn20/dcn20_dccg.o
  CC [M]  drivers/gpu/drm/amd/amdgpu/../display/dc/dcn20/dcn20_vmid.o
  CC [M]  drivers/gpu/drm/amd/amdgpu/../display/dc/dcn20/dcn20_dwb.o
  CC [M]  drivers/gpu/drm/amd/amdgpu/../display/dc/dcn20/dcn20_dwb_scl.o
  CC [M]  drivers/gpu/drm/amd/amdgpu/../display/dc/dcn20/dcn20_dsc.o
  CC [M]  drivers/gpu/drm/amd/amdgpu/../display/dc/dcn10/dcn10_init.o
  CC [M]  drivers/gpu/drm/amd/amdgpu/../display/dc/dcn10/dcn10_resource.o
  CC [M]  drivers/gpu/drm/amd/amdgpu/../display/dc/dcn10/dcn10_ipp.o
  CC [M]  drivers/gpu/drm/amd/amdgpu/../display/dc/dcn10/dcn10_hw_sequencer.o
  CC [M]  drivers/gpu/drm/amd/amdgpu/../display/dc/dcn10/dcn10_hw_sequencer_debug.o
  CC [M]  drivers/gpu/drm/amd/amdgpu/../display/dc/dcn10/dcn10_dpp.o
  CC [M]  drivers/gpu/drm/amd/amdgpu/../display/dc/dcn10/dcn10_opp.o
  CC [M]  drivers/gpu/drm/amd/amdgpu/../display/dc/dcn10/dcn10_optc.o
  CC [M]  drivers/gpu/drm/amd/amdgpu/../display/dc/dcn10/dcn10_hubp.o
  CC [M]  drivers/gpu/drm/amd/amdgpu/../display/dc/dcn10/dcn10_mpc.o
  CC [M]  drivers/gpu/drm/amd/amdgpu/../display/dc/dcn10/dcn10_dpp_dscl.o
  CC [M]  drivers/gpu/drm/amd/amdgpu/../display/dc/dcn10/dcn10_dpp_cm.o
  CC [M]  drivers/gpu/drm/amd/amdgpu/../display/dc/dcn10/dcn10_cm_common.o
  CC [M]  drivers/gpu/drm/amd/amdgpu/../display/dc/dcn10/dcn10_hubbub.o
  CC [M]  drivers/gpu/drm/amd/amdgpu/../display/dc/dcn10/dcn10_stream_encoder.o
  CC [M]  drivers/gpu/drm/amd/amdgpu/../display/dc/dcn10/dcn10_link_encoder.o
  CC [M]  drivers/gpu/drm/amd/amdgpu/../display/dc/dcn21/dcn21_init.o
  CC [M]  drivers/gpu/drm/amd/amdgpu/../display/dc/dcn21/dcn21_hubp.o
  CC [M]  drivers/gpu/drm/amd/amdgpu/../display/dc/dcn21/dcn21_hubbub.o
  CC [M]  drivers/gpu/drm/amd/amdgpu/../display/dc/dcn21/dcn21_resource.o
  CC [M]  drivers/gpu/drm/amd/amdgpu/../display/dc/dcn21/dcn21_hwseq.o
  CC [M]  drivers/gpu/drm/amd/amdgpu/../display/dc/dcn21/dcn21_link_encoder.o
  CC [M]  drivers/gpu/drm/amd/amdgpu/../display/dc/dcn21/dcn21_dccg.o
  CC [M]  drivers/gpu/drm/amd/amdgpu/../display/dc/dcn201/dcn201_init.o
  CC [M]  drivers/gpu/drm/amd/amdgpu/../display/dc/dcn201/dcn201_resource.o
  CC [M]  drivers/gpu/drm/amd/amdgpu/../display/dc/dcn201/dcn201_hwseq.o
  CC [M]  drivers/gpu/drm/amd/amdgpu/../display/dc/dcn201/dcn201_hubbub.o
  CC [M]  drivers/gpu/drm/amd/amdgpu/../display/dc/dcn201/dcn201_mpc.o
  CC [M]  drivers/gpu/drm/amd/amdgpu/../display/dc/dcn201/dcn201_hubp.o
  CC [M]  drivers/gpu/drm/amd/amdgpu/../display/dc/dcn201/dcn201_opp.o
  CC [M]  drivers/gpu/drm/amd/amdgpu/../display/dc/dcn201/dcn201_optc.o
  CC [M]  drivers/gpu/drm/amd/amdgpu/../display/dc/dcn201/dcn201_dpp.o
  CC [M]  drivers/gpu/drm/amd/amdgpu/../display/dc/dcn201/dcn201_dccg.o
  CC [M]  drivers/gpu/drm/amd/amdgpu/../display/dc/dcn201/dcn201_link_encoder.o
  CC [M]  drivers/gpu/drm/amd/amdgpu/../display/dc/dcn30/dcn30_init.o
  CC [M]  drivers/gpu/drm/amd/amdgpu/../display/dc/dcn30/dcn30_hubbub.o
  CC [M]  drivers/gpu/drm/amd/amdgpu/../display/dc/dcn30/dcn30_hubp.o
  CC [M]  drivers/gpu/drm/amd/amdgpu/../display/dc/dcn30/dcn30_dpp.o
  CC [M]  drivers/gpu/drm/amd/amdgpu/../display/dc/dcn30/dcn30_optc.o
  CC [M]  drivers/gpu/drm/amd/amdgpu/../display/dc/dcn30/dcn30_dccg.o
  CC [M]  drivers/gpu/drm/amd/amdgpu/../display/dc/dcn30/dcn30_hwseq.o
  CC [M]  drivers/gpu/drm/amd/amdgpu/../display/dc/dcn30/dcn30_mpc.o
  CC [M]  drivers/gpu/drm/amd/amdgpu/../display/dc/dcn30/dcn30_vpg.o
  CC [M]  drivers/gpu/drm/amd/amdgpu/../display/dc/dcn30/dcn30_afmt.o
  CC [M]  drivers/gpu/drm/amd/amdgpu/../display/dc/dcn30/dcn30_dio_stream_encoder.o
  CC [M]  drivers/gpu/drm/amd/amdgpu/../display/dc/dcn30/dcn30_dwb.o
  CC [M]  drivers/gpu/drm/amd/amdgpu/../display/dc/dcn30/dcn30_dpp_cm.o
  CC [M]  drivers/gpu/drm/amd/amdgpu/../display/dc/dcn30/dcn30_dwb_cm.o
  CC [M]  drivers/gpu/drm/amd/amdgpu/../display/dc/dcn30/dcn30_cm_common.o
  CC [M]  drivers/gpu/drm/amd/amdgpu/../display/dc/dcn30/dcn30_mmhubbub.o
  CC [M]  drivers/gpu/drm/amd/amdgpu/../display/dc/dcn30/dcn30_resource.o
  CC [M]  drivers/gpu/drm/amd/amdgpu/../display/dc/dcn30/dcn30_dio_link_encoder.o
  CC [M]  drivers/gpu/drm/amd/amdgpu/../display/dc/dcn301/dcn301_init.o
  CC [M]  drivers/gpu/drm/amd/amdgpu/../display/dc/dcn301/dcn301_resource.o
  CC [M]  drivers/gpu/drm/amd/amdgpu/../display/dc/dcn301/dcn301_dccg.o
  CC [M]  drivers/gpu/drm/amd/amdgpu/../display/dc/dcn301/dcn301_dio_link_encoder.o
  CC [M]  drivers/gpu/drm/amd/amdgpu/../display/dc/dcn301/dcn301_hwseq.o
  CC [M]  drivers/gpu/drm/amd/amdgpu/../display/dc/dcn301/dcn301_panel_cntl.o
  CC [M]  drivers/gpu/drm/amd/amdgpu/../display/dc/dcn301/dcn301_hubbub.o
  CC [M]  drivers/gpu/drm/amd/amdgpu/../display/dc/dcn301/dcn301_optc.o
  CC [M]  drivers/gpu/drm/amd/amdgpu/../display/dc/dcn302/dcn302_init.o
  CC [M]  drivers/gpu/drm/amd/amdgpu/../display/dc/dcn302/dcn302_hwseq.o
  CC [M]  drivers/gpu/drm/amd/amdgpu/../display/dc/dcn302/dcn302_resource.o
  CC [M]  drivers/gpu/drm/amd/amdgpu/../display/dc/dcn303/dcn303_init.o
  CC [M]  drivers/gpu/drm/amd/amdgpu/../display/dc/dcn303/dcn303_hwseq.o
  CC [M]  drivers/gpu/drm/amd/amdgpu/../display/dc/dcn303/dcn303_resource.o
  CC [M]  drivers/gpu/drm/amd/amdgpu/../display/dc/dcn31/dcn31_resource.o
  CC [M]  drivers/gpu/drm/amd/amdgpu/../display/dc/dcn31/dcn31_hubbub.o
  CC [M]  drivers/gpu/drm/amd/amdgpu/../display/dc/dcn31/dcn31_hwseq.o
  CC [M]  drivers/gpu/drm/amd/amdgpu/../display/dc/dcn31/dcn31_init.o
  CC [M]  drivers/gpu/drm/amd/amdgpu/../display/dc/dcn31/dcn31_hubp.o
  CC [M]  drivers/gpu/drm/amd/amdgpu/../display/dc/dcn31/dcn31_dccg.o
  CC [M]  drivers/gpu/drm/amd/amdgpu/../display/dc/dcn31/dcn31_optc.o
  CC [M]  drivers/gpu/drm/amd/amdgpu/../display/dc/dcn31/dcn31_dio_link_encoder.o
  CC [M]  drivers/gpu/drm/amd/amdgpu/../display/dc/dcn31/dcn31_panel_cntl.o
  CC [M]  drivers/gpu/drm/amd/amdgpu/../display/dc/dcn31/dcn31_apg.o
  CC [M]  drivers/gpu/drm/amd/amdgpu/../display/dc/dcn31/dcn31_hpo_dp_stream_encoder.o
  CC [M]  drivers/gpu/drm/amd/amdgpu/../display/dc/dcn31/dcn31_hpo_dp_link_encoder.o
  CC [M]  drivers/gpu/drm/amd/amdgpu/../display/dc/dcn31/dcn31_afmt.o
  CC [M]  drivers/gpu/drm/amd/amdgpu/../display/dc/dcn31/dcn31_vpg.o
  CC [M]  drivers/gpu/drm/amd/amdgpu/../display/dc/dcn314/dcn314_resource.o
  CC [M]  drivers/gpu/drm/amd/amdgpu/../display/dc/dcn314/dcn314_hwseq.o
  CC [M]  drivers/gpu/drm/amd/amdgpu/../display/dc/dcn314/dcn314_init.o
  CC [M]  drivers/gpu/drm/amd/amdgpu/../display/dc/dcn314/dcn314_dio_stream_encoder.o
  CC [M]  drivers/gpu/drm/amd/amdgpu/../display/dc/dcn314/dcn314_dccg.o
  CC [M]  drivers/gpu/drm/amd/amdgpu/../display/dc/dcn314/dcn314_optc.o
  CC [M]  drivers/gpu/drm/amd/amdgpu/../display/dc/dcn315/dcn315_resource.o
  CC [M]  drivers/gpu/drm/amd/amdgpu/../display/dc/dcn316/dcn316_resource.o
  CC [M]  drivers/gpu/drm/amd/amdgpu/../display/dc/dcn32/dcn32_resource.o
  CC [M]  drivers/gpu/drm/amd/amdgpu/../display/dc/dcn32/dcn32_hubbub.o
  CC [M]  drivers/gpu/drm/amd/amdgpu/../display/dc/dcn32/dcn32_hwseq.o
  CC [M]  drivers/gpu/drm/amd/amdgpu/../display/dc/dcn32/dcn32_init.o
  CC [M]  drivers/gpu/drm/amd/amdgpu/../display/dc/dcn32/dcn32_dccg.o
  CC [M]  drivers/gpu/drm/amd/amdgpu/../display/dc/dcn32/dcn32_optc.o
  CC [M]  drivers/gpu/drm/amd/amdgpu/../display/dc/dcn32/dcn32_mmhubbub.o
  CC [M]  drivers/gpu/drm/amd/amdgpu/../display/dc/dcn32/dcn32_hubp.o
  CC [M]  drivers/gpu/drm/amd/amdgpu/../display/dc/dcn32/dcn32_dpp.o
  CC [M]  drivers/gpu/drm/amd/amdgpu/../display/dc/dcn32/dcn32_dio_stream_encoder.o
  CC [M]  drivers/gpu/drm/amd/amdgpu/../display/dc/dcn32/dcn32_dio_link_encoder.o
  CC [M]  drivers/gpu/drm/amd/amdgpu/../display/dc/dcn32/dcn32_hpo_dp_link_encoder.o
  CC [M]  drivers/gpu/drm/amd/amdgpu/../display/dc/dcn32/dcn32_resource_helpers.o
  CC [M]  drivers/gpu/drm/amd/amdgpu/../display/dc/dcn32/dcn32_mpc.o
  CC [M]  drivers/gpu/drm/amd/amdgpu/../display/dc/dcn321/dcn321_resource.o
  CC [M]  drivers/gpu/drm/amd/amdgpu/../display/dc/dcn321/dcn321_dio_link_encoder.o
  CC [M]  drivers/gpu/drm/amd/amdgpu/../display/dc/dce120/dce120_resource.o
  CC [M]  drivers/gpu/drm/amd/amdgpu/../display/dc/dce120/dce120_timing_generator.o
  CC [M]  drivers/gpu/drm/amd/amdgpu/../display/dc/dce120/dce120_hw_sequencer.o
  CC [M]  drivers/gpu/drm/amd/amdgpu/../display/dc/dce112/dce112_compressor.o
  CC [M]  drivers/gpu/drm/amd/amdgpu/../display/dc/dce112/dce112_hw_sequencer.o
  CC [M]  drivers/gpu/drm/amd/amdgpu/../display/dc/dce112/dce112_resource.o
  CC [M]  drivers/gpu/drm/amd/amdgpu/../display/dc/dce110/dce110_timing_generator.o
  CC [M]  drivers/gpu/drm/amd/amdgpu/../display/dc/dce110/dce110_compressor.o
  CC [M]  drivers/gpu/drm/amd/amdgpu/../display/dc/dce110/dce110_hw_sequencer.o
  CC [M]  drivers/gpu/drm/amd/amdgpu/../display/dc/dce110/dce110_resource.o
  CC [M]  drivers/gpu/drm/amd/amdgpu/../display/dc/dce110/dce110_opp_regamma_v.o
  CC [M]  drivers/gpu/drm/amd/amdgpu/../display/dc/dce110/dce110_opp_csc_v.o
  CC [M]  drivers/gpu/drm/amd/amdgpu/../display/dc/dce110/dce110_timing_generator_v.o
  CC [M]  drivers/gpu/drm/amd/amdgpu/../display/dc/dce110/dce110_mem_input_v.o
  CC [M]  drivers/gpu/drm/amd/amdgpu/../display/dc/dce110/dce110_opp_v.o
  CC [M]  drivers/gpu/drm/amd/amdgpu/../display/dc/dce110/dce110_transform_v.o
  CC [M]  drivers/gpu/drm/amd/amdgpu/../display/dc/dce100/dce100_resource.o
  CC [M]  drivers/gpu/drm/amd/amdgpu/../display/dc/dce100/dce100_hw_sequencer.o
  CC [M]  drivers/gpu/drm/amd/amdgpu/../display/dc/dce80/dce80_timing_generator.o
  CC [M]  drivers/gpu/drm/amd/amdgpu/../display/dc/dce80/dce80_hw_sequencer.o
  CC [M]  drivers/gpu/drm/amd/amdgpu/../display/dc/dce80/dce80_resource.o
  CC [M]  drivers/gpu/drm/amd/amdgpu/../display/dc/dce60/dce60_timing_generator.o
  CC [M]  drivers/gpu/drm/amd/amdgpu/../display/dc/dce60/dce60_hw_sequencer.o
  CC [M]  drivers/gpu/drm/amd/amdgpu/../display/dc/dce60/dce60_resource.o
  CC [M]  drivers/gpu/drm/amd/amdgpu/../display/dc/hdcp/hdcp_msg.o
  CC [M]  drivers/gpu/drm/amd/amdgpu/../display/dc/core/dc.o
  CC [M]  drivers/gpu/drm/amd/amdgpu/../display/dc/core/dc_stat.o
  CC [M]  drivers/gpu/drm/amd/amdgpu/../display/dc/core/dc_resource.o
  CC [M]  drivers/gpu/drm/amd/amdgpu/../display/dc/core/dc_hw_sequencer.o
  CC [M]  drivers/gpu/drm/amd/amdgpu/../display/dc/core/dc_sink.o
  CC [M]  drivers/gpu/drm/amd/amdgpu/../display/dc/core/dc_surface.o
  CC [M]  drivers/gpu/drm/amd/amdgpu/../display/dc/core/dc_debug.o
  CC [M]  drivers/gpu/drm/amd/amdgpu/../display/dc/core/dc_stream.o
  CC [M]  drivers/gpu/drm/amd/amdgpu/../display/dc/core/dc_link_enc_cfg.o
  CC [M]  drivers/gpu/drm/amd/amdgpu/../display/dc/core/dc_link_exports.o
  CC [M]  drivers/gpu/drm/amd/amdgpu/../display/dc/core/dc_vm_helper.o
  CC [M]  drivers/gpu/drm/amd/amdgpu/../display/dc/dc_helper.o
  CC [M]  drivers/gpu/drm/amd/amdgpu/../display/dc/dc_dmub_srv.o
  CC [M]  drivers/gpu/drm/amd/amdgpu/../display/dc/dc_edid_parser.o
  CC [M]  drivers/gpu/drm/amd/amdgpu/../display/modules/freesync/freesync.o
  CC [M]  drivers/gpu/drm/amd/amdgpu/../display/modules/color/color_gamma.o
  CC [M]  drivers/gpu/drm/amd/amdgpu/../display/modules/color/color_table.o
  CC [M]  drivers/gpu/drm/amd/amdgpu/../display/modules/info_packet/info_packet.o
  CC [M]  drivers/gpu/drm/amd/amdgpu/../display/modules/power/power_helpers.o
  CC [M]  drivers/gpu/drm/amd/amdgpu/../display/dmub/src/dmub_srv.o
  CC [M]  drivers/gpu/drm/amd/amdgpu/../display/dmub/src/dmub_srv_stat.o
  CC [M]  drivers/gpu/drm/amd/amdgpu/../display/dmub/src/dmub_reg.o
  CC [M]  drivers/gpu/drm/amd/amdgpu/../display/dmub/src/dmub_dcn20.o
  CC [M]  drivers/gpu/drm/amd/amdgpu/../display/dmub/src/dmub_dcn21.o
  CC [M]  drivers/gpu/drm/amd/amdgpu/../display/dmub/src/dmub_dcn30.o
  CC [M]  drivers/gpu/drm/amd/amdgpu/../display/dmub/src/dmub_dcn301.o
  CC [M]  drivers/gpu/drm/amd/amdgpu/../display/dmub/src/dmub_dcn302.o
  CC [M]  drivers/gpu/drm/amd/amdgpu/../display/dmub/src/dmub_dcn303.o
  CC [M]  drivers/gpu/drm/amd/amdgpu/../display/dmub/src/dmub_dcn31.o
  CC [M]  drivers/gpu/drm/amd/amdgpu/../display/dmub/src/dmub_dcn314.o
  CC [M]  drivers/gpu/drm/amd/amdgpu/../display/dmub/src/dmub_dcn315.o
  CC [M]  drivers/gpu/drm/amd/amdgpu/../display/dmub/src/dmub_dcn316.o
  CC [M]  drivers/gpu/drm/amd/amdgpu/../display/dmub/src/dmub_dcn32.o
  CC [M]  drivers/gpu/drm/amd/amdgpu/../display/modules/hdcp/hdcp_ddc.o
  CC [M]  drivers/gpu/drm/amd/amdgpu/../display/modules/hdcp/hdcp_log.o
  CC [M]  drivers/gpu/drm/amd/amdgpu/../display/modules/hdcp/hdcp_psp.o
  CC [M]  drivers/gpu/drm/amd/amdgpu/../display/modules/hdcp/hdcp.o
  CC [M]  drivers/gpu/drm/amd/amdgpu/../display/modules/hdcp/hdcp1_execution.o
  CC [M]  drivers/gpu/drm/amd/amdgpu/../display/modules/hdcp/hdcp1_transition.o
  CC [M]  drivers/gpu/drm/amd/amdgpu/../display/modules/hdcp/hdcp2_execution.o
  CC [M]  drivers/gpu/drm/amd/amdgpu/../display/modules/hdcp/hdcp2_transition.o
  LD [M]  drivers/gpu/drm/amd/amdgpu/amdgpu.o
  AR      drivers/gpu/built-in.a
  AR      drivers/built-in.a
